c4164b5d-7769-449b-a086-600474dcd00b	{"id":"c4164b5d-7769-449b-a086-600474dcd00b","link":"users/ef676db9-d231-479a-aa91-f65eb4b17872","text":"Note number 1 for ef676db9-d231-479a-aa91-f65eb4b17872","metadata":{"createdDate":"2018-04-26T19:31:00.794Z","createdByUserId":"ef676db9-d231-479a-aa91-f65eb4b17872"}}
3e713da1-be5b-4ac8-93e3-a4803e495c4e	{"id":"3e713da1-be5b-4ac8-93e3-a4803e495c4e","link":"users/ef676db9-d231-479a-aa91-f65eb4b17872","text":"Note number 2 for ef676db9-d231-479a-aa91-f65eb4b17872","metadata":{"createdDate":"2018-04-26T19:31:00.802Z","createdByUserId":"ef676db9-d231-479a-aa91-f65eb4b17872"}}
b0a971fa-9a21-42fc-8917-f40b54a2fb02	{"id":"b0a971fa-9a21-42fc-8917-f40b54a2fb02","link":"users/ef676db9-d231-479a-aa91-f65eb4b17872","text":"Note number 3 for ef676db9-d231-479a-aa91-f65eb4b17872","metadata":{"createdDate":"2018-04-26T19:31:00.803Z","createdByUserId":"ef676db9-d231-479a-aa91-f65eb4b17872"}}
5a98d40e-8f4d-4525-8d54-ff55fc3a15b4	{"id":"5a98d40e-8f4d-4525-8d54-ff55fc3a15b4","link":"users/ef676db9-d231-479a-aa91-f65eb4b17872","text":"Note number 4 for ef676db9-d231-479a-aa91-f65eb4b17872","metadata":{"createdDate":"2018-04-26T19:31:00.803Z","createdByUserId":"ef676db9-d231-479a-aa91-f65eb4b17872"}}
426c5517-6397-413a-a95e-6aa71a797be9	{"id":"426c5517-6397-413a-a95e-6aa71a797be9","link":"users/9eda8815-5e5b-460f-9033-c9298fde5092","text":"Note number 1 for 9eda8815-5e5b-460f-9033-c9298fde5092","metadata":{"createdDate":"2018-04-26T19:31:00.803Z","createdByUserId":"ef676db9-d231-479a-aa91-f65eb4b17872"}}
be52d376-cd8c-4c58-a9d4-c9f9ed2a9b47	{"id":"be52d376-cd8c-4c58-a9d4-c9f9ed2a9b47","link":"users/5aebee66-76b2-4128-bac4-d22e02f99a8f","text":"Note number 1 for 5aebee66-76b2-4128-bac4-d22e02f99a8f","metadata":{"createdDate":"2018-04-26T19:31:00.803Z","createdByUserId":"ef676db9-d231-479a-aa91-f65eb4b17872"}}
81017d2c-53c8-4744-aa5c-62dda983a36c	{"id":"81017d2c-53c8-4744-aa5c-62dda983a36c","link":"users/5aebee66-76b2-4128-bac4-d22e02f99a8f","text":"Note number 2 for 5aebee66-76b2-4128-bac4-d22e02f99a8f","metadata":{"createdDate":"2018-04-26T19:31:00.803Z","createdByUserId":"ef676db9-d231-479a-aa91-f65eb4b17872"}}
5eda8f82-6cf6-4046-a61f-782e40730c1a	{"id":"5eda8f82-6cf6-4046-a61f-782e40730c1a","link":"users/5aebee66-76b2-4128-bac4-d22e02f99a8f","text":"Note number 3 for 5aebee66-76b2-4128-bac4-d22e02f99a8f","metadata":{"createdDate":"2018-04-26T19:31:00.803Z","createdByUserId":"ef676db9-d231-479a-aa91-f65eb4b17872"}}
a432430f-9937-427d-b4ef-a012e98c947a	{"id":"a432430f-9937-427d-b4ef-a012e98c947a","link":"users/5aebee66-76b2-4128-bac4-d22e02f99a8f","text":"Note number 4 for 5aebee66-76b2-4128-bac4-d22e02f99a8f","metadata":{"createdDate":"2018-04-26T19:31:00.803Z","createdByUserId":"ef676db9-d231-479a-aa91-f65eb4b17872"}}
e21dccf0-dc1d-406e-9d9b-176a9b47fb45	{"id":"e21dccf0-dc1d-406e-9d9b-176a9b47fb45","link":"users/5aebee66-76b2-4128-bac4-d22e02f99a8f","text":"Note number 5 for 5aebee66-76b2-4128-bac4-d22e02f99a8f","metadata":{"createdDate":"2018-04-26T19:31:00.803Z","createdByUserId":"ef676db9-d231-479a-aa91-f65eb4b17872"}}
13b0b6b3-9f39-4252-a1e5-adbd6c631f0c	{"id":"13b0b6b3-9f39-4252-a1e5-adbd6c631f0c","link":"users/5aebee66-76b2-4128-bac4-d22e02f99a8f","text":"Note number 6 for 5aebee66-76b2-4128-bac4-d22e02f99a8f","metadata":{"createdDate":"2018-04-26T19:31:00.803Z","createdByUserId":"ef676db9-d231-479a-aa91-f65eb4b17872"}}
1fa5dd93-6f60-470d-af09-ddea332038df	{"id":"1fa5dd93-6f60-470d-af09-ddea332038df","link":"users/5aebee66-76b2-4128-bac4-d22e02f99a8f","text":"Note number 7 for 5aebee66-76b2-4128-bac4-d22e02f99a8f","metadata":{"createdDate":"2018-04-26T19:31:00.803Z","createdByUserId":"ef676db9-d231-479a-aa91-f65eb4b17872"}}
e1fffbe1-d5d2-491e-a262-78ad0f1abec4	{"id":"e1fffbe1-d5d2-491e-a262-78ad0f1abec4","link":"users/5aebee66-76b2-4128-bac4-d22e02f99a8f","text":"Note number 8 for 5aebee66-76b2-4128-bac4-d22e02f99a8f","metadata":{"createdDate":"2018-04-26T19:31:00.803Z","createdByUserId":"ef676db9-d231-479a-aa91-f65eb4b17872"}}
59e4ce79-06fd-4de7-a4a7-1ee70dac0627	{"id":"59e4ce79-06fd-4de7-a4a7-1ee70dac0627","link":"users/5aebee66-76b2-4128-bac4-d22e02f99a8f","text":"Note number 9 for 5aebee66-76b2-4128-bac4-d22e02f99a8f","metadata":{"createdDate":"2018-04-26T19:31:00.803Z","createdByUserId":"ef676db9-d231-479a-aa91-f65eb4b17872"}}
77a777fe-3746-4587-a19e-22cd8c545544	{"id":"77a777fe-3746-4587-a19e-22cd8c545544","link":"users/38632ef8-73ce-424e-9882-1b9b4ccf96c1","text":"Note number 1 for 38632ef8-73ce-424e-9882-1b9b4ccf96c1","metadata":{"createdDate":"2018-04-26T19:31:00.803Z","createdByUserId":"ef676db9-d231-479a-aa91-f65eb4b17872"}}
df3ef465-5637-4e05-b356-90d41f4b712b	{"id":"df3ef465-5637-4e05-b356-90d41f4b712b","link":"users/38632ef8-73ce-424e-9882-1b9b4ccf96c1","text":"Note number 2 for 38632ef8-73ce-424e-9882-1b9b4ccf96c1","metadata":{"createdDate":"2018-04-26T19:31:00.803Z","createdByUserId":"ef676db9-d231-479a-aa91-f65eb4b17872"}}
d021c7ac-1bc7-40e8-9532-95b98792e0fd	{"id":"d021c7ac-1bc7-40e8-9532-95b98792e0fd","link":"users/38632ef8-73ce-424e-9882-1b9b4ccf96c1","text":"Note number 3 for 38632ef8-73ce-424e-9882-1b9b4ccf96c1","metadata":{"createdDate":"2018-04-26T19:31:00.803Z","createdByUserId":"ef676db9-d231-479a-aa91-f65eb4b17872"}}
3733417f-a9cd-471c-b3b1-ca9b3b56ae17	{"id":"3733417f-a9cd-471c-b3b1-ca9b3b56ae17","link":"users/38632ef8-73ce-424e-9882-1b9b4ccf96c1","text":"Note number 4 for 38632ef8-73ce-424e-9882-1b9b4ccf96c1","metadata":{"createdDate":"2018-04-26T19:31:00.803Z","createdByUserId":"ef676db9-d231-479a-aa91-f65eb4b17872"}}
439ab9e4-f691-49ab-9b11-e0bd4a56528b	{"id":"439ab9e4-f691-49ab-9b11-e0bd4a56528b","link":"users/38632ef8-73ce-424e-9882-1b9b4ccf96c1","text":"Note number 5 for 38632ef8-73ce-424e-9882-1b9b4ccf96c1","metadata":{"createdDate":"2018-04-26T19:31:00.803Z","createdByUserId":"ef676db9-d231-479a-aa91-f65eb4b17872"}}
f176eb81-96fa-4f61-8b41-2410d9e329a3	{"id":"f176eb81-96fa-4f61-8b41-2410d9e329a3","link":"users/38632ef8-73ce-424e-9882-1b9b4ccf96c1","text":"Note number 6 for 38632ef8-73ce-424e-9882-1b9b4ccf96c1","metadata":{"createdDate":"2018-04-26T19:31:00.803Z","createdByUserId":"ef676db9-d231-479a-aa91-f65eb4b17872"}}
21621618-e97c-4340-954f-3d8665479085	{"id":"21621618-e97c-4340-954f-3d8665479085","link":"users/168846e4-4acd-4774-9070-6e0d845f5678","text":"Note number 1 for 168846e4-4acd-4774-9070-6e0d845f5678","metadata":{"createdDate":"2018-04-26T19:31:00.803Z","createdByUserId":"ef676db9-d231-479a-aa91-f65eb4b17872"}}
608714fd-90d9-4ee2-b21e-752080c315d7	{"id":"608714fd-90d9-4ee2-b21e-752080c315d7","link":"users/168846e4-4acd-4774-9070-6e0d845f5678","text":"Note number 2 for 168846e4-4acd-4774-9070-6e0d845f5678","metadata":{"createdDate":"2018-04-26T19:31:00.803Z","createdByUserId":"ef676db9-d231-479a-aa91-f65eb4b17872"}}
e788b6c3-f243-4091-876a-d6511e675a49	{"id":"e788b6c3-f243-4091-876a-d6511e675a49","link":"users/168846e4-4acd-4774-9070-6e0d845f5678","text":"Note number 3 for 168846e4-4acd-4774-9070-6e0d845f5678","metadata":{"createdDate":"2018-04-26T19:31:00.803Z","createdByUserId":"ef676db9-d231-479a-aa91-f65eb4b17872"}}
cfd86688-d541-4774-a54c-cb71bf8cd590	{"id":"cfd86688-d541-4774-a54c-cb71bf8cd590","link":"users/168846e4-4acd-4774-9070-6e0d845f5678","text":"Note number 4 for 168846e4-4acd-4774-9070-6e0d845f5678","metadata":{"createdDate":"2018-04-26T19:31:00.803Z","createdByUserId":"ef676db9-d231-479a-aa91-f65eb4b17872"}}
0e60327f-cbbd-4d58-bfd9-e86508391f66	{"id":"0e60327f-cbbd-4d58-bfd9-e86508391f66","link":"users/168846e4-4acd-4774-9070-6e0d845f5678","text":"Note number 5 for 168846e4-4acd-4774-9070-6e0d845f5678","metadata":{"createdDate":"2018-04-26T19:31:00.803Z","createdByUserId":"ef676db9-d231-479a-aa91-f65eb4b17872"}}
1c770756-245e-41dd-bc56-8435ad3a38ce	{"id":"1c770756-245e-41dd-bc56-8435ad3a38ce","link":"users/168846e4-4acd-4774-9070-6e0d845f5678","text":"Note number 6 for 168846e4-4acd-4774-9070-6e0d845f5678","metadata":{"createdDate":"2018-04-26T19:31:00.803Z","createdByUserId":"ef676db9-d231-479a-aa91-f65eb4b17872"}}
2115a029-8579-4fcd-acd0-49a70a0b8901	{"id":"2115a029-8579-4fcd-acd0-49a70a0b8901","link":"users/168846e4-4acd-4774-9070-6e0d845f5678","text":"Note number 7 for 168846e4-4acd-4774-9070-6e0d845f5678","metadata":{"createdDate":"2018-04-26T19:31:00.803Z","createdByUserId":"ef676db9-d231-479a-aa91-f65eb4b17872"}}
9eb61e83-2cdb-492c-b8d2-e392753a26d4	{"id":"9eb61e83-2cdb-492c-b8d2-e392753a26d4","link":"users/168846e4-4acd-4774-9070-6e0d845f5678","text":"Note number 8 for 168846e4-4acd-4774-9070-6e0d845f5678","metadata":{"createdDate":"2018-04-26T19:31:00.803Z","createdByUserId":"ef676db9-d231-479a-aa91-f65eb4b17872"}}
876454ac-679d-469f-997f-c926e6cdeab4	{"id":"876454ac-679d-469f-997f-c926e6cdeab4","link":"users/168846e4-4acd-4774-9070-6e0d845f5678","text":"Note number 9 for 168846e4-4acd-4774-9070-6e0d845f5678","metadata":{"createdDate":"2018-04-26T19:31:00.803Z","createdByUserId":"ef676db9-d231-479a-aa91-f65eb4b17872"}}
b4344c40-3130-45e4-ba26-f4b67530b481	{"id":"b4344c40-3130-45e4-ba26-f4b67530b481","link":"users/38c34823-6c8d-4340-aee4-75a7ff524466","text":"Note number 1 for 38c34823-6c8d-4340-aee4-75a7ff524466","metadata":{"createdDate":"2018-04-26T19:31:00.804Z","createdByUserId":"ef676db9-d231-479a-aa91-f65eb4b17872"}}
2b84070a-5f7e-4179-8b36-8258c9a0bd2c	{"id":"2b84070a-5f7e-4179-8b36-8258c9a0bd2c","link":"users/38c34823-6c8d-4340-aee4-75a7ff524466","text":"Note number 2 for 38c34823-6c8d-4340-aee4-75a7ff524466","metadata":{"createdDate":"2018-04-26T19:31:00.804Z","createdByUserId":"ef676db9-d231-479a-aa91-f65eb4b17872"}}
51420354-e4ac-4d54-a28f-0d0c4c7cdf4e	{"id":"51420354-e4ac-4d54-a28f-0d0c4c7cdf4e","link":"users/38c34823-6c8d-4340-aee4-75a7ff524466","text":"Note number 3 for 38c34823-6c8d-4340-aee4-75a7ff524466","metadata":{"createdDate":"2018-04-26T19:31:00.804Z","createdByUserId":"ef676db9-d231-479a-aa91-f65eb4b17872"}}
da07b15b-30e2-4fd2-b41b-afb51402f8d2	{"id":"da07b15b-30e2-4fd2-b41b-afb51402f8d2","link":"users/38c34823-6c8d-4340-aee4-75a7ff524466","text":"Note number 4 for 38c34823-6c8d-4340-aee4-75a7ff524466","metadata":{"createdDate":"2018-04-26T19:31:00.804Z","createdByUserId":"ef676db9-d231-479a-aa91-f65eb4b17872"}}
effaf94a-7d3e-4ac9-bee3-a78bac7d87fe	{"id":"effaf94a-7d3e-4ac9-bee3-a78bac7d87fe","link":"users/38c34823-6c8d-4340-aee4-75a7ff524466","text":"Note number 5 for 38c34823-6c8d-4340-aee4-75a7ff524466","metadata":{"createdDate":"2018-04-26T19:31:00.804Z","createdByUserId":"ef676db9-d231-479a-aa91-f65eb4b17872"}}
9a8d74b2-b3af-4fec-ad0d-9b7f1a287420	{"id":"9a8d74b2-b3af-4fec-ad0d-9b7f1a287420","link":"users/38c34823-6c8d-4340-aee4-75a7ff524466","text":"Note number 6 for 38c34823-6c8d-4340-aee4-75a7ff524466","metadata":{"createdDate":"2018-04-26T19:31:00.804Z","createdByUserId":"ef676db9-d231-479a-aa91-f65eb4b17872"}}
56a38d5e-f7c1-468d-b8b1-0c8007ce8867	{"id":"56a38d5e-f7c1-468d-b8b1-0c8007ce8867","link":"users/4ed1a4ca-9077-40a9-a48f-e46c77258ff3","text":"Note number 1 for 4ed1a4ca-9077-40a9-a48f-e46c77258ff3","metadata":{"createdDate":"2018-04-26T19:31:00.804Z","createdByUserId":"ef676db9-d231-479a-aa91-f65eb4b17872"}}
e3babca0-4a23-4dd3-97de-f0dc0445a761	{"id":"e3babca0-4a23-4dd3-97de-f0dc0445a761","link":"users/4ed1a4ca-9077-40a9-a48f-e46c77258ff3","text":"Note number 2 for 4ed1a4ca-9077-40a9-a48f-e46c77258ff3","metadata":{"createdDate":"2018-04-26T19:31:00.804Z","createdByUserId":"ef676db9-d231-479a-aa91-f65eb4b17872"}}
1f44bec9-bd1c-496b-b914-e0f52c4859f7	{"id":"1f44bec9-bd1c-496b-b914-e0f52c4859f7","link":"users/4ed1a4ca-9077-40a9-a48f-e46c77258ff3","text":"Note number 3 for 4ed1a4ca-9077-40a9-a48f-e46c77258ff3","metadata":{"createdDate":"2018-04-26T19:31:00.804Z","createdByUserId":"ef676db9-d231-479a-aa91-f65eb4b17872"}}
836b9623-adfd-4760-8e85-eb6c00cc72d9	{"id":"836b9623-adfd-4760-8e85-eb6c00cc72d9","link":"users/4ed1a4ca-9077-40a9-a48f-e46c77258ff3","text":"Note number 4 for 4ed1a4ca-9077-40a9-a48f-e46c77258ff3","metadata":{"createdDate":"2018-04-26T19:31:00.804Z","createdByUserId":"ef676db9-d231-479a-aa91-f65eb4b17872"}}
708abbf5-7bd0-48b8-8902-5e4e68148809	{"id":"708abbf5-7bd0-48b8-8902-5e4e68148809","link":"users/4ed1a4ca-9077-40a9-a48f-e46c77258ff3","text":"Note number 5 for 4ed1a4ca-9077-40a9-a48f-e46c77258ff3","metadata":{"createdDate":"2018-04-26T19:31:00.804Z","createdByUserId":"ef676db9-d231-479a-aa91-f65eb4b17872"}}
2ecb5eee-a846-41a9-af92-26a5311e1184	{"id":"2ecb5eee-a846-41a9-af92-26a5311e1184","link":"users/9ea9c6fe-9b7e-4327-89d5-22fdcee0a102","text":"Note number 1 for 9ea9c6fe-9b7e-4327-89d5-22fdcee0a102","metadata":{"createdDate":"2018-04-26T19:31:00.804Z","createdByUserId":"ef676db9-d231-479a-aa91-f65eb4b17872"}}
f308b073-c603-4dfb-8170-b513e25652e7	{"id":"f308b073-c603-4dfb-8170-b513e25652e7","link":"users/93265109-a440-48a1-84c5-a1bca5c5b6db","text":"Note number 1 for 93265109-a440-48a1-84c5-a1bca5c5b6db","metadata":{"createdDate":"2018-04-26T19:31:00.804Z","createdByUserId":"ef676db9-d231-479a-aa91-f65eb4b17872"}}
930f0ba0-f09b-402c-bbaa-d22cd6f7a8d2	{"id":"930f0ba0-f09b-402c-bbaa-d22cd6f7a8d2","link":"users/93265109-a440-48a1-84c5-a1bca5c5b6db","text":"Note number 2 for 93265109-a440-48a1-84c5-a1bca5c5b6db","metadata":{"createdDate":"2018-04-26T19:31:00.804Z","createdByUserId":"ef676db9-d231-479a-aa91-f65eb4b17872"}}
0ce3cfc5-82ef-46a3-81c0-097e5c9a9666	{"id":"0ce3cfc5-82ef-46a3-81c0-097e5c9a9666","link":"users/93265109-a440-48a1-84c5-a1bca5c5b6db","text":"Note number 3 for 93265109-a440-48a1-84c5-a1bca5c5b6db","metadata":{"createdDate":"2018-04-26T19:31:00.804Z","createdByUserId":"ef676db9-d231-479a-aa91-f65eb4b17872"}}
09bd12ed-97c4-49e9-be1f-5e733c1d6909	{"id":"09bd12ed-97c4-49e9-be1f-5e733c1d6909","link":"users/93265109-a440-48a1-84c5-a1bca5c5b6db","text":"Note number 4 for 93265109-a440-48a1-84c5-a1bca5c5b6db","metadata":{"createdDate":"2018-04-26T19:31:00.804Z","createdByUserId":"ef676db9-d231-479a-aa91-f65eb4b17872"}}
6b0f4b64-13f3-4daf-be25-230262c659a9	{"id":"6b0f4b64-13f3-4daf-be25-230262c659a9","link":"users/93265109-a440-48a1-84c5-a1bca5c5b6db","text":"Note number 5 for 93265109-a440-48a1-84c5-a1bca5c5b6db","metadata":{"createdDate":"2018-04-26T19:31:00.804Z","createdByUserId":"ef676db9-d231-479a-aa91-f65eb4b17872"}}
dd07481e-ca5b-41b9-86c3-c58b6c35227c	{"id":"dd07481e-ca5b-41b9-86c3-c58b6c35227c","link":"users/93265109-a440-48a1-84c5-a1bca5c5b6db","text":"Note number 6 for 93265109-a440-48a1-84c5-a1bca5c5b6db","metadata":{"createdDate":"2018-04-26T19:31:00.804Z","createdByUserId":"ef676db9-d231-479a-aa91-f65eb4b17872"}}
652344a5-3702-4eb6-8a75-7560ff0c51ca	{"id":"652344a5-3702-4eb6-8a75-7560ff0c51ca","link":"users/93265109-a440-48a1-84c5-a1bca5c5b6db","text":"Note number 7 for 93265109-a440-48a1-84c5-a1bca5c5b6db","metadata":{"createdDate":"2018-04-26T19:31:00.804Z","createdByUserId":"ef676db9-d231-479a-aa91-f65eb4b17872"}}
28f9714a-df3d-4b6b-aaf5-0f7f08599ee9	{"id":"28f9714a-df3d-4b6b-aaf5-0f7f08599ee9","link":"users/93265109-a440-48a1-84c5-a1bca5c5b6db","text":"Note number 8 for 93265109-a440-48a1-84c5-a1bca5c5b6db","metadata":{"createdDate":"2018-04-26T19:31:00.804Z","createdByUserId":"ef676db9-d231-479a-aa91-f65eb4b17872"}}
8aa91a34-eb8a-450a-b9f4-5946c0211672	{"id":"8aa91a34-eb8a-450a-b9f4-5946c0211672","link":"users/93265109-a440-48a1-84c5-a1bca5c5b6db","text":"Note number 9 for 93265109-a440-48a1-84c5-a1bca5c5b6db","metadata":{"createdDate":"2018-04-26T19:31:00.804Z","createdByUserId":"ef676db9-d231-479a-aa91-f65eb4b17872"}}
63485b3f-ef97-4c07-9c12-ad28375150a4	{"id":"63485b3f-ef97-4c07-9c12-ad28375150a4","link":"users/93265109-a440-48a1-84c5-a1bca5c5b6db","text":"Note number 10 for 93265109-a440-48a1-84c5-a1bca5c5b6db","metadata":{"createdDate":"2018-04-26T19:31:00.804Z","createdByUserId":"ef676db9-d231-479a-aa91-f65eb4b17872"}}
d220da6a-0335-4319-ad5e-5197c109cb05	{"id":"d220da6a-0335-4319-ad5e-5197c109cb05","link":"users/e1e351f6-9c7e-46ed-b3d7-7e77d4ce65ac","text":"Note number 1 for e1e351f6-9c7e-46ed-b3d7-7e77d4ce65ac","metadata":{"createdDate":"2018-04-26T19:31:00.804Z","createdByUserId":"ef676db9-d231-479a-aa91-f65eb4b17872"}}
fce9a2ef-4556-4ee5-b82f-961a1c22364a	{"id":"fce9a2ef-4556-4ee5-b82f-961a1c22364a","link":"users/e1e351f6-9c7e-46ed-b3d7-7e77d4ce65ac","text":"Note number 2 for e1e351f6-9c7e-46ed-b3d7-7e77d4ce65ac","metadata":{"createdDate":"2018-04-26T19:31:00.804Z","createdByUserId":"ef676db9-d231-479a-aa91-f65eb4b17872"}}
562c60a9-0b60-4769-901f-0fb6124b96cd	{"id":"562c60a9-0b60-4769-901f-0fb6124b96cd","link":"users/e1e351f6-9c7e-46ed-b3d7-7e77d4ce65ac","text":"Note number 3 for e1e351f6-9c7e-46ed-b3d7-7e77d4ce65ac","metadata":{"createdDate":"2018-04-26T19:31:00.804Z","createdByUserId":"ef676db9-d231-479a-aa91-f65eb4b17872"}}
77bda55e-84ea-4d81-a2cb-0fad7ede8757	{"id":"77bda55e-84ea-4d81-a2cb-0fad7ede8757","link":"users/e1e351f6-9c7e-46ed-b3d7-7e77d4ce65ac","text":"Note number 4 for e1e351f6-9c7e-46ed-b3d7-7e77d4ce65ac","metadata":{"createdDate":"2018-04-26T19:31:00.804Z","createdByUserId":"ef676db9-d231-479a-aa91-f65eb4b17872"}}
45b81405-a400-43af-a933-6111f63d9029	{"id":"45b81405-a400-43af-a933-6111f63d9029","link":"users/e1e351f6-9c7e-46ed-b3d7-7e77d4ce65ac","text":"Note number 5 for e1e351f6-9c7e-46ed-b3d7-7e77d4ce65ac","metadata":{"createdDate":"2018-04-26T19:31:00.804Z","createdByUserId":"ef676db9-d231-479a-aa91-f65eb4b17872"}}
908c9eec-36d1-4ff5-84e3-1ab337f29b4c	{"id":"908c9eec-36d1-4ff5-84e3-1ab337f29b4c","link":"users/e1e351f6-9c7e-46ed-b3d7-7e77d4ce65ac","text":"Note number 6 for e1e351f6-9c7e-46ed-b3d7-7e77d4ce65ac","metadata":{"createdDate":"2018-04-26T19:31:00.804Z","createdByUserId":"ef676db9-d231-479a-aa91-f65eb4b17872"}}
c3c09a04-b96c-4dad-9883-37b5e031d33f	{"id":"c3c09a04-b96c-4dad-9883-37b5e031d33f","link":"users/e1e351f6-9c7e-46ed-b3d7-7e77d4ce65ac","text":"Note number 7 for e1e351f6-9c7e-46ed-b3d7-7e77d4ce65ac","metadata":{"createdDate":"2018-04-26T19:31:00.804Z","createdByUserId":"ef676db9-d231-479a-aa91-f65eb4b17872"}}
5bb03e92-05c3-469f-87e6-a2c9913db829	{"id":"5bb03e92-05c3-469f-87e6-a2c9913db829","link":"users/e1e351f6-9c7e-46ed-b3d7-7e77d4ce65ac","text":"Note number 8 for e1e351f6-9c7e-46ed-b3d7-7e77d4ce65ac","metadata":{"createdDate":"2018-04-26T19:31:00.804Z","createdByUserId":"ef676db9-d231-479a-aa91-f65eb4b17872"}}
cb8f3b55-4cea-458b-851b-00b4a376a72a	{"id":"cb8f3b55-4cea-458b-851b-00b4a376a72a","link":"users/e1e351f6-9c7e-46ed-b3d7-7e77d4ce65ac","text":"Note number 9 for e1e351f6-9c7e-46ed-b3d7-7e77d4ce65ac","metadata":{"createdDate":"2018-04-26T19:31:00.804Z","createdByUserId":"ef676db9-d231-479a-aa91-f65eb4b17872"}}
7356d6df-e309-4435-88ba-d0c16de00b01	{"id":"7356d6df-e309-4435-88ba-d0c16de00b01","link":"users/199026ab-51b0-417e-89e6-3f667cf3d938","text":"Note number 1 for 199026ab-51b0-417e-89e6-3f667cf3d938","metadata":{"createdDate":"2018-04-26T19:31:00.804Z","createdByUserId":"ef676db9-d231-479a-aa91-f65eb4b17872"}}
da0c46c7-4f24-40bb-9939-6447fb6412d1	{"id":"da0c46c7-4f24-40bb-9939-6447fb6412d1","link":"users/199026ab-51b0-417e-89e6-3f667cf3d938","text":"Note number 2 for 199026ab-51b0-417e-89e6-3f667cf3d938","metadata":{"createdDate":"2018-04-26T19:31:00.804Z","createdByUserId":"ef676db9-d231-479a-aa91-f65eb4b17872"}}
4ca75cf6-9871-4450-994f-3b62e6d2e5e2	{"id":"4ca75cf6-9871-4450-994f-3b62e6d2e5e2","link":"users/199026ab-51b0-417e-89e6-3f667cf3d938","text":"Note number 3 for 199026ab-51b0-417e-89e6-3f667cf3d938","metadata":{"createdDate":"2018-04-26T19:31:00.805Z","createdByUserId":"ef676db9-d231-479a-aa91-f65eb4b17872"}}
af25dbf2-6151-40e0-b669-05a206161e21	{"id":"af25dbf2-6151-40e0-b669-05a206161e21","link":"users/199026ab-51b0-417e-89e6-3f667cf3d938","text":"Note number 4 for 199026ab-51b0-417e-89e6-3f667cf3d938","metadata":{"createdDate":"2018-04-26T19:31:00.805Z","createdByUserId":"ef676db9-d231-479a-aa91-f65eb4b17872"}}
3a9c0253-0ebc-48a7-aee1-b944ae61efa4	{"id":"3a9c0253-0ebc-48a7-aee1-b944ae61efa4","link":"users/199026ab-51b0-417e-89e6-3f667cf3d938","text":"Note number 5 for 199026ab-51b0-417e-89e6-3f667cf3d938","metadata":{"createdDate":"2018-04-26T19:31:00.805Z","createdByUserId":"ef676db9-d231-479a-aa91-f65eb4b17872"}}
8dcc0d5b-6c64-4b79-9c61-669577568a7d	{"id":"8dcc0d5b-6c64-4b79-9c61-669577568a7d","link":"users/84dbc8fc-348a-4e89-a948-9da96895d892","text":"Note number 1 for 84dbc8fc-348a-4e89-a948-9da96895d892","metadata":{"createdDate":"2018-04-26T19:31:00.805Z","createdByUserId":"ef676db9-d231-479a-aa91-f65eb4b17872"}}
c15c9d02-8371-44b8-a02a-a99819373f1a	{"id":"c15c9d02-8371-44b8-a02a-a99819373f1a","link":"users/84dbc8fc-348a-4e89-a948-9da96895d892","text":"Note number 2 for 84dbc8fc-348a-4e89-a948-9da96895d892","metadata":{"createdDate":"2018-04-26T19:31:00.805Z","createdByUserId":"ef676db9-d231-479a-aa91-f65eb4b17872"}}
8b648ca6-5e19-4404-9381-81ea098c72f2	{"id":"8b648ca6-5e19-4404-9381-81ea098c72f2","link":"users/4809d589-7715-40bf-b171-b073cdc5163e","text":"Note number 1 for 4809d589-7715-40bf-b171-b073cdc5163e","metadata":{"createdDate":"2018-04-26T19:31:00.805Z","createdByUserId":"ef676db9-d231-479a-aa91-f65eb4b17872"}}
410b33b3-c9d3-4035-bedf-8e528385bbb4	{"id":"410b33b3-c9d3-4035-bedf-8e528385bbb4","link":"users/ccba8c35-da11-4383-8643-d5d367731d8f","text":"Note number 1 for ccba8c35-da11-4383-8643-d5d367731d8f","metadata":{"createdDate":"2018-04-26T19:31:00.805Z","createdByUserId":"ef676db9-d231-479a-aa91-f65eb4b17872"}}
8cb381f6-c4f3-4eac-883d-d70161448535	{"id":"8cb381f6-c4f3-4eac-883d-d70161448535","link":"users/ccba8c35-da11-4383-8643-d5d367731d8f","text":"Note number 2 for ccba8c35-da11-4383-8643-d5d367731d8f","metadata":{"createdDate":"2018-04-26T19:31:00.805Z","createdByUserId":"ef676db9-d231-479a-aa91-f65eb4b17872"}}
4bfd16d3-d4b9-48cc-8228-5785ee6b5eef	{"id":"4bfd16d3-d4b9-48cc-8228-5785ee6b5eef","link":"users/ccba8c35-da11-4383-8643-d5d367731d8f","text":"Note number 3 for ccba8c35-da11-4383-8643-d5d367731d8f","metadata":{"createdDate":"2018-04-26T19:31:00.805Z","createdByUserId":"ef676db9-d231-479a-aa91-f65eb4b17872"}}
8903e84c-c1d9-406f-8227-d1d4036422dd	{"id":"8903e84c-c1d9-406f-8227-d1d4036422dd","link":"users/ccba8c35-da11-4383-8643-d5d367731d8f","text":"Note number 4 for ccba8c35-da11-4383-8643-d5d367731d8f","metadata":{"createdDate":"2018-04-26T19:31:00.805Z","createdByUserId":"ef676db9-d231-479a-aa91-f65eb4b17872"}}
c948e902-f4f6-4ba9-affb-e062087db7c7	{"id":"c948e902-f4f6-4ba9-affb-e062087db7c7","link":"users/ccba8c35-da11-4383-8643-d5d367731d8f","text":"Note number 5 for ccba8c35-da11-4383-8643-d5d367731d8f","metadata":{"createdDate":"2018-04-26T19:31:00.805Z","createdByUserId":"ef676db9-d231-479a-aa91-f65eb4b17872"}}
16b2156f-24b2-4a1d-af38-60c32e78563c	{"id":"16b2156f-24b2-4a1d-af38-60c32e78563c","link":"users/d1115778-8c7d-4d54-814c-dd446725df35","text":"Note number 1 for d1115778-8c7d-4d54-814c-dd446725df35","metadata":{"createdDate":"2018-04-26T19:31:00.805Z","createdByUserId":"ef676db9-d231-479a-aa91-f65eb4b17872"}}
0dff6db0-607b-4c0c-a76d-535f8d0a98cf	{"id":"0dff6db0-607b-4c0c-a76d-535f8d0a98cf","link":"users/d1115778-8c7d-4d54-814c-dd446725df35","text":"Note number 2 for d1115778-8c7d-4d54-814c-dd446725df35","metadata":{"createdDate":"2018-04-26T19:31:00.805Z","createdByUserId":"ef676db9-d231-479a-aa91-f65eb4b17872"}}
00ef22d9-c9ca-4556-8a83-9d36ceaeaeea	{"id":"00ef22d9-c9ca-4556-8a83-9d36ceaeaeea","link":"users/d1115778-8c7d-4d54-814c-dd446725df35","text":"Note number 3 for d1115778-8c7d-4d54-814c-dd446725df35","metadata":{"createdDate":"2018-04-26T19:31:00.805Z","createdByUserId":"ef676db9-d231-479a-aa91-f65eb4b17872"}}
0f495561-ab25-43b9-87e7-6daa0f001327	{"id":"0f495561-ab25-43b9-87e7-6daa0f001327","link":"users/d1115778-8c7d-4d54-814c-dd446725df35","text":"Note number 4 for d1115778-8c7d-4d54-814c-dd446725df35","metadata":{"createdDate":"2018-04-26T19:31:00.805Z","createdByUserId":"ef676db9-d231-479a-aa91-f65eb4b17872"}}
fd83b277-60ce-46fd-9929-02f58c26679b	{"id":"fd83b277-60ce-46fd-9929-02f58c26679b","link":"users/d1115778-8c7d-4d54-814c-dd446725df35","text":"Note number 5 for d1115778-8c7d-4d54-814c-dd446725df35","metadata":{"createdDate":"2018-04-26T19:31:00.805Z","createdByUserId":"ef676db9-d231-479a-aa91-f65eb4b17872"}}
2bdce9aa-0a3d-476e-a84a-fa21d88600fa	{"id":"2bdce9aa-0a3d-476e-a84a-fa21d88600fa","link":"users/d1115778-8c7d-4d54-814c-dd446725df35","text":"Note number 6 for d1115778-8c7d-4d54-814c-dd446725df35","metadata":{"createdDate":"2018-04-26T19:31:00.805Z","createdByUserId":"ef676db9-d231-479a-aa91-f65eb4b17872"}}
c75f42b0-7e40-4de2-9807-119112f8bef7	{"id":"c75f42b0-7e40-4de2-9807-119112f8bef7","link":"users/d1115778-8c7d-4d54-814c-dd446725df35","text":"Note number 7 for d1115778-8c7d-4d54-814c-dd446725df35","metadata":{"createdDate":"2018-04-26T19:31:00.805Z","createdByUserId":"ef676db9-d231-479a-aa91-f65eb4b17872"}}
576f20a5-745a-492a-bd94-1d152b610acb	{"id":"576f20a5-745a-492a-bd94-1d152b610acb","link":"users/d1115778-8c7d-4d54-814c-dd446725df35","text":"Note number 8 for d1115778-8c7d-4d54-814c-dd446725df35","metadata":{"createdDate":"2018-04-26T19:31:00.805Z","createdByUserId":"ef676db9-d231-479a-aa91-f65eb4b17872"}}
717f6dd5-4971-4e04-abe9-ca4b229041c0	{"id":"717f6dd5-4971-4e04-abe9-ca4b229041c0","link":"users/d1115778-8c7d-4d54-814c-dd446725df35","text":"Note number 9 for d1115778-8c7d-4d54-814c-dd446725df35","metadata":{"createdDate":"2018-04-26T19:31:00.805Z","createdByUserId":"ef676db9-d231-479a-aa91-f65eb4b17872"}}
1f77283b-eee2-4233-8b02-e3be5fe84560	{"id":"1f77283b-eee2-4233-8b02-e3be5fe84560","link":"users/be25ccf0-38f5-44d6-b3e9-0ca1a37e16ea","text":"Note number 1 for be25ccf0-38f5-44d6-b3e9-0ca1a37e16ea","metadata":{"createdDate":"2018-04-26T19:31:00.805Z","createdByUserId":"ef676db9-d231-479a-aa91-f65eb4b17872"}}
a092fbf7-c3b7-4e6e-9831-790414ca6d72	{"id":"a092fbf7-c3b7-4e6e-9831-790414ca6d72","link":"users/be25ccf0-38f5-44d6-b3e9-0ca1a37e16ea","text":"Note number 2 for be25ccf0-38f5-44d6-b3e9-0ca1a37e16ea","metadata":{"createdDate":"2018-04-26T19:31:00.805Z","createdByUserId":"ef676db9-d231-479a-aa91-f65eb4b17872"}}
a612e2a1-2042-4bc3-be66-9f9e62e780b3	{"id":"a612e2a1-2042-4bc3-be66-9f9e62e780b3","link":"users/be25ccf0-38f5-44d6-b3e9-0ca1a37e16ea","text":"Note number 3 for be25ccf0-38f5-44d6-b3e9-0ca1a37e16ea","metadata":{"createdDate":"2018-04-26T19:31:00.805Z","createdByUserId":"ef676db9-d231-479a-aa91-f65eb4b17872"}}
d6a63811-0007-4bbe-a8f2-be23b309a778	{"id":"d6a63811-0007-4bbe-a8f2-be23b309a778","link":"users/be25ccf0-38f5-44d6-b3e9-0ca1a37e16ea","text":"Note number 4 for be25ccf0-38f5-44d6-b3e9-0ca1a37e16ea","metadata":{"createdDate":"2018-04-26T19:31:00.805Z","createdByUserId":"ef676db9-d231-479a-aa91-f65eb4b17872"}}
a73bd57d-ac44-4ca4-a3c8-b14972c073d6	{"id":"a73bd57d-ac44-4ca4-a3c8-b14972c073d6","link":"users/be25ccf0-38f5-44d6-b3e9-0ca1a37e16ea","text":"Note number 5 for be25ccf0-38f5-44d6-b3e9-0ca1a37e16ea","metadata":{"createdDate":"2018-04-26T19:31:00.805Z","createdByUserId":"ef676db9-d231-479a-aa91-f65eb4b17872"}}
cf1d16ee-b907-4c9d-9698-10851185e2c7	{"id":"cf1d16ee-b907-4c9d-9698-10851185e2c7","link":"users/2e9ad545-ca34-4c4b-8559-db1eef91ce35","text":"Note number 1 for 2e9ad545-ca34-4c4b-8559-db1eef91ce35","metadata":{"createdDate":"2018-04-26T19:31:00.805Z","createdByUserId":"ef676db9-d231-479a-aa91-f65eb4b17872"}}
147c51d0-de12-4f1e-bbbe-bf1503899748	{"id":"147c51d0-de12-4f1e-bbbe-bf1503899748","link":"users/2e9ad545-ca34-4c4b-8559-db1eef91ce35","text":"Note number 2 for 2e9ad545-ca34-4c4b-8559-db1eef91ce35","metadata":{"createdDate":"2018-04-26T19:31:00.805Z","createdByUserId":"ef676db9-d231-479a-aa91-f65eb4b17872"}}
4fcca7c6-62f1-4c5b-be0f-99a6b5b249d0	{"id":"4fcca7c6-62f1-4c5b-be0f-99a6b5b249d0","link":"users/2e9ad545-ca34-4c4b-8559-db1eef91ce35","text":"Note number 3 for 2e9ad545-ca34-4c4b-8559-db1eef91ce35","metadata":{"createdDate":"2018-04-26T19:31:00.805Z","createdByUserId":"ef676db9-d231-479a-aa91-f65eb4b17872"}}
f4eebfce-4ac0-4c7a-8640-1417838fb7b5	{"id":"f4eebfce-4ac0-4c7a-8640-1417838fb7b5","link":"users/2e9ad545-ca34-4c4b-8559-db1eef91ce35","text":"Note number 4 for 2e9ad545-ca34-4c4b-8559-db1eef91ce35","metadata":{"createdDate":"2018-04-26T19:31:00.805Z","createdByUserId":"ef676db9-d231-479a-aa91-f65eb4b17872"}}
e8e54c11-4174-4df3-bb0b-a93cbdb976ca	{"id":"e8e54c11-4174-4df3-bb0b-a93cbdb976ca","link":"users/2e9ad545-ca34-4c4b-8559-db1eef91ce35","text":"Note number 5 for 2e9ad545-ca34-4c4b-8559-db1eef91ce35","metadata":{"createdDate":"2018-04-26T19:31:00.805Z","createdByUserId":"ef676db9-d231-479a-aa91-f65eb4b17872"}}
9195c760-a2c7-4d50-8d81-a9b3d9166458	{"id":"9195c760-a2c7-4d50-8d81-a9b3d9166458","link":"users/2e9ad545-ca34-4c4b-8559-db1eef91ce35","text":"Note number 6 for 2e9ad545-ca34-4c4b-8559-db1eef91ce35","metadata":{"createdDate":"2018-04-26T19:31:00.805Z","createdByUserId":"ef676db9-d231-479a-aa91-f65eb4b17872"}}
442bb4e6-1edd-4908-9047-97d628e9ad22	{"id":"442bb4e6-1edd-4908-9047-97d628e9ad22","link":"users/2e9ad545-ca34-4c4b-8559-db1eef91ce35","text":"Note number 7 for 2e9ad545-ca34-4c4b-8559-db1eef91ce35","metadata":{"createdDate":"2018-04-26T19:31:00.805Z","createdByUserId":"ef676db9-d231-479a-aa91-f65eb4b17872"}}
cfdd8619-026f-456c-8ae3-f703e398d975	{"id":"cfdd8619-026f-456c-8ae3-f703e398d975","link":"users/2e9ad545-ca34-4c4b-8559-db1eef91ce35","text":"Note number 8 for 2e9ad545-ca34-4c4b-8559-db1eef91ce35","metadata":{"createdDate":"2018-04-26T19:31:00.806Z","createdByUserId":"ef676db9-d231-479a-aa91-f65eb4b17872"}}
7d3b5e26-669a-4bba-bd0d-41bf611e02ac	{"id":"7d3b5e26-669a-4bba-bd0d-41bf611e02ac","link":"users/2497e04b-6387-437a-b71a-1272f4ec26f9","text":"Note number 1 for 2497e04b-6387-437a-b71a-1272f4ec26f9","metadata":{"createdDate":"2018-04-26T19:31:00.806Z","createdByUserId":"ef676db9-d231-479a-aa91-f65eb4b17872"}}
22210257-71c9-4b37-8328-8d29d0233435	{"id":"22210257-71c9-4b37-8328-8d29d0233435","link":"users/2497e04b-6387-437a-b71a-1272f4ec26f9","text":"Note number 2 for 2497e04b-6387-437a-b71a-1272f4ec26f9","metadata":{"createdDate":"2018-04-26T19:31:00.806Z","createdByUserId":"ef676db9-d231-479a-aa91-f65eb4b17872"}}
1ef0d8c4-87e4-48ad-8037-bc9da32fe80d	{"id":"1ef0d8c4-87e4-48ad-8037-bc9da32fe80d","link":"users/2497e04b-6387-437a-b71a-1272f4ec26f9","text":"Note number 3 for 2497e04b-6387-437a-b71a-1272f4ec26f9","metadata":{"createdDate":"2018-04-26T19:31:00.806Z","createdByUserId":"ef676db9-d231-479a-aa91-f65eb4b17872"}}
47a77b96-255d-4bbe-90a7-6c5eab5fdf97	{"id":"47a77b96-255d-4bbe-90a7-6c5eab5fdf97","link":"users/2497e04b-6387-437a-b71a-1272f4ec26f9","text":"Note number 4 for 2497e04b-6387-437a-b71a-1272f4ec26f9","metadata":{"createdDate":"2018-04-26T19:31:00.806Z","createdByUserId":"ef676db9-d231-479a-aa91-f65eb4b17872"}}
bb147668-b3f2-4c9c-909a-5f423f524344	{"id":"bb147668-b3f2-4c9c-909a-5f423f524344","link":"users/2497e04b-6387-437a-b71a-1272f4ec26f9","text":"Note number 5 for 2497e04b-6387-437a-b71a-1272f4ec26f9","metadata":{"createdDate":"2018-04-26T19:31:00.806Z","createdByUserId":"ef676db9-d231-479a-aa91-f65eb4b17872"}}
bf3b8c70-eff4-4972-8e40-be90051c67c1	{"id":"bf3b8c70-eff4-4972-8e40-be90051c67c1","link":"users/8cb00b6e-65bf-4082-80a4-81e4df0d5383","text":"Note number 1 for 8cb00b6e-65bf-4082-80a4-81e4df0d5383","metadata":{"createdDate":"2018-04-26T19:31:00.806Z","createdByUserId":"ef676db9-d231-479a-aa91-f65eb4b17872"}}
93c00ca4-7ac8-4afb-add8-ea8972cc4766	{"id":"93c00ca4-7ac8-4afb-add8-ea8972cc4766","link":"users/8cb00b6e-65bf-4082-80a4-81e4df0d5383","text":"Note number 2 for 8cb00b6e-65bf-4082-80a4-81e4df0d5383","metadata":{"createdDate":"2018-04-26T19:31:00.806Z","createdByUserId":"ef676db9-d231-479a-aa91-f65eb4b17872"}}
014aa96b-166d-44dc-9340-08d15ad2d76f	{"id":"014aa96b-166d-44dc-9340-08d15ad2d76f","link":"users/8cb00b6e-65bf-4082-80a4-81e4df0d5383","text":"Note number 3 for 8cb00b6e-65bf-4082-80a4-81e4df0d5383","metadata":{"createdDate":"2018-04-26T19:31:00.806Z","createdByUserId":"ef676db9-d231-479a-aa91-f65eb4b17872"}}
b541554a-b5df-4a3f-9902-cc9a91db2f9e	{"id":"b541554a-b5df-4a3f-9902-cc9a91db2f9e","link":"users/8cb00b6e-65bf-4082-80a4-81e4df0d5383","text":"Note number 4 for 8cb00b6e-65bf-4082-80a4-81e4df0d5383","metadata":{"createdDate":"2018-04-26T19:31:00.806Z","createdByUserId":"ef676db9-d231-479a-aa91-f65eb4b17872"}}
23df8523-0339-42ab-9aa0-aacf86e777fe	{"id":"23df8523-0339-42ab-9aa0-aacf86e777fe","link":"users/8cb00b6e-65bf-4082-80a4-81e4df0d5383","text":"Note number 5 for 8cb00b6e-65bf-4082-80a4-81e4df0d5383","metadata":{"createdDate":"2018-04-26T19:31:00.806Z","createdByUserId":"ef676db9-d231-479a-aa91-f65eb4b17872"}}
a96c7d73-61c5-4983-97ab-7bea7e1abbba	{"id":"a96c7d73-61c5-4983-97ab-7bea7e1abbba","link":"users/8cb00b6e-65bf-4082-80a4-81e4df0d5383","text":"Note number 6 for 8cb00b6e-65bf-4082-80a4-81e4df0d5383","metadata":{"createdDate":"2018-04-26T19:31:00.806Z","createdByUserId":"ef676db9-d231-479a-aa91-f65eb4b17872"}}
a6c21d10-c9ab-45c0-8e46-cda1772f994f	{"id":"a6c21d10-c9ab-45c0-8e46-cda1772f994f","link":"users/8cb00b6e-65bf-4082-80a4-81e4df0d5383","text":"Note number 7 for 8cb00b6e-65bf-4082-80a4-81e4df0d5383","metadata":{"createdDate":"2018-04-26T19:31:00.806Z","createdByUserId":"ef676db9-d231-479a-aa91-f65eb4b17872"}}
711738cb-40ff-408c-9e26-aea2e8e86648	{"id":"711738cb-40ff-408c-9e26-aea2e8e86648","link":"users/8cb00b6e-65bf-4082-80a4-81e4df0d5383","text":"Note number 8 for 8cb00b6e-65bf-4082-80a4-81e4df0d5383","metadata":{"createdDate":"2018-04-26T19:31:00.806Z","createdByUserId":"ef676db9-d231-479a-aa91-f65eb4b17872"}}
df75133d-34b2-4c42-9d0a-e0d7c2c3d939	{"id":"df75133d-34b2-4c42-9d0a-e0d7c2c3d939","link":"users/8cb00b6e-65bf-4082-80a4-81e4df0d5383","text":"Note number 9 for 8cb00b6e-65bf-4082-80a4-81e4df0d5383","metadata":{"createdDate":"2018-04-26T19:31:00.806Z","createdByUserId":"ef676db9-d231-479a-aa91-f65eb4b17872"}}
02a0d10c-69e3-4d73-8ac9-c09b07ffc6a1	{"id":"02a0d10c-69e3-4d73-8ac9-c09b07ffc6a1","link":"users/64ac9ce5-b257-40b7-8f4b-4232edd7f483","text":"Note number 1 for 64ac9ce5-b257-40b7-8f4b-4232edd7f483","metadata":{"createdDate":"2018-04-26T19:31:00.806Z","createdByUserId":"ef676db9-d231-479a-aa91-f65eb4b17872"}}
6077a11d-3041-4674-a39e-1b7144121d87	{"id":"6077a11d-3041-4674-a39e-1b7144121d87","link":"users/64ac9ce5-b257-40b7-8f4b-4232edd7f483","text":"Note number 2 for 64ac9ce5-b257-40b7-8f4b-4232edd7f483","metadata":{"createdDate":"2018-04-26T19:31:00.806Z","createdByUserId":"ef676db9-d231-479a-aa91-f65eb4b17872"}}
12487167-39cb-4184-9d23-33e8bbaacddd	{"id":"12487167-39cb-4184-9d23-33e8bbaacddd","link":"users/64ac9ce5-b257-40b7-8f4b-4232edd7f483","text":"Note number 3 for 64ac9ce5-b257-40b7-8f4b-4232edd7f483","metadata":{"createdDate":"2018-04-26T19:31:00.806Z","createdByUserId":"ef676db9-d231-479a-aa91-f65eb4b17872"}}
5f30af47-0646-4452-8205-c4dd4510952b	{"id":"5f30af47-0646-4452-8205-c4dd4510952b","link":"users/64ac9ce5-b257-40b7-8f4b-4232edd7f483","text":"Note number 4 for 64ac9ce5-b257-40b7-8f4b-4232edd7f483","metadata":{"createdDate":"2018-04-26T19:31:00.806Z","createdByUserId":"ef676db9-d231-479a-aa91-f65eb4b17872"}}
b911479d-7ee5-4ded-9fc0-696c838ae847	{"id":"b911479d-7ee5-4ded-9fc0-696c838ae847","link":"users/64ac9ce5-b257-40b7-8f4b-4232edd7f483","text":"Note number 5 for 64ac9ce5-b257-40b7-8f4b-4232edd7f483","metadata":{"createdDate":"2018-04-26T19:31:00.806Z","createdByUserId":"ef676db9-d231-479a-aa91-f65eb4b17872"}}
09414aba-9a91-4f4e-b7e3-cd1f24b01298	{"id":"09414aba-9a91-4f4e-b7e3-cd1f24b01298","link":"users/9e0a7e03-211e-4148-8cfa-6f856f2af365","text":"Note number 1 for 9e0a7e03-211e-4148-8cfa-6f856f2af365","metadata":{"createdDate":"2018-04-26T19:31:00.806Z","createdByUserId":"ef676db9-d231-479a-aa91-f65eb4b17872"}}
914d5dcd-ba49-431a-bbd4-464073b41827	{"id":"914d5dcd-ba49-431a-bbd4-464073b41827","link":"users/9e0a7e03-211e-4148-8cfa-6f856f2af365","text":"Note number 2 for 9e0a7e03-211e-4148-8cfa-6f856f2af365","metadata":{"createdDate":"2018-04-26T19:31:00.806Z","createdByUserId":"ef676db9-d231-479a-aa91-f65eb4b17872"}}
5efbc269-5b93-4f77-9ff8-7248f2891b03	{"id":"5efbc269-5b93-4f77-9ff8-7248f2891b03","link":"users/9e0a7e03-211e-4148-8cfa-6f856f2af365","text":"Note number 3 for 9e0a7e03-211e-4148-8cfa-6f856f2af365","metadata":{"createdDate":"2018-04-26T19:31:00.806Z","createdByUserId":"ef676db9-d231-479a-aa91-f65eb4b17872"}}
284bcf3c-e843-448f-b1ac-b7c09b8cfa4e	{"id":"284bcf3c-e843-448f-b1ac-b7c09b8cfa4e","link":"users/9e0a7e03-211e-4148-8cfa-6f856f2af365","text":"Note number 4 for 9e0a7e03-211e-4148-8cfa-6f856f2af365","metadata":{"createdDate":"2018-04-26T19:31:00.806Z","createdByUserId":"ef676db9-d231-479a-aa91-f65eb4b17872"}}
5381e0ce-4cf1-4df5-9a5c-2fb966b6391b	{"id":"5381e0ce-4cf1-4df5-9a5c-2fb966b6391b","link":"users/9e0a7e03-211e-4148-8cfa-6f856f2af365","text":"Note number 5 for 9e0a7e03-211e-4148-8cfa-6f856f2af365","metadata":{"createdDate":"2018-04-26T19:31:00.806Z","createdByUserId":"ef676db9-d231-479a-aa91-f65eb4b17872"}}
fa3292ed-0830-4a2b-8df7-3e7c00f630c4	{"id":"fa3292ed-0830-4a2b-8df7-3e7c00f630c4","link":"users/9e0a7e03-211e-4148-8cfa-6f856f2af365","text":"Note number 6 for 9e0a7e03-211e-4148-8cfa-6f856f2af365","metadata":{"createdDate":"2018-04-26T19:31:00.806Z","createdByUserId":"ef676db9-d231-479a-aa91-f65eb4b17872"}}
310a6e66-430c-4b71-982f-29330df41497	{"id":"310a6e66-430c-4b71-982f-29330df41497","link":"users/9e0a7e03-211e-4148-8cfa-6f856f2af365","text":"Note number 7 for 9e0a7e03-211e-4148-8cfa-6f856f2af365","metadata":{"createdDate":"2018-04-26T19:31:00.806Z","createdByUserId":"ef676db9-d231-479a-aa91-f65eb4b17872"}}
9d92d388-fbf7-4c8d-82ce-a61e3aa82de7	{"id":"9d92d388-fbf7-4c8d-82ce-a61e3aa82de7","link":"users/4ff5d21e-33a2-433a-9e53-86d51ef680aa","text":"Note number 1 for 4ff5d21e-33a2-433a-9e53-86d51ef680aa","metadata":{"createdDate":"2018-04-26T19:31:00.806Z","createdByUserId":"ef676db9-d231-479a-aa91-f65eb4b17872"}}
a2024ec7-ea4b-46b4-8f8c-10922434babd	{"id":"a2024ec7-ea4b-46b4-8f8c-10922434babd","link":"users/4ff5d21e-33a2-433a-9e53-86d51ef680aa","text":"Note number 2 for 4ff5d21e-33a2-433a-9e53-86d51ef680aa","metadata":{"createdDate":"2018-04-26T19:31:00.806Z","createdByUserId":"ef676db9-d231-479a-aa91-f65eb4b17872"}}
3b9c0e94-8070-4ab3-b322-79ea24802e4b	{"id":"3b9c0e94-8070-4ab3-b322-79ea24802e4b","link":"users/4ff5d21e-33a2-433a-9e53-86d51ef680aa","text":"Note number 3 for 4ff5d21e-33a2-433a-9e53-86d51ef680aa","metadata":{"createdDate":"2018-04-26T19:31:00.806Z","createdByUserId":"ef676db9-d231-479a-aa91-f65eb4b17872"}}
aa648e31-b729-4214-b7b1-d066b309df53	{"id":"aa648e31-b729-4214-b7b1-d066b309df53","link":"users/4ff5d21e-33a2-433a-9e53-86d51ef680aa","text":"Note number 4 for 4ff5d21e-33a2-433a-9e53-86d51ef680aa","metadata":{"createdDate":"2018-04-26T19:31:00.806Z","createdByUserId":"ef676db9-d231-479a-aa91-f65eb4b17872"}}
66154ec6-569c-4137-852e-20df88b2da16	{"id":"66154ec6-569c-4137-852e-20df88b2da16","link":"users/4ff5d21e-33a2-433a-9e53-86d51ef680aa","text":"Note number 5 for 4ff5d21e-33a2-433a-9e53-86d51ef680aa","metadata":{"createdDate":"2018-04-26T19:31:00.807Z","createdByUserId":"ef676db9-d231-479a-aa91-f65eb4b17872"}}
956dbae9-0b8a-452e-a978-1d59da8267a4	{"id":"956dbae9-0b8a-452e-a978-1d59da8267a4","link":"users/4ff5d21e-33a2-433a-9e53-86d51ef680aa","text":"Note number 6 for 4ff5d21e-33a2-433a-9e53-86d51ef680aa","metadata":{"createdDate":"2018-04-26T19:31:00.807Z","createdByUserId":"ef676db9-d231-479a-aa91-f65eb4b17872"}}
630ab728-efb9-45e4-87e6-e2a156307e9d	{"id":"630ab728-efb9-45e4-87e6-e2a156307e9d","link":"users/611e3846-fc7b-4f8c-a1b2-13484d7c26bf","text":"Note number 1 for 611e3846-fc7b-4f8c-a1b2-13484d7c26bf","metadata":{"createdDate":"2018-04-26T19:31:00.807Z","createdByUserId":"ef676db9-d231-479a-aa91-f65eb4b17872"}}
1ae9b8f3-4775-415d-907d-bcd959c7330c	{"id":"1ae9b8f3-4775-415d-907d-bcd959c7330c","link":"users/611e3846-fc7b-4f8c-a1b2-13484d7c26bf","text":"Note number 2 for 611e3846-fc7b-4f8c-a1b2-13484d7c26bf","metadata":{"createdDate":"2018-04-26T19:31:00.808Z","createdByUserId":"ef676db9-d231-479a-aa91-f65eb4b17872"}}
df5f561f-babe-4df2-ba29-b64ab67f7913	{"id":"df5f561f-babe-4df2-ba29-b64ab67f7913","link":"users/611e3846-fc7b-4f8c-a1b2-13484d7c26bf","text":"Note number 3 for 611e3846-fc7b-4f8c-a1b2-13484d7c26bf","metadata":{"createdDate":"2018-04-26T19:31:00.808Z","createdByUserId":"ef676db9-d231-479a-aa91-f65eb4b17872"}}
dd33e028-1a1d-43f9-ab67-e48f222c37d5	{"id":"dd33e028-1a1d-43f9-ab67-e48f222c37d5","link":"users/611e3846-fc7b-4f8c-a1b2-13484d7c26bf","text":"Note number 4 for 611e3846-fc7b-4f8c-a1b2-13484d7c26bf","metadata":{"createdDate":"2018-04-26T19:31:00.808Z","createdByUserId":"ef676db9-d231-479a-aa91-f65eb4b17872"}}
a66f83cb-36ba-46f1-9b8c-7485a2498fef	{"id":"a66f83cb-36ba-46f1-9b8c-7485a2498fef","link":"users/611e3846-fc7b-4f8c-a1b2-13484d7c26bf","text":"Note number 5 for 611e3846-fc7b-4f8c-a1b2-13484d7c26bf","metadata":{"createdDate":"2018-04-26T19:31:00.808Z","createdByUserId":"ef676db9-d231-479a-aa91-f65eb4b17872"}}
66c10927-9a1e-4093-8c6b-6ae03a8c65d3	{"id":"66c10927-9a1e-4093-8c6b-6ae03a8c65d3","link":"users/611e3846-fc7b-4f8c-a1b2-13484d7c26bf","text":"Note number 6 for 611e3846-fc7b-4f8c-a1b2-13484d7c26bf","metadata":{"createdDate":"2018-04-26T19:31:00.814Z","createdByUserId":"ef676db9-d231-479a-aa91-f65eb4b17872"}}
060d1874-ae0c-43c6-abe7-756318266cb8	{"id":"060d1874-ae0c-43c6-abe7-756318266cb8","link":"users/611e3846-fc7b-4f8c-a1b2-13484d7c26bf","text":"Note number 7 for 611e3846-fc7b-4f8c-a1b2-13484d7c26bf","metadata":{"createdDate":"2018-04-26T19:31:00.814Z","createdByUserId":"ef676db9-d231-479a-aa91-f65eb4b17872"}}
36b758f8-a1fb-48a1-aab3-f3d59eb64562	{"id":"36b758f8-a1fb-48a1-aab3-f3d59eb64562","link":"users/3bff11e8-19b0-42f8-90c2-314545fe6bbb","text":"Note number 1 for 3bff11e8-19b0-42f8-90c2-314545fe6bbb","metadata":{"createdDate":"2018-04-26T19:31:00.814Z","createdByUserId":"ef676db9-d231-479a-aa91-f65eb4b17872"}}
f089dc79-4631-4d59-b2a9-51994724c3be	{"id":"f089dc79-4631-4d59-b2a9-51994724c3be","link":"users/3bff11e8-19b0-42f8-90c2-314545fe6bbb","text":"Note number 2 for 3bff11e8-19b0-42f8-90c2-314545fe6bbb","metadata":{"createdDate":"2018-04-26T19:31:00.814Z","createdByUserId":"ef676db9-d231-479a-aa91-f65eb4b17872"}}
dfd30831-f104-4b08-a393-f0e54fa1e02d	{"id":"dfd30831-f104-4b08-a393-f0e54fa1e02d","link":"users/bf23fc53-b900-4b2e-a6ee-828efd925cbf","text":"Note number 1 for bf23fc53-b900-4b2e-a6ee-828efd925cbf","metadata":{"createdDate":"2018-04-26T19:31:00.814Z","createdByUserId":"ef676db9-d231-479a-aa91-f65eb4b17872"}}
994a51ab-44c0-4ada-bf69-4bceb973b8eb	{"id":"994a51ab-44c0-4ada-bf69-4bceb973b8eb","link":"users/bf23fc53-b900-4b2e-a6ee-828efd925cbf","text":"Note number 2 for bf23fc53-b900-4b2e-a6ee-828efd925cbf","metadata":{"createdDate":"2018-04-26T19:31:00.814Z","createdByUserId":"ef676db9-d231-479a-aa91-f65eb4b17872"}}
2d1a2ac7-3747-46a6-a11f-210696b8a326	{"id":"2d1a2ac7-3747-46a6-a11f-210696b8a326","link":"users/bf23fc53-b900-4b2e-a6ee-828efd925cbf","text":"Note number 3 for bf23fc53-b900-4b2e-a6ee-828efd925cbf","metadata":{"createdDate":"2018-04-26T19:31:00.814Z","createdByUserId":"ef676db9-d231-479a-aa91-f65eb4b17872"}}
b75f56a1-4f1c-4659-ba82-876e01b0645c	{"id":"b75f56a1-4f1c-4659-ba82-876e01b0645c","link":"users/bf23fc53-b900-4b2e-a6ee-828efd925cbf","text":"Note number 4 for bf23fc53-b900-4b2e-a6ee-828efd925cbf","metadata":{"createdDate":"2018-04-26T19:31:00.814Z","createdByUserId":"ef676db9-d231-479a-aa91-f65eb4b17872"}}
072c81ab-e484-4605-9c43-628e62b6b001	{"id":"072c81ab-e484-4605-9c43-628e62b6b001","link":"users/bf23fc53-b900-4b2e-a6ee-828efd925cbf","text":"Note number 5 for bf23fc53-b900-4b2e-a6ee-828efd925cbf","metadata":{"createdDate":"2018-04-26T19:31:00.814Z","createdByUserId":"ef676db9-d231-479a-aa91-f65eb4b17872"}}
112effa0-a790-4ec8-a28c-8bcddf3aa181	{"id":"112effa0-a790-4ec8-a28c-8bcddf3aa181","link":"users/bf23fc53-b900-4b2e-a6ee-828efd925cbf","text":"Note number 6 for bf23fc53-b900-4b2e-a6ee-828efd925cbf","metadata":{"createdDate":"2018-04-26T19:31:00.814Z","createdByUserId":"ef676db9-d231-479a-aa91-f65eb4b17872"}}
1974b205-5223-4397-bee0-a988143d5048	{"id":"1974b205-5223-4397-bee0-a988143d5048","link":"users/bf23fc53-b900-4b2e-a6ee-828efd925cbf","text":"Note number 7 for bf23fc53-b900-4b2e-a6ee-828efd925cbf","metadata":{"createdDate":"2018-04-26T19:31:00.815Z","createdByUserId":"ef676db9-d231-479a-aa91-f65eb4b17872"}}
3b27a422-79fe-439f-a300-640ea6f7cf0c	{"id":"3b27a422-79fe-439f-a300-640ea6f7cf0c","link":"users/605336cf-69e4-4aa6-aec0-c87b9361502b","text":"Note number 1 for 605336cf-69e4-4aa6-aec0-c87b9361502b","metadata":{"createdDate":"2018-04-26T19:31:00.815Z","createdByUserId":"ef676db9-d231-479a-aa91-f65eb4b17872"}}
412a4740-26ee-4f2f-b018-9411b475eac9	{"id":"412a4740-26ee-4f2f-b018-9411b475eac9","link":"users/605336cf-69e4-4aa6-aec0-c87b9361502b","text":"Note number 2 for 605336cf-69e4-4aa6-aec0-c87b9361502b","metadata":{"createdDate":"2018-04-26T19:31:00.815Z","createdByUserId":"ef676db9-d231-479a-aa91-f65eb4b17872"}}
6ed0d247-b696-4925-a022-e57c94ee58c9	{"id":"6ed0d247-b696-4925-a022-e57c94ee58c9","link":"users/605336cf-69e4-4aa6-aec0-c87b9361502b","text":"Note number 3 for 605336cf-69e4-4aa6-aec0-c87b9361502b","metadata":{"createdDate":"2018-04-26T19:31:00.815Z","createdByUserId":"ef676db9-d231-479a-aa91-f65eb4b17872"}}
ecb34485-bcc2-4252-a15c-4dc617b2c4c0	{"id":"ecb34485-bcc2-4252-a15c-4dc617b2c4c0","link":"users/d9ccd63e-22cb-4ddf-88aa-5cedba68ab57","text":"Note number 1 for d9ccd63e-22cb-4ddf-88aa-5cedba68ab57","metadata":{"createdDate":"2018-04-26T19:31:00.815Z","createdByUserId":"ef676db9-d231-479a-aa91-f65eb4b17872"}}
a1d5f515-8486-403d-80e1-297189bacc7e	{"id":"a1d5f515-8486-403d-80e1-297189bacc7e","link":"users/d9ccd63e-22cb-4ddf-88aa-5cedba68ab57","text":"Note number 2 for d9ccd63e-22cb-4ddf-88aa-5cedba68ab57","metadata":{"createdDate":"2018-04-26T19:31:00.815Z","createdByUserId":"ef676db9-d231-479a-aa91-f65eb4b17872"}}
859c2107-fb9a-4e38-b625-9586657dd109	{"id":"859c2107-fb9a-4e38-b625-9586657dd109","link":"users/d9ccd63e-22cb-4ddf-88aa-5cedba68ab57","text":"Note number 3 for d9ccd63e-22cb-4ddf-88aa-5cedba68ab57","metadata":{"createdDate":"2018-04-26T19:31:00.815Z","createdByUserId":"ef676db9-d231-479a-aa91-f65eb4b17872"}}
ff458279-60a4-4f3f-98c9-7edcfc18284d	{"id":"ff458279-60a4-4f3f-98c9-7edcfc18284d","link":"users/d9ccd63e-22cb-4ddf-88aa-5cedba68ab57","text":"Note number 4 for d9ccd63e-22cb-4ddf-88aa-5cedba68ab57","metadata":{"createdDate":"2018-04-26T19:31:00.815Z","createdByUserId":"ef676db9-d231-479a-aa91-f65eb4b17872"}}
8d368bc2-9d17-4284-bb00-11f9f55edce9	{"id":"8d368bc2-9d17-4284-bb00-11f9f55edce9","link":"users/07eafa12-97a0-43ff-b1bb-e5bc8750aaf9","text":"Note number 1 for 07eafa12-97a0-43ff-b1bb-e5bc8750aaf9","metadata":{"createdDate":"2018-04-26T19:31:00.815Z","createdByUserId":"ef676db9-d231-479a-aa91-f65eb4b17872"}}
4b93b57e-f1e9-4bfb-a524-8756fc62614d	{"id":"4b93b57e-f1e9-4bfb-a524-8756fc62614d","link":"users/07eafa12-97a0-43ff-b1bb-e5bc8750aaf9","text":"Note number 2 for 07eafa12-97a0-43ff-b1bb-e5bc8750aaf9","metadata":{"createdDate":"2018-04-26T19:31:00.815Z","createdByUserId":"ef676db9-d231-479a-aa91-f65eb4b17872"}}
13b962c1-d412-42b8-9744-4a69ec2bce5b	{"id":"13b962c1-d412-42b8-9744-4a69ec2bce5b","link":"users/07eafa12-97a0-43ff-b1bb-e5bc8750aaf9","text":"Note number 3 for 07eafa12-97a0-43ff-b1bb-e5bc8750aaf9","metadata":{"createdDate":"2018-04-26T19:31:00.815Z","createdByUserId":"ef676db9-d231-479a-aa91-f65eb4b17872"}}
0a17f206-e3d3-4fa3-a4a3-2502f47766b1	{"id":"0a17f206-e3d3-4fa3-a4a3-2502f47766b1","link":"users/f04cbd7d-f72a-4ae2-bba0-379fcd173f25","text":"Note number 1 for f04cbd7d-f72a-4ae2-bba0-379fcd173f25","metadata":{"createdDate":"2018-04-26T19:31:00.815Z","createdByUserId":"ef676db9-d231-479a-aa91-f65eb4b17872"}}
4b615158-4807-43b9-8e3e-d4603626763c	{"id":"4b615158-4807-43b9-8e3e-d4603626763c","link":"users/f04cbd7d-f72a-4ae2-bba0-379fcd173f25","text":"Note number 2 for f04cbd7d-f72a-4ae2-bba0-379fcd173f25","metadata":{"createdDate":"2018-04-26T19:31:00.815Z","createdByUserId":"ef676db9-d231-479a-aa91-f65eb4b17872"}}
6a6ff620-05e3-4bba-b638-4dfc8562ee06	{"id":"6a6ff620-05e3-4bba-b638-4dfc8562ee06","link":"users/f04cbd7d-f72a-4ae2-bba0-379fcd173f25","text":"Note number 3 for f04cbd7d-f72a-4ae2-bba0-379fcd173f25","metadata":{"createdDate":"2018-04-26T19:31:00.815Z","createdByUserId":"ef676db9-d231-479a-aa91-f65eb4b17872"}}
236fb0b3-9ccb-4137-b269-69204eab02de	{"id":"236fb0b3-9ccb-4137-b269-69204eab02de","link":"users/f04cbd7d-f72a-4ae2-bba0-379fcd173f25","text":"Note number 4 for f04cbd7d-f72a-4ae2-bba0-379fcd173f25","metadata":{"createdDate":"2018-04-26T19:31:00.815Z","createdByUserId":"ef676db9-d231-479a-aa91-f65eb4b17872"}}
0181da73-0873-4f1b-b874-eaf0d8ea56c5	{"id":"0181da73-0873-4f1b-b874-eaf0d8ea56c5","link":"users/f04cbd7d-f72a-4ae2-bba0-379fcd173f25","text":"Note number 5 for f04cbd7d-f72a-4ae2-bba0-379fcd173f25","metadata":{"createdDate":"2018-04-26T19:31:00.815Z","createdByUserId":"ef676db9-d231-479a-aa91-f65eb4b17872"}}
7e2035b2-0632-4f2d-ba8c-228000ebe4e6	{"id":"7e2035b2-0632-4f2d-ba8c-228000ebe4e6","link":"users/f04cbd7d-f72a-4ae2-bba0-379fcd173f25","text":"Note number 6 for f04cbd7d-f72a-4ae2-bba0-379fcd173f25","metadata":{"createdDate":"2018-04-26T19:31:00.815Z","createdByUserId":"ef676db9-d231-479a-aa91-f65eb4b17872"}}
2f30c1a6-c5ad-4b45-9e5c-f76ce6d8bfe4	{"id":"2f30c1a6-c5ad-4b45-9e5c-f76ce6d8bfe4","link":"users/f04cbd7d-f72a-4ae2-bba0-379fcd173f25","text":"Note number 7 for f04cbd7d-f72a-4ae2-bba0-379fcd173f25","metadata":{"createdDate":"2018-04-26T19:31:00.815Z","createdByUserId":"ef676db9-d231-479a-aa91-f65eb4b17872"}}
184892c6-8edf-4755-80e4-01f5d46878a9	{"id":"184892c6-8edf-4755-80e4-01f5d46878a9","link":"users/f04cbd7d-f72a-4ae2-bba0-379fcd173f25","text":"Note number 8 for f04cbd7d-f72a-4ae2-bba0-379fcd173f25","metadata":{"createdDate":"2018-04-26T19:31:00.815Z","createdByUserId":"ef676db9-d231-479a-aa91-f65eb4b17872"}}
1a25e2be-8b4c-483f-8861-36517bc97c21	{"id":"1a25e2be-8b4c-483f-8861-36517bc97c21","link":"users/f04cbd7d-f72a-4ae2-bba0-379fcd173f25","text":"Note number 9 for f04cbd7d-f72a-4ae2-bba0-379fcd173f25","metadata":{"createdDate":"2018-04-26T19:31:00.815Z","createdByUserId":"ef676db9-d231-479a-aa91-f65eb4b17872"}}
ab6a0ee8-6988-483e-a94e-bdca55674651	{"id":"ab6a0ee8-6988-483e-a94e-bdca55674651","link":"users/7eecc14e-391a-4528-9e8f-6bf9359c8d66","text":"Note number 1 for 7eecc14e-391a-4528-9e8f-6bf9359c8d66","metadata":{"createdDate":"2018-04-26T19:31:00.815Z","createdByUserId":"ef676db9-d231-479a-aa91-f65eb4b17872"}}
de995371-0f97-4494-9344-00116f808e08	{"id":"de995371-0f97-4494-9344-00116f808e08","link":"users/7eecc14e-391a-4528-9e8f-6bf9359c8d66","text":"Note number 2 for 7eecc14e-391a-4528-9e8f-6bf9359c8d66","metadata":{"createdDate":"2018-04-26T19:31:00.815Z","createdByUserId":"ef676db9-d231-479a-aa91-f65eb4b17872"}}
36877fb0-a5d0-42fc-864d-2ced22cb89e9	{"id":"36877fb0-a5d0-42fc-864d-2ced22cb89e9","link":"users/7eecc14e-391a-4528-9e8f-6bf9359c8d66","text":"Note number 3 for 7eecc14e-391a-4528-9e8f-6bf9359c8d66","metadata":{"createdDate":"2018-04-26T19:31:00.815Z","createdByUserId":"ef676db9-d231-479a-aa91-f65eb4b17872"}}
cde61085-6793-4e4e-90d1-08a8e082972c	{"id":"cde61085-6793-4e4e-90d1-08a8e082972c","link":"users/7eecc14e-391a-4528-9e8f-6bf9359c8d66","text":"Note number 4 for 7eecc14e-391a-4528-9e8f-6bf9359c8d66","metadata":{"createdDate":"2018-04-26T19:31:00.815Z","createdByUserId":"ef676db9-d231-479a-aa91-f65eb4b17872"}}
2a930469-c474-4609-a140-f413236c96ae	{"id":"2a930469-c474-4609-a140-f413236c96ae","link":"users/7eecc14e-391a-4528-9e8f-6bf9359c8d66","text":"Note number 5 for 7eecc14e-391a-4528-9e8f-6bf9359c8d66","metadata":{"createdDate":"2018-04-26T19:31:00.815Z","createdByUserId":"ef676db9-d231-479a-aa91-f65eb4b17872"}}
07927a0a-26eb-40ce-8351-cb57d19a900d	{"id":"07927a0a-26eb-40ce-8351-cb57d19a900d","link":"users/db305e47-d57a-4956-9ee7-a8a7f34c68a0","text":"Note number 1 for db305e47-d57a-4956-9ee7-a8a7f34c68a0","metadata":{"createdDate":"2018-04-26T19:31:00.815Z","createdByUserId":"ef676db9-d231-479a-aa91-f65eb4b17872"}}
03373ad2-8dd9-4101-abfb-ad67b7c95a81	{"id":"03373ad2-8dd9-4101-abfb-ad67b7c95a81","link":"users/db305e47-d57a-4956-9ee7-a8a7f34c68a0","text":"Note number 2 for db305e47-d57a-4956-9ee7-a8a7f34c68a0","metadata":{"createdDate":"2018-04-26T19:31:00.815Z","createdByUserId":"ef676db9-d231-479a-aa91-f65eb4b17872"}}
f29115df-476f-489c-97b1-73fb23f396b4	{"id":"f29115df-476f-489c-97b1-73fb23f396b4","link":"users/05511059-dd19-4a20-b39a-8f758d690866","text":"Note number 1 for 05511059-dd19-4a20-b39a-8f758d690866","metadata":{"createdDate":"2018-04-26T19:31:00.815Z","createdByUserId":"ef676db9-d231-479a-aa91-f65eb4b17872"}}
560557c5-ef98-44fb-91a8-ec593bb27bf5	{"id":"560557c5-ef98-44fb-91a8-ec593bb27bf5","link":"users/05511059-dd19-4a20-b39a-8f758d690866","text":"Note number 2 for 05511059-dd19-4a20-b39a-8f758d690866","metadata":{"createdDate":"2018-04-26T19:31:00.815Z","createdByUserId":"ef676db9-d231-479a-aa91-f65eb4b17872"}}
b34b5d0a-23fd-49b5-8344-024cb1b7ee0e	{"id":"b34b5d0a-23fd-49b5-8344-024cb1b7ee0e","link":"users/05511059-dd19-4a20-b39a-8f758d690866","text":"Note number 3 for 05511059-dd19-4a20-b39a-8f758d690866","metadata":{"createdDate":"2018-04-26T19:31:00.816Z","createdByUserId":"ef676db9-d231-479a-aa91-f65eb4b17872"}}
6506cb76-418d-41d6-a4c6-fcdc81af73b2	{"id":"6506cb76-418d-41d6-a4c6-fcdc81af73b2","link":"users/05511059-dd19-4a20-b39a-8f758d690866","text":"Note number 4 for 05511059-dd19-4a20-b39a-8f758d690866","metadata":{"createdDate":"2018-04-26T19:31:00.816Z","createdByUserId":"ef676db9-d231-479a-aa91-f65eb4b17872"}}
3fb18dd5-7f7c-4455-bc05-f02adcaf6066	{"id":"3fb18dd5-7f7c-4455-bc05-f02adcaf6066","link":"users/05511059-dd19-4a20-b39a-8f758d690866","text":"Note number 5 for 05511059-dd19-4a20-b39a-8f758d690866","metadata":{"createdDate":"2018-04-26T19:31:00.816Z","createdByUserId":"ef676db9-d231-479a-aa91-f65eb4b17872"}}
9766e415-f63f-4577-9512-7c5430141f62	{"id":"9766e415-f63f-4577-9512-7c5430141f62","link":"users/05511059-dd19-4a20-b39a-8f758d690866","text":"Note number 6 for 05511059-dd19-4a20-b39a-8f758d690866","metadata":{"createdDate":"2018-04-26T19:31:00.816Z","createdByUserId":"ef676db9-d231-479a-aa91-f65eb4b17872"}}
71d4d12b-dc51-4b1c-9342-81ac02c562d3	{"id":"71d4d12b-dc51-4b1c-9342-81ac02c562d3","link":"users/05511059-dd19-4a20-b39a-8f758d690866","text":"Note number 7 for 05511059-dd19-4a20-b39a-8f758d690866","metadata":{"createdDate":"2018-04-26T19:31:00.816Z","createdByUserId":"ef676db9-d231-479a-aa91-f65eb4b17872"}}
0bffa2c4-5535-4d50-96a8-dcc93e98ffbe	{"id":"0bffa2c4-5535-4d50-96a8-dcc93e98ffbe","link":"users/05511059-dd19-4a20-b39a-8f758d690866","text":"Note number 8 for 05511059-dd19-4a20-b39a-8f758d690866","metadata":{"createdDate":"2018-04-26T19:31:00.816Z","createdByUserId":"ef676db9-d231-479a-aa91-f65eb4b17872"}}
2f59d79b-07cb-4bba-bee0-0d79b7c6280a	{"id":"2f59d79b-07cb-4bba-bee0-0d79b7c6280a","link":"users/05511059-dd19-4a20-b39a-8f758d690866","text":"Note number 9 for 05511059-dd19-4a20-b39a-8f758d690866","metadata":{"createdDate":"2018-04-26T19:31:00.816Z","createdByUserId":"ef676db9-d231-479a-aa91-f65eb4b17872"}}
89d44fb7-140a-47f1-a8d3-f1f54bf0a415	{"id":"89d44fb7-140a-47f1-a8d3-f1f54bf0a415","link":"users/05511059-dd19-4a20-b39a-8f758d690866","text":"Note number 10 for 05511059-dd19-4a20-b39a-8f758d690866","metadata":{"createdDate":"2018-04-26T19:31:00.816Z","createdByUserId":"ef676db9-d231-479a-aa91-f65eb4b17872"}}
af3aeed5-fe8d-4b66-9546-07a69dd3b9ad	{"id":"af3aeed5-fe8d-4b66-9546-07a69dd3b9ad","link":"users/1786c4df-6268-4ef9-8538-8fc031b49a5e","text":"Note number 1 for 1786c4df-6268-4ef9-8538-8fc031b49a5e","metadata":{"createdDate":"2018-04-26T19:31:00.816Z","createdByUserId":"ef676db9-d231-479a-aa91-f65eb4b17872"}}
2c0f8171-ac37-4a1f-acab-bca464e2aa14	{"id":"2c0f8171-ac37-4a1f-acab-bca464e2aa14","link":"users/1786c4df-6268-4ef9-8538-8fc031b49a5e","text":"Note number 2 for 1786c4df-6268-4ef9-8538-8fc031b49a5e","metadata":{"createdDate":"2018-04-26T19:31:00.816Z","createdByUserId":"ef676db9-d231-479a-aa91-f65eb4b17872"}}
d283c166-002c-49b7-ad7a-5722c2d9b76f	{"id":"d283c166-002c-49b7-ad7a-5722c2d9b76f","link":"users/1786c4df-6268-4ef9-8538-8fc031b49a5e","text":"Note number 3 for 1786c4df-6268-4ef9-8538-8fc031b49a5e","metadata":{"createdDate":"2018-04-26T19:31:00.816Z","createdByUserId":"ef676db9-d231-479a-aa91-f65eb4b17872"}}
e934dcc5-8716-44c1-95ce-2d82000978de	{"id":"e934dcc5-8716-44c1-95ce-2d82000978de","link":"users/1786c4df-6268-4ef9-8538-8fc031b49a5e","text":"Note number 4 for 1786c4df-6268-4ef9-8538-8fc031b49a5e","metadata":{"createdDate":"2018-04-26T19:31:00.816Z","createdByUserId":"ef676db9-d231-479a-aa91-f65eb4b17872"}}
8109bf36-4cb4-4b0a-a5a7-f14c0ef308f9	{"id":"8109bf36-4cb4-4b0a-a5a7-f14c0ef308f9","link":"users/5534c713-62d4-4633-8d50-58591c17ee56","text":"Note number 1 for 5534c713-62d4-4633-8d50-58591c17ee56","metadata":{"createdDate":"2018-04-26T19:31:00.816Z","createdByUserId":"ef676db9-d231-479a-aa91-f65eb4b17872"}}
7d0d0b7d-c476-413d-8fa5-8da105dd87e0	{"id":"7d0d0b7d-c476-413d-8fa5-8da105dd87e0","link":"users/5534c713-62d4-4633-8d50-58591c17ee56","text":"Note number 2 for 5534c713-62d4-4633-8d50-58591c17ee56","metadata":{"createdDate":"2018-04-26T19:31:00.816Z","createdByUserId":"ef676db9-d231-479a-aa91-f65eb4b17872"}}
c8ed669a-c736-4b1c-bb0f-d1ab00299a02	{"id":"c8ed669a-c736-4b1c-bb0f-d1ab00299a02","link":"users/5534c713-62d4-4633-8d50-58591c17ee56","text":"Note number 3 for 5534c713-62d4-4633-8d50-58591c17ee56","metadata":{"createdDate":"2018-04-26T19:31:00.816Z","createdByUserId":"ef676db9-d231-479a-aa91-f65eb4b17872"}}
8945c492-4855-4887-a6a7-75e0c6ebf2c1	{"id":"8945c492-4855-4887-a6a7-75e0c6ebf2c1","link":"users/5534c713-62d4-4633-8d50-58591c17ee56","text":"Note number 4 for 5534c713-62d4-4633-8d50-58591c17ee56","metadata":{"createdDate":"2018-04-26T19:31:00.816Z","createdByUserId":"ef676db9-d231-479a-aa91-f65eb4b17872"}}
a059ae32-82fa-4e65-a7f2-9a456dc6e5fa	{"id":"a059ae32-82fa-4e65-a7f2-9a456dc6e5fa","link":"users/5534c713-62d4-4633-8d50-58591c17ee56","text":"Note number 5 for 5534c713-62d4-4633-8d50-58591c17ee56","metadata":{"createdDate":"2018-04-26T19:31:00.816Z","createdByUserId":"ef676db9-d231-479a-aa91-f65eb4b17872"}}
9439cc3e-d939-4157-98eb-7759b02b1aba	{"id":"9439cc3e-d939-4157-98eb-7759b02b1aba","link":"users/5534c713-62d4-4633-8d50-58591c17ee56","text":"Note number 6 for 5534c713-62d4-4633-8d50-58591c17ee56","metadata":{"createdDate":"2018-04-26T19:31:00.816Z","createdByUserId":"ef676db9-d231-479a-aa91-f65eb4b17872"}}
882e47c7-a58f-454b-90dd-9d2273f13374	{"id":"882e47c7-a58f-454b-90dd-9d2273f13374","link":"users/357727bc-1c25-4929-b5ab-b0ca8ffd818e","text":"Note number 1 for 357727bc-1c25-4929-b5ab-b0ca8ffd818e","metadata":{"createdDate":"2018-04-26T19:31:00.816Z","createdByUserId":"ef676db9-d231-479a-aa91-f65eb4b17872"}}
aa8b89e1-4b6d-479f-8d35-486b9e21a46c	{"id":"aa8b89e1-4b6d-479f-8d35-486b9e21a46c","link":"users/357727bc-1c25-4929-b5ab-b0ca8ffd818e","text":"Note number 2 for 357727bc-1c25-4929-b5ab-b0ca8ffd818e","metadata":{"createdDate":"2018-04-26T19:31:00.816Z","createdByUserId":"ef676db9-d231-479a-aa91-f65eb4b17872"}}
0ef39080-6d54-47df-bd27-969ba7257418	{"id":"0ef39080-6d54-47df-bd27-969ba7257418","link":"users/357727bc-1c25-4929-b5ab-b0ca8ffd818e","text":"Note number 3 for 357727bc-1c25-4929-b5ab-b0ca8ffd818e","metadata":{"createdDate":"2018-04-26T19:31:00.816Z","createdByUserId":"ef676db9-d231-479a-aa91-f65eb4b17872"}}
825e54e9-93de-4bc5-a7f2-18d6aade5992	{"id":"825e54e9-93de-4bc5-a7f2-18d6aade5992","link":"users/b5904b82-c47b-4b1f-80c3-1c36e830fe47","text":"Note number 1 for b5904b82-c47b-4b1f-80c3-1c36e830fe47","metadata":{"createdDate":"2018-04-26T19:31:00.816Z","createdByUserId":"ef676db9-d231-479a-aa91-f65eb4b17872"}}
1c833738-d7d1-4eb2-b09f-5255c66096b1	{"id":"1c833738-d7d1-4eb2-b09f-5255c66096b1","link":"users/b5904b82-c47b-4b1f-80c3-1c36e830fe47","text":"Note number 2 for b5904b82-c47b-4b1f-80c3-1c36e830fe47","metadata":{"createdDate":"2018-04-26T19:31:00.816Z","createdByUserId":"ef676db9-d231-479a-aa91-f65eb4b17872"}}
e954c88a-75b5-4703-9341-00188b4c93a3	{"id":"e954c88a-75b5-4703-9341-00188b4c93a3","link":"users/8c711445-71d3-4fbe-aa9d-3d489f043e1f","text":"Note number 1 for 8c711445-71d3-4fbe-aa9d-3d489f043e1f","metadata":{"createdDate":"2018-04-26T19:31:00.816Z","createdByUserId":"ef676db9-d231-479a-aa91-f65eb4b17872"}}
7f0fcf0e-685e-4592-a8a8-4260fe9e9f27	{"id":"7f0fcf0e-685e-4592-a8a8-4260fe9e9f27","link":"users/8c711445-71d3-4fbe-aa9d-3d489f043e1f","text":"Note number 2 for 8c711445-71d3-4fbe-aa9d-3d489f043e1f","metadata":{"createdDate":"2018-04-26T19:31:00.816Z","createdByUserId":"ef676db9-d231-479a-aa91-f65eb4b17872"}}
cb567386-d469-4a83-a997-7bf1233db434	{"id":"cb567386-d469-4a83-a997-7bf1233db434","link":"users/8c711445-71d3-4fbe-aa9d-3d489f043e1f","text":"Note number 3 for 8c711445-71d3-4fbe-aa9d-3d489f043e1f","metadata":{"createdDate":"2018-04-26T19:31:00.816Z","createdByUserId":"ef676db9-d231-479a-aa91-f65eb4b17872"}}
9a007a0a-5dc1-44e7-b741-1f84e5451a0a	{"id":"9a007a0a-5dc1-44e7-b741-1f84e5451a0a","link":"users/8c711445-71d3-4fbe-aa9d-3d489f043e1f","text":"Note number 4 for 8c711445-71d3-4fbe-aa9d-3d489f043e1f","metadata":{"createdDate":"2018-04-26T19:31:00.816Z","createdByUserId":"ef676db9-d231-479a-aa91-f65eb4b17872"}}
3ce185df-3c68-486d-a7cd-deabbc7235a4	{"id":"3ce185df-3c68-486d-a7cd-deabbc7235a4","link":"users/8c711445-71d3-4fbe-aa9d-3d489f043e1f","text":"Note number 5 for 8c711445-71d3-4fbe-aa9d-3d489f043e1f","metadata":{"createdDate":"2018-04-26T19:31:00.816Z","createdByUserId":"ef676db9-d231-479a-aa91-f65eb4b17872"}}
55c620b0-3388-40de-a4db-9fed0a59739e	{"id":"55c620b0-3388-40de-a4db-9fed0a59739e","link":"users/8c711445-71d3-4fbe-aa9d-3d489f043e1f","text":"Note number 6 for 8c711445-71d3-4fbe-aa9d-3d489f043e1f","metadata":{"createdDate":"2018-04-26T19:31:00.816Z","createdByUserId":"ef676db9-d231-479a-aa91-f65eb4b17872"}}
b5472eec-5ca6-4e59-9da0-83b02f5a11d9	{"id":"b5472eec-5ca6-4e59-9da0-83b02f5a11d9","link":"users/8c711445-71d3-4fbe-aa9d-3d489f043e1f","text":"Note number 7 for 8c711445-71d3-4fbe-aa9d-3d489f043e1f","metadata":{"createdDate":"2018-04-26T19:31:00.816Z","createdByUserId":"ef676db9-d231-479a-aa91-f65eb4b17872"}}
1aaec965-2080-4f8a-bf35-0184f1ac2d61	{"id":"1aaec965-2080-4f8a-bf35-0184f1ac2d61","link":"users/b5f5b0e3-d2e1-4eea-b4dc-f8c6884cb153","text":"Note number 1 for b5f5b0e3-d2e1-4eea-b4dc-f8c6884cb153","metadata":{"createdDate":"2018-04-26T19:31:00.816Z","createdByUserId":"ef676db9-d231-479a-aa91-f65eb4b17872"}}
41742904-7819-43be-a81a-434ef3b2591f	{"id":"41742904-7819-43be-a81a-434ef3b2591f","link":"users/b5f5b0e3-d2e1-4eea-b4dc-f8c6884cb153","text":"Note number 2 for b5f5b0e3-d2e1-4eea-b4dc-f8c6884cb153","metadata":{"createdDate":"2018-04-26T19:31:00.816Z","createdByUserId":"ef676db9-d231-479a-aa91-f65eb4b17872"}}
845ea52c-2316-4477-bc58-f826a95a3c6f	{"id":"845ea52c-2316-4477-bc58-f826a95a3c6f","link":"users/b5f5b0e3-d2e1-4eea-b4dc-f8c6884cb153","text":"Note number 3 for b5f5b0e3-d2e1-4eea-b4dc-f8c6884cb153","metadata":{"createdDate":"2018-04-26T19:31:00.816Z","createdByUserId":"ef676db9-d231-479a-aa91-f65eb4b17872"}}
ad0728bf-9f69-4992-a1a8-b6a455b7ba6c	{"id":"ad0728bf-9f69-4992-a1a8-b6a455b7ba6c","link":"users/b5f5b0e3-d2e1-4eea-b4dc-f8c6884cb153","text":"Note number 4 for b5f5b0e3-d2e1-4eea-b4dc-f8c6884cb153","metadata":{"createdDate":"2018-04-26T19:31:00.816Z","createdByUserId":"ef676db9-d231-479a-aa91-f65eb4b17872"}}
35563be6-ea27-414b-b3e6-cc37369f9cf9	{"id":"35563be6-ea27-414b-b3e6-cc37369f9cf9","link":"users/b5f5b0e3-d2e1-4eea-b4dc-f8c6884cb153","text":"Note number 5 for b5f5b0e3-d2e1-4eea-b4dc-f8c6884cb153","metadata":{"createdDate":"2018-04-26T19:31:00.816Z","createdByUserId":"ef676db9-d231-479a-aa91-f65eb4b17872"}}
f37e3226-63e0-4388-be9e-971073e4ac55	{"id":"f37e3226-63e0-4388-be9e-971073e4ac55","link":"users/b5f5b0e3-d2e1-4eea-b4dc-f8c6884cb153","text":"Note number 6 for b5f5b0e3-d2e1-4eea-b4dc-f8c6884cb153","metadata":{"createdDate":"2018-04-26T19:31:00.816Z","createdByUserId":"ef676db9-d231-479a-aa91-f65eb4b17872"}}
299cc9c5-05a1-427a-942d-cc894ee4b1a3	{"id":"299cc9c5-05a1-427a-942d-cc894ee4b1a3","link":"users/b5f5b0e3-d2e1-4eea-b4dc-f8c6884cb153","text":"Note number 7 for b5f5b0e3-d2e1-4eea-b4dc-f8c6884cb153","metadata":{"createdDate":"2018-04-26T19:31:00.816Z","createdByUserId":"ef676db9-d231-479a-aa91-f65eb4b17872"}}
16561fb3-19a2-4013-92b3-7f559f837933	{"id":"16561fb3-19a2-4013-92b3-7f559f837933","link":"users/b5f5b0e3-d2e1-4eea-b4dc-f8c6884cb153","text":"Note number 8 for b5f5b0e3-d2e1-4eea-b4dc-f8c6884cb153","metadata":{"createdDate":"2018-04-26T19:31:00.817Z","createdByUserId":"ef676db9-d231-479a-aa91-f65eb4b17872"}}
af5ad43c-9c74-4b66-b4cd-6548faf328e7	{"id":"af5ad43c-9c74-4b66-b4cd-6548faf328e7","link":"users/b5f5b0e3-d2e1-4eea-b4dc-f8c6884cb153","text":"Note number 9 for b5f5b0e3-d2e1-4eea-b4dc-f8c6884cb153","metadata":{"createdDate":"2018-04-26T19:31:00.817Z","createdByUserId":"ef676db9-d231-479a-aa91-f65eb4b17872"}}
c37572b9-e867-49ff-a540-75eb37f775d0	{"id":"c37572b9-e867-49ff-a540-75eb37f775d0","link":"users/f0f85566-76fa-442e-a064-0cb1dfe4b0c6","text":"Note number 1 for f0f85566-76fa-442e-a064-0cb1dfe4b0c6","metadata":{"createdDate":"2018-04-26T19:31:00.817Z","createdByUserId":"ef676db9-d231-479a-aa91-f65eb4b17872"}}
aa5037cb-9c2f-4018-9d24-83910b2702d2	{"id":"aa5037cb-9c2f-4018-9d24-83910b2702d2","link":"users/f0f85566-76fa-442e-a064-0cb1dfe4b0c6","text":"Note number 2 for f0f85566-76fa-442e-a064-0cb1dfe4b0c6","metadata":{"createdDate":"2018-04-26T19:31:00.817Z","createdByUserId":"ef676db9-d231-479a-aa91-f65eb4b17872"}}
df913fcd-f3b8-4c14-9180-556d95f5e1ea	{"id":"df913fcd-f3b8-4c14-9180-556d95f5e1ea","link":"users/f0f85566-76fa-442e-a064-0cb1dfe4b0c6","text":"Note number 3 for f0f85566-76fa-442e-a064-0cb1dfe4b0c6","metadata":{"createdDate":"2018-04-26T19:31:00.817Z","createdByUserId":"ef676db9-d231-479a-aa91-f65eb4b17872"}}
96c9d5b4-8636-4d03-9116-032886cbfcf7	{"id":"96c9d5b4-8636-4d03-9116-032886cbfcf7","link":"users/f0f85566-76fa-442e-a064-0cb1dfe4b0c6","text":"Note number 4 for f0f85566-76fa-442e-a064-0cb1dfe4b0c6","metadata":{"createdDate":"2018-04-26T19:31:00.817Z","createdByUserId":"ef676db9-d231-479a-aa91-f65eb4b17872"}}
f28e4bee-d07d-41b1-acf9-2a7f9bcb3275	{"id":"f28e4bee-d07d-41b1-acf9-2a7f9bcb3275","link":"users/f0f85566-76fa-442e-a064-0cb1dfe4b0c6","text":"Note number 5 for f0f85566-76fa-442e-a064-0cb1dfe4b0c6","metadata":{"createdDate":"2018-04-26T19:31:00.817Z","createdByUserId":"ef676db9-d231-479a-aa91-f65eb4b17872"}}
4f44d4b5-8827-436e-ada6-7bbcd4823cef	{"id":"4f44d4b5-8827-436e-ada6-7bbcd4823cef","link":"users/fbe593d4-4a4b-4ef2-a88a-414c792f1d4e","text":"Note number 1 for fbe593d4-4a4b-4ef2-a88a-414c792f1d4e","metadata":{"createdDate":"2018-04-26T19:31:00.817Z","createdByUserId":"ef676db9-d231-479a-aa91-f65eb4b17872"}}
4938e0e9-4e57-4441-a58b-5b2a0c8b666c	{"id":"4938e0e9-4e57-4441-a58b-5b2a0c8b666c","link":"users/fbe593d4-4a4b-4ef2-a88a-414c792f1d4e","text":"Note number 2 for fbe593d4-4a4b-4ef2-a88a-414c792f1d4e","metadata":{"createdDate":"2018-04-26T19:31:00.817Z","createdByUserId":"ef676db9-d231-479a-aa91-f65eb4b17872"}}
3d666d56-01f5-45a4-8d92-9070fee2bc77	{"id":"3d666d56-01f5-45a4-8d92-9070fee2bc77","link":"users/fbe593d4-4a4b-4ef2-a88a-414c792f1d4e","text":"Note number 3 for fbe593d4-4a4b-4ef2-a88a-414c792f1d4e","metadata":{"createdDate":"2018-04-26T19:31:00.817Z","createdByUserId":"ef676db9-d231-479a-aa91-f65eb4b17872"}}
7622bffa-caaa-4c8a-b8e0-b1977b4fdea7	{"id":"7622bffa-caaa-4c8a-b8e0-b1977b4fdea7","link":"users/fbe593d4-4a4b-4ef2-a88a-414c792f1d4e","text":"Note number 4 for fbe593d4-4a4b-4ef2-a88a-414c792f1d4e","metadata":{"createdDate":"2018-04-26T19:31:00.817Z","createdByUserId":"ef676db9-d231-479a-aa91-f65eb4b17872"}}
f967ab98-9f97-4aff-872f-c3b4b2ff42b5	{"id":"f967ab98-9f97-4aff-872f-c3b4b2ff42b5","link":"users/fbe593d4-4a4b-4ef2-a88a-414c792f1d4e","text":"Note number 5 for fbe593d4-4a4b-4ef2-a88a-414c792f1d4e","metadata":{"createdDate":"2018-04-26T19:31:00.817Z","createdByUserId":"ef676db9-d231-479a-aa91-f65eb4b17872"}}
e9d1bb65-d2bc-4385-8782-39f2e1257128	{"id":"e9d1bb65-d2bc-4385-8782-39f2e1257128","link":"users/fbe593d4-4a4b-4ef2-a88a-414c792f1d4e","text":"Note number 6 for fbe593d4-4a4b-4ef2-a88a-414c792f1d4e","metadata":{"createdDate":"2018-04-26T19:31:00.817Z","createdByUserId":"ef676db9-d231-479a-aa91-f65eb4b17872"}}
286f6d84-1287-49e6-b855-0317d1055096	{"id":"286f6d84-1287-49e6-b855-0317d1055096","link":"users/fbe593d4-4a4b-4ef2-a88a-414c792f1d4e","text":"Note number 7 for fbe593d4-4a4b-4ef2-a88a-414c792f1d4e","metadata":{"createdDate":"2018-04-26T19:31:00.817Z","createdByUserId":"ef676db9-d231-479a-aa91-f65eb4b17872"}}
fe3a63df-7202-48a8-8d36-5d6c92ec9af9	{"id":"fe3a63df-7202-48a8-8d36-5d6c92ec9af9","link":"users/fbe593d4-4a4b-4ef2-a88a-414c792f1d4e","text":"Note number 8 for fbe593d4-4a4b-4ef2-a88a-414c792f1d4e","metadata":{"createdDate":"2018-04-26T19:31:00.817Z","createdByUserId":"ef676db9-d231-479a-aa91-f65eb4b17872"}}
4e7a68a5-69d3-4643-bd79-16030ccf7d24	{"id":"4e7a68a5-69d3-4643-bd79-16030ccf7d24","link":"users/fbe593d4-4a4b-4ef2-a88a-414c792f1d4e","text":"Note number 9 for fbe593d4-4a4b-4ef2-a88a-414c792f1d4e","metadata":{"createdDate":"2018-04-26T19:31:00.817Z","createdByUserId":"ef676db9-d231-479a-aa91-f65eb4b17872"}}
e4a488cc-03f4-4f14-b113-1c1dfeba16c5	{"id":"e4a488cc-03f4-4f14-b113-1c1dfeba16c5","link":"users/fbe593d4-4a4b-4ef2-a88a-414c792f1d4e","text":"Note number 10 for fbe593d4-4a4b-4ef2-a88a-414c792f1d4e","metadata":{"createdDate":"2018-04-26T19:31:00.817Z","createdByUserId":"ef676db9-d231-479a-aa91-f65eb4b17872"}}
508b6476-c515-4632-8d39-058dda18f81f	{"id":"508b6476-c515-4632-8d39-058dda18f81f","link":"users/507db077-88a1-4661-87ec-622d07fd3ef3","text":"Note number 1 for 507db077-88a1-4661-87ec-622d07fd3ef3","metadata":{"createdDate":"2018-04-26T19:31:00.817Z","createdByUserId":"ef676db9-d231-479a-aa91-f65eb4b17872"}}
f69328e2-1bd5-49f7-8d5f-67183b12113b	{"id":"f69328e2-1bd5-49f7-8d5f-67183b12113b","link":"users/507db077-88a1-4661-87ec-622d07fd3ef3","text":"Note number 2 for 507db077-88a1-4661-87ec-622d07fd3ef3","metadata":{"createdDate":"2018-04-26T19:31:00.817Z","createdByUserId":"ef676db9-d231-479a-aa91-f65eb4b17872"}}
db381e55-3b96-46b3-a78b-30ce8036c3ae	{"id":"db381e55-3b96-46b3-a78b-30ce8036c3ae","link":"users/507db077-88a1-4661-87ec-622d07fd3ef3","text":"Note number 3 for 507db077-88a1-4661-87ec-622d07fd3ef3","metadata":{"createdDate":"2018-04-26T19:31:00.817Z","createdByUserId":"ef676db9-d231-479a-aa91-f65eb4b17872"}}
0267d3df-d432-4418-b45f-b525022fb9a6	{"id":"0267d3df-d432-4418-b45f-b525022fb9a6","link":"users/507db077-88a1-4661-87ec-622d07fd3ef3","text":"Note number 4 for 507db077-88a1-4661-87ec-622d07fd3ef3","metadata":{"createdDate":"2018-04-26T19:31:00.817Z","createdByUserId":"ef676db9-d231-479a-aa91-f65eb4b17872"}}
92f4af18-8c45-48c0-b70d-4a47f89c627d	{"id":"92f4af18-8c45-48c0-b70d-4a47f89c627d","link":"users/507db077-88a1-4661-87ec-622d07fd3ef3","text":"Note number 5 for 507db077-88a1-4661-87ec-622d07fd3ef3","metadata":{"createdDate":"2018-04-26T19:31:00.817Z","createdByUserId":"ef676db9-d231-479a-aa91-f65eb4b17872"}}
140af802-3bd1-4e13-9d71-4232d1cf7472	{"id":"140af802-3bd1-4e13-9d71-4232d1cf7472","link":"users/507db077-88a1-4661-87ec-622d07fd3ef3","text":"Note number 6 for 507db077-88a1-4661-87ec-622d07fd3ef3","metadata":{"createdDate":"2018-04-26T19:31:00.817Z","createdByUserId":"ef676db9-d231-479a-aa91-f65eb4b17872"}}
2615f316-e10c-46f3-a00c-fb2932fed06f	{"id":"2615f316-e10c-46f3-a00c-fb2932fed06f","link":"users/507db077-88a1-4661-87ec-622d07fd3ef3","text":"Note number 7 for 507db077-88a1-4661-87ec-622d07fd3ef3","metadata":{"createdDate":"2018-04-26T19:31:00.817Z","createdByUserId":"ef676db9-d231-479a-aa91-f65eb4b17872"}}
a8f70c0d-fa65-4a97-9cde-c0a37d4e83bd	{"id":"a8f70c0d-fa65-4a97-9cde-c0a37d4e83bd","link":"users/507db077-88a1-4661-87ec-622d07fd3ef3","text":"Note number 8 for 507db077-88a1-4661-87ec-622d07fd3ef3","metadata":{"createdDate":"2018-04-26T19:31:00.817Z","createdByUserId":"ef676db9-d231-479a-aa91-f65eb4b17872"}}
87e26544-e797-47d1-91d7-ef5b7d19b383	{"id":"87e26544-e797-47d1-91d7-ef5b7d19b383","link":"users/e6dcda38-08db-4d4f-8493-9f31c5df6cfa","text":"Note number 1 for e6dcda38-08db-4d4f-8493-9f31c5df6cfa","metadata":{"createdDate":"2018-04-26T19:31:00.817Z","createdByUserId":"ef676db9-d231-479a-aa91-f65eb4b17872"}}
672187a2-1da7-448e-adba-532fa654c926	{"id":"672187a2-1da7-448e-adba-532fa654c926","link":"users/e6dcda38-08db-4d4f-8493-9f31c5df6cfa","text":"Note number 2 for e6dcda38-08db-4d4f-8493-9f31c5df6cfa","metadata":{"createdDate":"2018-04-26T19:31:00.817Z","createdByUserId":"ef676db9-d231-479a-aa91-f65eb4b17872"}}
4210e9cc-6cc1-45ee-bc96-24eaf1f531ae	{"id":"4210e9cc-6cc1-45ee-bc96-24eaf1f531ae","link":"users/e6dcda38-08db-4d4f-8493-9f31c5df6cfa","text":"Note number 3 for e6dcda38-08db-4d4f-8493-9f31c5df6cfa","metadata":{"createdDate":"2018-04-26T19:31:00.817Z","createdByUserId":"ef676db9-d231-479a-aa91-f65eb4b17872"}}
0e49ff92-5fdc-48bd-a11d-b498ad77208a	{"id":"0e49ff92-5fdc-48bd-a11d-b498ad77208a","link":"users/e6dcda38-08db-4d4f-8493-9f31c5df6cfa","text":"Note number 4 for e6dcda38-08db-4d4f-8493-9f31c5df6cfa","metadata":{"createdDate":"2018-04-26T19:31:00.817Z","createdByUserId":"ef676db9-d231-479a-aa91-f65eb4b17872"}}
2322d885-1242-40dc-b885-205ced4eff98	{"id":"2322d885-1242-40dc-b885-205ced4eff98","link":"users/e6dcda38-08db-4d4f-8493-9f31c5df6cfa","text":"Note number 5 for e6dcda38-08db-4d4f-8493-9f31c5df6cfa","metadata":{"createdDate":"2018-04-26T19:31:00.817Z","createdByUserId":"ef676db9-d231-479a-aa91-f65eb4b17872"}}
f83e5a2b-68a9-4100-a29a-c7d009792a40	{"id":"f83e5a2b-68a9-4100-a29a-c7d009792a40","link":"users/e6dcda38-08db-4d4f-8493-9f31c5df6cfa","text":"Note number 6 for e6dcda38-08db-4d4f-8493-9f31c5df6cfa","metadata":{"createdDate":"2018-04-26T19:31:00.817Z","createdByUserId":"ef676db9-d231-479a-aa91-f65eb4b17872"}}
7d46b935-1d33-4e77-8b35-e87d844a8a70	{"id":"7d46b935-1d33-4e77-8b35-e87d844a8a70","link":"users/e6dcda38-08db-4d4f-8493-9f31c5df6cfa","text":"Note number 7 for e6dcda38-08db-4d4f-8493-9f31c5df6cfa","metadata":{"createdDate":"2018-04-26T19:31:00.817Z","createdByUserId":"ef676db9-d231-479a-aa91-f65eb4b17872"}}
6115445a-4628-4539-9675-f8e1d07939f5	{"id":"6115445a-4628-4539-9675-f8e1d07939f5","link":"users/e6dcda38-08db-4d4f-8493-9f31c5df6cfa","text":"Note number 8 for e6dcda38-08db-4d4f-8493-9f31c5df6cfa","metadata":{"createdDate":"2018-04-26T19:31:00.817Z","createdByUserId":"ef676db9-d231-479a-aa91-f65eb4b17872"}}
cccf3808-e8fb-4808-ad2b-03919ae8da2b	{"id":"cccf3808-e8fb-4808-ad2b-03919ae8da2b","link":"users/b3999056-4a3f-47e2-8fb0-27226a2c0ccd","text":"Note number 1 for b3999056-4a3f-47e2-8fb0-27226a2c0ccd","metadata":{"createdDate":"2018-04-26T19:31:00.817Z","createdByUserId":"ef676db9-d231-479a-aa91-f65eb4b17872"}}
f15a6cb3-5f38-41a4-b5e1-6387a86151d0	{"id":"f15a6cb3-5f38-41a4-b5e1-6387a86151d0","link":"users/b3999056-4a3f-47e2-8fb0-27226a2c0ccd","text":"Note number 2 for b3999056-4a3f-47e2-8fb0-27226a2c0ccd","metadata":{"createdDate":"2018-04-26T19:31:00.817Z","createdByUserId":"ef676db9-d231-479a-aa91-f65eb4b17872"}}
764adcf7-31d1-4789-865e-309b364e819b	{"id":"764adcf7-31d1-4789-865e-309b364e819b","link":"users/b3999056-4a3f-47e2-8fb0-27226a2c0ccd","text":"Note number 3 for b3999056-4a3f-47e2-8fb0-27226a2c0ccd","metadata":{"createdDate":"2018-04-26T19:31:00.817Z","createdByUserId":"ef676db9-d231-479a-aa91-f65eb4b17872"}}
a9d11f28-e3df-4683-8560-afb09ac7bab8	{"id":"a9d11f28-e3df-4683-8560-afb09ac7bab8","link":"users/b3999056-4a3f-47e2-8fb0-27226a2c0ccd","text":"Note number 4 for b3999056-4a3f-47e2-8fb0-27226a2c0ccd","metadata":{"createdDate":"2018-04-26T19:31:00.817Z","createdByUserId":"ef676db9-d231-479a-aa91-f65eb4b17872"}}
cffff6c3-153c-446a-a412-97941f9ecf34	{"id":"cffff6c3-153c-446a-a412-97941f9ecf34","link":"users/b3999056-4a3f-47e2-8fb0-27226a2c0ccd","text":"Note number 5 for b3999056-4a3f-47e2-8fb0-27226a2c0ccd","metadata":{"createdDate":"2018-04-26T19:31:00.817Z","createdByUserId":"ef676db9-d231-479a-aa91-f65eb4b17872"}}
