e054d8b0-2a67-46ad-9adf-1cc421aea16c	{"active":true,"personal":{"firstName":"Administrator","lastName":"Administrator","email":"admin@demo.folio.org"},"username":"admin","patronGroup":"5464cbd9-2c7d-4286-8e89-20c75980884b","id":"e054d8b0-2a67-46ad-9adf-1cc421aea16c","barcode":9239353250,"createdDate":"2018-06-18T13:07:43.838Z","updatedDate":"2018-06-18T13:07:43.838Z","metadata":{"createdDate":"2018-06-18T13:07:43.838Z","createdByUserId":"2d6dde08-813b-49f0-9b61-2adb08573e7c","updatedDate":"2018-06-18T13:07:43.838Z","updatedByUserId":"2d6dde08-813b-49f0-9b61-2adb08573e7c"}}
c1f0f218-31ab-461d-beb2-46f065859a07	{"active":true,"personal":{"firstName":"Folio","lastName":"Folio","email":"folio@demo.folio.org"},"username":"folio","patronGroup":"5464cbd9-2c7d-4286-8e89-20c75980884b","id":"c1f0f218-31ab-461d-beb2-46f065859a07","barcode":652698733,"createdDate":"2018-06-18T13:07:43.840Z","updatedDate":"2018-06-18T13:07:43.840Z","metadata":{"createdDate":"2018-06-18T13:07:43.840Z","createdByUserId":"2d6dde08-813b-49f0-9b61-2adb08573e7c","updatedDate":"2018-06-18T13:07:43.840Z","updatedByUserId":"2d6dde08-813b-49f0-9b61-2adb08573e7c"}}
a0985673-a9eb-4c9f-b90b-35aa47e2ef21	{"active":true,"personal":{"firstName":"{TENANT}","lastName":"{TENANT}","email":"{TENANT}@ebsco.com"},"username":"{TENANT}","patronGroup":"0da8de38-fd05-44ed-bc51-011fe30eeb9d","id":"a0985673-a9eb-4c9f-b90b-35aa47e2ef21","barcode":767990272,"createdDate":"2018-06-18T13:07:43.841Z","updatedDate":"2018-06-18T13:07:43.841Z","metadata":{"createdDate":"2018-06-18T13:07:43.841Z","createdByUserId":"2d6dde08-813b-49f0-9b61-2adb08573e7c","updatedDate":"2018-06-18T13:07:43.841Z","updatedByUserId":"2d6dde08-813b-49f0-9b61-2adb08573e7c"}}
5387ec34-e5fe-4377-ad37-3d1fa7247d3a	{"active":true,"personal":{"firstName":"Harry","lastName":"Kaplanian","email":"hkaplanian@ebsco.com"},"username":"Kapman","patronGroup":"5464cbd9-2c7d-4286-8e89-20c75980884b","id":"5387ec34-e5fe-4377-ad37-3d1fa7247d3a","barcode":5215007658,"createdDate":"2018-06-18T13:07:43.841Z","updatedDate":"2018-06-18T13:07:43.841Z","metadata":{"createdDate":"2018-06-18T13:07:43.841Z","createdByUserId":"2d6dde08-813b-49f0-9b61-2adb08573e7c","updatedDate":"2018-06-18T13:07:43.841Z","updatedByUserId":"2d6dde08-813b-49f0-9b61-2adb08573e7c"}}
ff70560f-6377-437f-8bc2-f8eb59c97050	{"active":true,"personal":{"firstName":"Vince","lastName":"Bareau","email":"vbar@ebsco.com"},"username":"vbar","patronGroup":"5464cbd9-2c7d-4286-8e89-20c75980884b","id":"ff70560f-6377-437f-8bc2-f8eb59c97050","barcode":5283601239,"createdDate":"2018-06-18T13:07:43.841Z","updatedDate":"2018-06-18T13:07:43.841Z","metadata":{"createdDate":"2018-06-18T13:07:43.841Z","createdByUserId":"2d6dde08-813b-49f0-9b61-2adb08573e7c","updatedDate":"2018-06-18T13:07:43.841Z","updatedByUserId":"2d6dde08-813b-49f0-9b61-2adb08573e7c"}}
2f86c788-6f3b-4b2f-bd9b-50dd88090d58	{"active":true,"personal":{"firstName":"Richard","lastName":"Burkitt","email":"rburkitt@ebsco.com"},"username":"rburkitt","patronGroup":"5464cbd9-2c7d-4286-8e89-20c75980884b","id":"2f86c788-6f3b-4b2f-bd9b-50dd88090d58","barcode":8119690627,"createdDate":"2018-06-18T13:07:43.841Z","updatedDate":"2018-06-18T13:07:43.841Z","metadata":{"createdDate":"2018-06-18T13:07:43.841Z","createdByUserId":"2d6dde08-813b-49f0-9b61-2adb08573e7c","updatedDate":"2018-06-18T13:07:43.841Z","updatedByUserId":"2d6dde08-813b-49f0-9b61-2adb08573e7c"}}
7ed60ca8-193f-4b21-bf59-db39c850efd7	{"active":true,"personal":{"firstName":"Roman","lastName":"Piontek","email":"rpiontek@ebsco.com"},"username":"rpiontek","patronGroup":"5464cbd9-2c7d-4286-8e89-20c75980884b","id":"7ed60ca8-193f-4b21-bf59-db39c850efd7","barcode":3821227580,"createdDate":"2018-06-18T13:07:43.842Z","updatedDate":"2018-06-18T13:07:43.842Z","metadata":{"createdDate":"2018-06-18T13:07:43.842Z","createdByUserId":"2d6dde08-813b-49f0-9b61-2adb08573e7c","updatedDate":"2018-06-18T13:07:43.842Z","updatedByUserId":"2d6dde08-813b-49f0-9b61-2adb08573e7c"}}
f2b6a02f-140b-4360-bab5-6f2be1f3d51a	{"active":true,"personal":{"firstName":"Claus","lastName":"Wolf","email":"cwolf@ebsco.com"},"username":"cwolf","patronGroup":"5464cbd9-2c7d-4286-8e89-20c75980884b","id":"f2b6a02f-140b-4360-bab5-6f2be1f3d51a","barcode":2811538307,"createdDate":"2018-06-18T13:07:43.842Z","updatedDate":"2018-06-18T13:07:43.842Z","metadata":{"createdDate":"2018-06-18T13:07:43.842Z","createdByUserId":"2d6dde08-813b-49f0-9b61-2adb08573e7c","updatedDate":"2018-06-18T13:07:43.842Z","updatedByUserId":"2d6dde08-813b-49f0-9b61-2adb08573e7c"}}
1f03ea44-f9b5-4cc9-82ed-8dab98b4e818	{"active":true,"personal":{"firstName":"Rui","lastName":"Francisco","email":"rfrancisco@ebsco.com"},"username":"rfrancisco","patronGroup":"5464cbd9-2c7d-4286-8e89-20c75980884b","id":"1f03ea44-f9b5-4cc9-82ed-8dab98b4e818","barcode":4290693882,"createdDate":"2018-06-18T13:07:43.842Z","updatedDate":"2018-06-18T13:07:43.842Z","metadata":{"createdDate":"2018-06-18T13:07:43.842Z","createdByUserId":"2d6dde08-813b-49f0-9b61-2adb08573e7c","updatedDate":"2018-06-18T13:07:43.842Z","updatedByUserId":"2d6dde08-813b-49f0-9b61-2adb08573e7c"}}
aab84d9f-9ebd-4331-b4b8-871c542f5861	{"active":true,"personal":{"firstName":"Matthew","lastName":"Jones","email":"mattjones@ebsco.com"},"username":"mjones","patronGroup":"5464cbd9-2c7d-4286-8e89-20c75980884b","id":"aab84d9f-9ebd-4331-b4b8-871c542f5861","barcode":5385331651,"createdDate":"2018-06-18T13:07:43.842Z","updatedDate":"2018-06-18T13:07:43.842Z","metadata":{"createdDate":"2018-06-18T13:07:43.842Z","createdByUserId":"2d6dde08-813b-49f0-9b61-2adb08573e7c","updatedDate":"2018-06-18T13:07:43.842Z","updatedByUserId":"2d6dde08-813b-49f0-9b61-2adb08573e7c"}}
f274c881-17da-4253-9b4c-7c6391f822fa	{"active":true,"personal":{"firstName":"Richa","lastName":"Tiwary","email":"rtiwary@ebsco.com"},"username":"rtiwary","patronGroup":"5464cbd9-2c7d-4286-8e89-20c75980884b","id":"f274c881-17da-4253-9b4c-7c6391f822fa","barcode":492603692,"createdDate":"2018-06-18T13:07:43.842Z","updatedDate":"2018-06-18T13:07:43.842Z","metadata":{"createdDate":"2018-06-18T13:07:43.842Z","createdByUserId":"2d6dde08-813b-49f0-9b61-2adb08573e7c","updatedDate":"2018-06-18T13:07:43.842Z","updatedByUserId":"2d6dde08-813b-49f0-9b61-2adb08573e7c"}}
fdb8b24f-e221-43ce-bdf9-4823cdae3d4a	{"active":true,"personal":{"firstName":"Ron","lastName":"Burns","email":"rburns@ebsco.com"},"username":"rburns","patronGroup":"5464cbd9-2c7d-4286-8e89-20c75980884b","id":"fdb8b24f-e221-43ce-bdf9-4823cdae3d4a","barcode":1820593662,"createdDate":"2018-06-18T13:07:43.843Z","updatedDate":"2018-06-18T13:07:43.843Z","metadata":{"createdDate":"2018-06-18T13:07:43.843Z","createdByUserId":"2d6dde08-813b-49f0-9b61-2adb08573e7c","updatedDate":"2018-06-18T13:07:43.843Z","updatedByUserId":"2d6dde08-813b-49f0-9b61-2adb08573e7c"}}
0ca7c194-db99-414d-8657-5d556ffbdd79	{"active":true,"personal":{"firstName":"Alexander","lastName":"Soto","email":"asoto@ebsco.com"},"username":"asoto","patronGroup":"5464cbd9-2c7d-4286-8e89-20c75980884b","id":"0ca7c194-db99-414d-8657-5d556ffbdd79","barcode":5892607501,"createdDate":"2018-06-18T13:07:43.843Z","updatedDate":"2018-06-18T13:07:43.843Z","metadata":{"createdDate":"2018-06-18T13:07:43.843Z","createdByUserId":"2d6dde08-813b-49f0-9b61-2adb08573e7c","updatedDate":"2018-06-18T13:07:43.843Z","updatedByUserId":"2d6dde08-813b-49f0-9b61-2adb08573e7c"}}
7dcabdcc-e3d9-4fef-82fd-89a928b79b9e	{"active":true,"personal":{"firstName":"Theodor","lastName":"Tolstoy","email":"ttolstoy@ebsco.com"},"username":"ttolstoy","patronGroup":"5464cbd9-2c7d-4286-8e89-20c75980884b","id":"7dcabdcc-e3d9-4fef-82fd-89a928b79b9e","barcode":2060663507,"createdDate":"2018-06-18T13:07:43.843Z","updatedDate":"2018-06-18T13:07:43.843Z","metadata":{"createdDate":"2018-06-18T13:07:43.843Z","createdByUserId":"2d6dde08-813b-49f0-9b61-2adb08573e7c","updatedDate":"2018-06-18T13:07:43.843Z","updatedByUserId":"2d6dde08-813b-49f0-9b61-2adb08573e7c"}}
dd76c57f-4160-4228-92fa-f5c7cad91d54	{"active":true,"personal":{"firstName":"Patricia","lastName":"Wanninger","email":"pwanninger@ebsco.com"},"username":"pwanninger","patronGroup":"5464cbd9-2c7d-4286-8e89-20c75980884b","id":"dd76c57f-4160-4228-92fa-f5c7cad91d54","barcode":4855153132,"createdDate":"2018-06-18T13:07:43.843Z","updatedDate":"2018-06-18T13:07:43.843Z","metadata":{"createdDate":"2018-06-18T13:07:43.843Z","createdByUserId":"2d6dde08-813b-49f0-9b61-2adb08573e7c","updatedDate":"2018-06-18T13:07:43.843Z","updatedByUserId":"2d6dde08-813b-49f0-9b61-2adb08573e7c"}}
b059171d-2931-4d29-ab46-0171bc90d42e	{"active":true,"personal":{"firstName":"Tom","lastName":"Ruhne","email":"truhne@ebsco.com"},"username":"truhne","patronGroup":"5464cbd9-2c7d-4286-8e89-20c75980884b","id":"b059171d-2931-4d29-ab46-0171bc90d42e","barcode":6130023819,"createdDate":"2018-06-18T13:07:43.843Z","updatedDate":"2018-06-18T13:07:43.843Z","metadata":{"createdDate":"2018-06-18T13:07:43.843Z","createdByUserId":"2d6dde08-813b-49f0-9b61-2adb08573e7c","updatedDate":"2018-06-18T13:07:43.843Z","updatedByUserId":"2d6dde08-813b-49f0-9b61-2adb08573e7c"}}
b02ebf71-22cc-42ea-9240-5728ae23ed46	{"active":true,"personal":{"firstName":"Mark","lastName":"Veksler","email":"mveksler@ebsco.com"},"username":"mveksler","patronGroup":"5464cbd9-2c7d-4286-8e89-20c75980884b","id":"b02ebf71-22cc-42ea-9240-5728ae23ed46","barcode":5684554080,"createdDate":"2018-06-18T13:07:43.843Z","updatedDate":"2018-06-18T13:07:43.843Z","metadata":{"createdDate":"2018-06-18T13:07:43.843Z","createdByUserId":"2d6dde08-813b-49f0-9b61-2adb08573e7c","updatedDate":"2018-06-18T13:07:43.843Z","updatedByUserId":"2d6dde08-813b-49f0-9b61-2adb08573e7c"}}
69727f7d-7640-4145-be23-7d70cb890949	{"active":true,"personal":{"firstName":"Timm-Martin","lastName":"Siewert","email":"tsiewert@ebsco.com"},"username":"tsiewert","patronGroup":"5464cbd9-2c7d-4286-8e89-20c75980884b","id":"69727f7d-7640-4145-be23-7d70cb890949","barcode":3186074416,"createdDate":"2018-06-18T13:07:43.844Z","updatedDate":"2018-06-18T13:07:43.844Z","metadata":{"createdDate":"2018-06-18T13:07:43.844Z","createdByUserId":"2d6dde08-813b-49f0-9b61-2adb08573e7c","updatedDate":"2018-06-18T13:07:43.844Z","updatedByUserId":"2d6dde08-813b-49f0-9b61-2adb08573e7c"}}
9c2bde2e-501e-4cdc-9de1-0bf78153a65c	{"active":true,"personal":{"firstName":"Eerik","lastName":"Wiren","email":"ewiren@ebsco.com"},"username":"ewiren","patronGroup":"5464cbd9-2c7d-4286-8e89-20c75980884b","id":"9c2bde2e-501e-4cdc-9de1-0bf78153a65c","barcode":8561188176,"createdDate":"2018-06-18T13:07:43.844Z","updatedDate":"2018-06-18T13:07:43.844Z","metadata":{"createdDate":"2018-06-18T13:07:43.844Z","createdByUserId":"2d6dde08-813b-49f0-9b61-2adb08573e7c","updatedDate":"2018-06-18T13:07:43.844Z","updatedByUserId":"2d6dde08-813b-49f0-9b61-2adb08573e7c"}}
f1577573-f99b-4d7a-8782-1a0c40a46b84	{"active":true,"personal":{"firstName":"Grzegorz","lastName":"Milewski","email":"gmilewski@ebsco.com"},"username":"gmilewski","patronGroup":"5464cbd9-2c7d-4286-8e89-20c75980884b","id":"f1577573-f99b-4d7a-8782-1a0c40a46b84","barcode":3418420471,"createdDate":"2018-06-18T13:07:43.844Z","updatedDate":"2018-06-18T13:07:43.844Z","metadata":{"createdDate":"2018-06-18T13:07:43.844Z","createdByUserId":"2d6dde08-813b-49f0-9b61-2adb08573e7c","updatedDate":"2018-06-18T13:07:43.844Z","updatedByUserId":"2d6dde08-813b-49f0-9b61-2adb08573e7c"}}
424cc916-81a3-494f-86b1-ed710560525f	{"active":true,"personal":{"firstName":"Eric","lastName":"Frierson","email":"efrierson@ebsco.com"},"username":"efrierson","patronGroup":"5464cbd9-2c7d-4286-8e89-20c75980884b","id":"424cc916-81a3-494f-86b1-ed710560525f","barcode":9225238028,"createdDate":"2018-06-18T13:07:43.844Z","updatedDate":"2018-06-18T13:07:43.844Z","metadata":{"createdDate":"2018-06-18T13:07:43.844Z","createdByUserId":"2d6dde08-813b-49f0-9b61-2adb08573e7c","updatedDate":"2018-06-18T13:07:43.844Z","updatedByUserId":"2d6dde08-813b-49f0-9b61-2adb08573e7c"}}
d9c91c79-8f92-4ee6-8cac-0e5f43ce2706	{"active":true,"personal":{"firstName":"Sharon","lastName":"Wiles-Young","email":"slw0@lehigh.edu"},"username":"slw0","patronGroup":"5464cbd9-2c7d-4286-8e89-20c75980884b","id":"d9c91c79-8f92-4ee6-8cac-0e5f43ce2706","barcode":113012424,"createdDate":"2018-06-18T13:07:43.844Z","updatedDate":"2018-06-18T13:07:43.844Z","metadata":{"createdDate":"2018-06-18T13:07:43.844Z","createdByUserId":"2d6dde08-813b-49f0-9b61-2adb08573e7c","updatedDate":"2018-06-18T13:07:43.844Z","updatedByUserId":"2d6dde08-813b-49f0-9b61-2adb08573e7c"}}
7834479a-d608-46c6-ab0b-e6f75bda83d7	{"active":true,"personal":{"firstName":"Greece","lastName":"Greece","email":"Greece@demo.folio.org"},"username":"Greece","patronGroup":"5464cbd9-2c7d-4286-8e89-20c75980884b","id":"7834479a-d608-46c6-ab0b-e6f75bda83d7","barcode":3357033437,"createdDate":"2018-06-18T13:07:43.845Z","updatedDate":"2018-06-18T13:07:43.845Z","metadata":{"createdDate":"2018-06-18T13:07:43.845Z","createdByUserId":"2d6dde08-813b-49f0-9b61-2adb08573e7c","updatedDate":"2018-06-18T13:07:43.845Z","updatedByUserId":"2d6dde08-813b-49f0-9b61-2adb08573e7c"}}
86a01402-8549-4932-8c56-b4cd064414de	{"active":true,"personal":{"firstName":"Hungary","lastName":"Hungary","email":"Hungary@demo.folio.org"},"username":"Hungary","patronGroup":"5464cbd9-2c7d-4286-8e89-20c75980884b","id":"86a01402-8549-4932-8c56-b4cd064414de","barcode":7135210809,"createdDate":"2018-06-18T13:07:43.845Z","updatedDate":"2018-06-18T13:07:43.845Z","metadata":{"createdDate":"2018-06-18T13:07:43.845Z","createdByUserId":"2d6dde08-813b-49f0-9b61-2adb08573e7c","updatedDate":"2018-06-18T13:07:43.845Z","updatedByUserId":"2d6dde08-813b-49f0-9b61-2adb08573e7c"}}
d9648e71-8bcf-432a-a887-6be88c04432b	{"active":true,"personal":{"firstName":"Adam","lastName":"Walsh","email":"awalsh@ebsco.com"},"username":"awalsh","patronGroup":"5464cbd9-2c7d-4286-8e89-20c75980884b","id":"d9648e71-8bcf-432a-a887-6be88c04432b","barcode":5872246302,"createdDate":"2018-06-18T13:07:43.845Z","updatedDate":"2018-06-18T13:07:43.845Z","metadata":{"createdDate":"2018-06-18T13:07:43.845Z","createdByUserId":"2d6dde08-813b-49f0-9b61-2adb08573e7c","updatedDate":"2018-06-18T13:07:43.845Z","updatedByUserId":"2d6dde08-813b-49f0-9b61-2adb08573e7c"}}
c4e4ddc5-3700-48ef-ada6-26ea9480c756	{"active":true,"personal":{"firstName":"Yareli","lastName":"Tran","email":"ytran@demo.folio.org"},"username":"ytran","patronGroup":"97d25c0c-3c18-4683-8b4a-979f5b6db2bf","id":"c4e4ddc5-3700-48ef-ada6-26ea9480c756","barcode":1991755765,"createdDate":"2018-06-18T13:07:43.846Z","updatedDate":"2018-06-18T13:07:43.846Z","metadata":{"createdDate":"2018-06-18T13:07:43.846Z","createdByUserId":"2d6dde08-813b-49f0-9b61-2adb08573e7c","updatedDate":"2018-06-18T13:07:43.846Z","updatedByUserId":"2d6dde08-813b-49f0-9b61-2adb08573e7c"}}
64b9df30-166a-40ef-9fa2-b960311a8924	{"active":true,"personal":{"firstName":"Adrian","lastName":"Dixon","email":"adixon@demo.folio.org"},"username":"adixon","patronGroup":"6e50e769-3e07-45f5-a7e2-d83f13d7402b","id":"64b9df30-166a-40ef-9fa2-b960311a8924","barcode":1499655803,"createdDate":"2018-06-18T13:07:43.846Z","updatedDate":"2018-06-18T13:07:43.846Z","metadata":{"createdDate":"2018-06-18T13:07:43.846Z","createdByUserId":"2d6dde08-813b-49f0-9b61-2adb08573e7c","updatedDate":"2018-06-18T13:07:43.846Z","updatedByUserId":"2d6dde08-813b-49f0-9b61-2adb08573e7c"}}
4a928059-648d-4bf7-a568-d19977214a72	{"active":true,"personal":{"firstName":"Michelle","lastName":"Robinson","email":"mrobinson@demo.folio.org"},"username":"mrobinson","patronGroup":"b0c005d5-599f-4839-b3f7-63000915cfc3","id":"4a928059-648d-4bf7-a568-d19977214a72","barcode":8544023412,"createdDate":"2018-06-18T13:07:43.846Z","updatedDate":"2018-06-18T13:07:43.846Z","metadata":{"createdDate":"2018-06-18T13:07:43.846Z","createdByUserId":"2d6dde08-813b-49f0-9b61-2adb08573e7c","updatedDate":"2018-06-18T13:07:43.846Z","updatedByUserId":"2d6dde08-813b-49f0-9b61-2adb08573e7c"}}
f42d8676-1db4-44b7-af1f-0772a628dbc3	{"active":true,"personal":{"firstName":"Leanna","lastName":"Sanders","email":"lsanders@ebsco.com"},"username":"lsanders","patronGroup":"a7f4cac3-884a-47be-aef6-ec886a17b164","id":"f42d8676-1db4-44b7-af1f-0772a628dbc3","barcode":7335985928,"createdDate":"2018-06-18T13:07:43.847Z","updatedDate":"2018-06-18T13:07:43.847Z","metadata":{"createdDate":"2018-06-18T13:07:43.847Z","createdByUserId":"2d6dde08-813b-49f0-9b61-2adb08573e7c","updatedDate":"2018-06-18T13:07:43.847Z","updatedByUserId":"2d6dde08-813b-49f0-9b61-2adb08573e7c"}}
bb30bfc0-dd94-4210-a287-926b29aa9bde	{"active":true,"personal":{"firstName":"Ray","lastName":"Rodgers","email":"rrodgers@demo.folio.org"},"username":"rrodgers","patronGroup":"6e50e769-3e07-45f5-a7e2-d83f13d7402b","id":"bb30bfc0-dd94-4210-a287-926b29aa9bde","barcode":9485114735,"createdDate":"2018-06-18T13:07:43.847Z","updatedDate":"2018-06-18T13:07:43.847Z","metadata":{"createdDate":"2018-06-18T13:07:43.847Z","createdByUserId":"2d6dde08-813b-49f0-9b61-2adb08573e7c","updatedDate":"2018-06-18T13:07:43.847Z","updatedByUserId":"2d6dde08-813b-49f0-9b61-2adb08573e7c"}}
432af779-23bf-4062-a571-78a2876e78c1	{"active":false,"personal":{"firstName":"Brooks","lastName":"Edwards","email":"bedwards@demo.folio.org"},"username":"bedwards","patronGroup":"b0c005d5-599f-4839-b3f7-63000915cfc3","id":"432af779-23bf-4062-a571-78a2876e78c1","barcode":7483890687,"createdDate":"2018-06-18T13:07:43.847Z","updatedDate":"2018-06-18T13:07:43.847Z","metadata":{"createdDate":"2018-06-18T13:07:43.847Z","createdByUserId":"2d6dde08-813b-49f0-9b61-2adb08573e7c","updatedDate":"2018-06-18T13:07:43.847Z","updatedByUserId":"2d6dde08-813b-49f0-9b61-2adb08573e7c"}}
41ea269d-2e9f-4c95-9b5d-85de79313fb2	{"active":true,"personal":{"firstName":"Christine","lastName":"Love","email":"clove@yahoo.com"},"username":"clove","patronGroup":"a7f4cac3-884a-47be-aef6-ec886a17b164","id":"41ea269d-2e9f-4c95-9b5d-85de79313fb2","barcode":6128997429,"createdDate":"2018-06-18T13:07:43.847Z","updatedDate":"2018-06-18T13:07:43.847Z","metadata":{"createdDate":"2018-06-18T13:07:43.847Z","createdByUserId":"2d6dde08-813b-49f0-9b61-2adb08573e7c","updatedDate":"2018-06-18T13:07:43.847Z","updatedByUserId":"2d6dde08-813b-49f0-9b61-2adb08573e7c"}}
239b43c1-3025-4409-bcd2-3dddd1070048	{"active":true,"personal":{"firstName":"Jadyn","lastName":"Oneill","email":"joneill@demo.folio.org"},"username":"joneill","patronGroup":"6e50e769-3e07-45f5-a7e2-d83f13d7402b","id":"239b43c1-3025-4409-bcd2-3dddd1070048","barcode":5712149397,"createdDate":"2018-06-18T13:07:43.847Z","updatedDate":"2018-06-18T13:07:43.847Z","metadata":{"createdDate":"2018-06-18T13:07:43.847Z","createdByUserId":"2d6dde08-813b-49f0-9b61-2adb08573e7c","updatedDate":"2018-06-18T13:07:43.847Z","updatedByUserId":"2d6dde08-813b-49f0-9b61-2adb08573e7c"}}
6f8345dc-b11a-48ec-80db-2f752e9abea8	{"active":true,"personal":{"firstName":"Charlie","lastName":"Montoya","email":"cmontoya@demo.folio.org"},"username":"cmontoya","patronGroup":"b0c005d5-599f-4839-b3f7-63000915cfc3","id":"6f8345dc-b11a-48ec-80db-2f752e9abea8","barcode":8230998867,"createdDate":"2018-06-18T13:07:43.847Z","updatedDate":"2018-06-18T13:07:43.847Z","metadata":{"createdDate":"2018-06-18T13:07:43.847Z","createdByUserId":"2d6dde08-813b-49f0-9b61-2adb08573e7c","updatedDate":"2018-06-18T13:07:43.847Z","updatedByUserId":"2d6dde08-813b-49f0-9b61-2adb08573e7c"}}
347baf22-e670-4862-a908-4bfd368fd4d7	{"active":true,"personal":{"firstName":"Kristopher","lastName":"Scott","email":"kscott@yahoo.com"},"username":"kscott","patronGroup":"a7f4cac3-884a-47be-aef6-ec886a17b164","id":"347baf22-e670-4862-a908-4bfd368fd4d7","barcode":7748916741,"createdDate":"2018-06-18T13:07:43.848Z","updatedDate":"2018-06-18T13:07:43.848Z","metadata":{"createdDate":"2018-06-18T13:07:43.848Z","createdByUserId":"2d6dde08-813b-49f0-9b61-2adb08573e7c","updatedDate":"2018-06-18T13:07:43.848Z","updatedByUserId":"2d6dde08-813b-49f0-9b61-2adb08573e7c"}}
b34df869-d435-44d9-9023-ac03a35c50e3	{"active":true,"personal":{"firstName":"Mason","lastName":"Hunt","email":"mhunt@demo.folio.org"},"username":"mhunt","patronGroup":"6e50e769-3e07-45f5-a7e2-d83f13d7402b","id":"b34df869-d435-44d9-9023-ac03a35c50e3","barcode":9893046568,"createdDate":"2018-06-18T13:07:43.848Z","updatedDate":"2018-06-18T13:07:43.848Z","metadata":{"createdDate":"2018-06-18T13:07:43.848Z","createdByUserId":"2d6dde08-813b-49f0-9b61-2adb08573e7c","updatedDate":"2018-06-18T13:07:43.848Z","updatedByUserId":"2d6dde08-813b-49f0-9b61-2adb08573e7c"}}
8d38d301-f60b-43fe-8457-a9bd4246c31d	{"active":true,"personal":{"firstName":"Jaiden","lastName":"Orr","email":"jorr@demo.folio.org"},"username":"jorr","patronGroup":"b0c005d5-599f-4839-b3f7-63000915cfc3","id":"8d38d301-f60b-43fe-8457-a9bd4246c31d","barcode":6289379196,"createdDate":"2018-06-18T13:07:43.848Z","updatedDate":"2018-06-18T13:07:43.848Z","metadata":{"createdDate":"2018-06-18T13:07:43.848Z","createdByUserId":"2d6dde08-813b-49f0-9b61-2adb08573e7c","updatedDate":"2018-06-18T13:07:43.848Z","updatedByUserId":"2d6dde08-813b-49f0-9b61-2adb08573e7c"}}
c7524755-8210-41b5-b0af-fbb4b080a018	{"active":true,"personal":{"firstName":"Hailie","lastName":"Ochoa","email":"hochoa@gmail.com"},"username":"hochoa","patronGroup":"a7f4cac3-884a-47be-aef6-ec886a17b164","id":"c7524755-8210-41b5-b0af-fbb4b080a018","barcode":7202196937,"createdDate":"2018-06-18T13:07:43.848Z","updatedDate":"2018-06-18T13:07:43.848Z","metadata":{"createdDate":"2018-06-18T13:07:43.848Z","createdByUserId":"2d6dde08-813b-49f0-9b61-2adb08573e7c","updatedDate":"2018-06-18T13:07:43.848Z","updatedByUserId":"2d6dde08-813b-49f0-9b61-2adb08573e7c"}}
04943889-8360-4ee4-bbd0-523a754ce590	{"active":true,"personal":{"firstName":"Stuart","lastName":"Sandoval","email":"ssandoval@demo.folio.org"},"username":"ssandoval","patronGroup":"6e50e769-3e07-45f5-a7e2-d83f13d7402b","id":"04943889-8360-4ee4-bbd0-523a754ce590","barcode":7395414536,"createdDate":"2018-06-18T13:07:43.848Z","updatedDate":"2018-06-18T13:07:43.848Z","metadata":{"createdDate":"2018-06-18T13:07:43.848Z","createdByUserId":"2d6dde08-813b-49f0-9b61-2adb08573e7c","updatedDate":"2018-06-18T13:07:43.848Z","updatedByUserId":"2d6dde08-813b-49f0-9b61-2adb08573e7c"}}
476d9a72-0114-4051-93ff-4043ba0a48d2	{"active":true,"personal":{"firstName":"Abby","lastName":"Bullock","email":"abullock@demo.folio.org"},"username":"abullock","patronGroup":"b0c005d5-599f-4839-b3f7-63000915cfc3","id":"476d9a72-0114-4051-93ff-4043ba0a48d2","barcode":5513932132,"createdDate":"2018-06-18T13:07:43.848Z","updatedDate":"2018-06-18T13:07:43.848Z","metadata":{"createdDate":"2018-06-18T13:07:43.848Z","createdByUserId":"2d6dde08-813b-49f0-9b61-2adb08573e7c","updatedDate":"2018-06-18T13:07:43.848Z","updatedByUserId":"2d6dde08-813b-49f0-9b61-2adb08573e7c"}}
778e892d-a73b-40b6-b72a-259dd1c63c66	{"active":false,"personal":{"firstName":"Van","lastName":"Wagner","email":"vwagner@gmail.com"},"username":"vwagner","patronGroup":"a7f4cac3-884a-47be-aef6-ec886a17b164","id":"778e892d-a73b-40b6-b72a-259dd1c63c66","barcode":5232841189,"createdDate":"2018-06-18T13:07:43.848Z","updatedDate":"2018-06-18T13:07:43.848Z","metadata":{"createdDate":"2018-06-18T13:07:43.848Z","createdByUserId":"2d6dde08-813b-49f0-9b61-2adb08573e7c","updatedDate":"2018-06-18T13:07:43.848Z","updatedByUserId":"2d6dde08-813b-49f0-9b61-2adb08573e7c"}}
93378abd-0e93-442a-85e9-ab0cfeec770e	{"active":true,"personal":{"firstName":"Vicente","lastName":"York","email":"vyork@demo.folio.org"},"username":"vyork","patronGroup":"6e50e769-3e07-45f5-a7e2-d83f13d7402b","id":"93378abd-0e93-442a-85e9-ab0cfeec770e","barcode":2900609597,"createdDate":"2018-06-18T13:07:43.848Z","updatedDate":"2018-06-18T13:07:43.848Z","metadata":{"createdDate":"2018-06-18T13:07:43.848Z","createdByUserId":"2d6dde08-813b-49f0-9b61-2adb08573e7c","updatedDate":"2018-06-18T13:07:43.848Z","updatedByUserId":"2d6dde08-813b-49f0-9b61-2adb08573e7c"}}
568c984a-4ce3-4af9-9f79-b58a7773dd73	{"active":true,"personal":{"firstName":"Jagger","lastName":"Rice","email":"jrice@demo.folio.org"},"username":"jrice","patronGroup":"b0c005d5-599f-4839-b3f7-63000915cfc3","id":"568c984a-4ce3-4af9-9f79-b58a7773dd73","barcode":844813959,"createdDate":"2018-06-18T13:07:43.849Z","updatedDate":"2018-06-18T13:07:43.849Z","metadata":{"createdDate":"2018-06-18T13:07:43.849Z","createdByUserId":"2d6dde08-813b-49f0-9b61-2adb08573e7c","updatedDate":"2018-06-18T13:07:43.849Z","updatedByUserId":"2d6dde08-813b-49f0-9b61-2adb08573e7c"}}
ff59e32c-eb31-4967-b027-2b490cccb5ae	{"active":true,"personal":{"firstName":"Kaila","lastName":"Gutierrez","email":"kgutierrez@ebsco.com"},"username":"kgutierrez","patronGroup":"a7f4cac3-884a-47be-aef6-ec886a17b164","id":"ff59e32c-eb31-4967-b027-2b490cccb5ae","barcode":1434144839,"createdDate":"2018-06-18T13:07:43.849Z","updatedDate":"2018-06-18T13:07:43.849Z","metadata":{"createdDate":"2018-06-18T13:07:43.849Z","createdByUserId":"2d6dde08-813b-49f0-9b61-2adb08573e7c","updatedDate":"2018-06-18T13:07:43.849Z","updatedByUserId":"2d6dde08-813b-49f0-9b61-2adb08573e7c"}}
234564bc-0837-4f8d-b198-ba78e580b2d0	{"active":true,"personal":{"firstName":"Keely","lastName":"Leonard","email":"kleonard@demo.folio.org"},"username":"kleonard","patronGroup":"6e50e769-3e07-45f5-a7e2-d83f13d7402b","id":"234564bc-0837-4f8d-b198-ba78e580b2d0","barcode":8560941609,"createdDate":"2018-06-18T13:07:43.849Z","updatedDate":"2018-06-18T13:07:43.849Z","metadata":{"createdDate":"2018-06-18T13:07:43.849Z","createdByUserId":"2d6dde08-813b-49f0-9b61-2adb08573e7c","updatedDate":"2018-06-18T13:07:43.849Z","updatedByUserId":"2d6dde08-813b-49f0-9b61-2adb08573e7c"}}
185d36e9-36c4-4476-aefb-f2d9527c066a	{"active":true,"personal":{"firstName":"Adelaide","lastName":"Clarke","email":"aclarke@demo.folio.org"},"username":"aclarke","patronGroup":"b0c005d5-599f-4839-b3f7-63000915cfc3","id":"185d36e9-36c4-4476-aefb-f2d9527c066a","barcode":8261894125,"createdDate":"2018-06-18T13:07:43.849Z","updatedDate":"2018-06-18T13:07:43.849Z","metadata":{"createdDate":"2018-06-18T13:07:43.849Z","createdByUserId":"2d6dde08-813b-49f0-9b61-2adb08573e7c","updatedDate":"2018-06-18T13:07:43.849Z","updatedByUserId":"2d6dde08-813b-49f0-9b61-2adb08573e7c"}}
10772161-de77-4ba4-9af9-bd5ea87b9f82	{"active":true,"personal":{"firstName":"Selena","lastName":"Mills","email":"smills@ebsco.com"},"username":"smills","patronGroup":"a7f4cac3-884a-47be-aef6-ec886a17b164","id":"10772161-de77-4ba4-9af9-bd5ea87b9f82","barcode":1195625239,"createdDate":"2018-06-18T13:07:43.849Z","updatedDate":"2018-06-18T13:07:43.849Z","metadata":{"createdDate":"2018-06-18T13:07:43.849Z","createdByUserId":"2d6dde08-813b-49f0-9b61-2adb08573e7c","updatedDate":"2018-06-18T13:07:43.849Z","updatedByUserId":"2d6dde08-813b-49f0-9b61-2adb08573e7c"}}
e2131a55-49c4-4772-a101-b52b02f280a5	{"active":true,"personal":{"firstName":"Gretchen","lastName":"Swanson","email":"gswanson@demo.folio.org"},"username":"gswanson","patronGroup":"6e50e769-3e07-45f5-a7e2-d83f13d7402b","id":"e2131a55-49c4-4772-a101-b52b02f280a5","barcode":9338947038,"createdDate":"2018-06-18T13:07:43.849Z","updatedDate":"2018-06-18T13:07:43.849Z","metadata":{"createdDate":"2018-06-18T13:07:43.849Z","createdByUserId":"2d6dde08-813b-49f0-9b61-2adb08573e7c","updatedDate":"2018-06-18T13:07:43.849Z","updatedByUserId":"2d6dde08-813b-49f0-9b61-2adb08573e7c"}}
d60b7ad3-0777-45ae-ae9f-920abe8d0dd4	{"active":true,"personal":{"firstName":"Angela","lastName":"Vega","email":"avega@demo.folio.org"},"username":"avega","patronGroup":"b0c005d5-599f-4839-b3f7-63000915cfc3","id":"d60b7ad3-0777-45ae-ae9f-920abe8d0dd4","barcode":7199939285,"createdDate":"2018-06-18T13:07:43.850Z","updatedDate":"2018-06-18T13:07:43.850Z","metadata":{"createdDate":"2018-06-18T13:07:43.850Z","createdByUserId":"2d6dde08-813b-49f0-9b61-2adb08573e7c","updatedDate":"2018-06-18T13:07:43.850Z","updatedByUserId":"2d6dde08-813b-49f0-9b61-2adb08573e7c"}}
9ec93e4a-e4af-4221-923e-dad6895709b0	{"active":true,"personal":{"firstName":"Gilberto","lastName":"Collins","email":"gcollins@yahoo.com"},"username":"gcollins","patronGroup":"a7f4cac3-884a-47be-aef6-ec886a17b164","id":"9ec93e4a-e4af-4221-923e-dad6895709b0","barcode":4178610573,"createdDate":"2018-06-18T13:07:43.850Z","updatedDate":"2018-06-18T13:07:43.850Z","metadata":{"createdDate":"2018-06-18T13:07:43.850Z","createdByUserId":"2d6dde08-813b-49f0-9b61-2adb08573e7c","updatedDate":"2018-06-18T13:07:43.850Z","updatedByUserId":"2d6dde08-813b-49f0-9b61-2adb08573e7c"}}
01d71f2a-0b47-48bf-80ae-67a20d434a08	{"active":false,"personal":{"firstName":"Makhi","lastName":"Jimenez","email":"mjimenez@demo.folio.org"},"username":"mjimenez","patronGroup":"97d25c0c-3c18-4683-8b4a-979f5b6db2bf","id":"01d71f2a-0b47-48bf-80ae-67a20d434a08","barcode":9444930826,"createdDate":"2018-06-18T13:07:43.850Z","updatedDate":"2018-06-18T13:07:43.850Z","metadata":{"createdDate":"2018-06-18T13:07:43.850Z","createdByUserId":"2d6dde08-813b-49f0-9b61-2adb08573e7c","updatedDate":"2018-06-18T13:07:43.850Z","updatedByUserId":"2d6dde08-813b-49f0-9b61-2adb08573e7c"}}
e1746e7d-3f69-47d4-ad34-2ab34c9180d8	{"active":true,"personal":{"firstName":"Gilbert","lastName":"Valdez","email":"gvaldez@demo.folio.org"},"username":"gvaldez","patronGroup":"b0c005d5-599f-4839-b3f7-63000915cfc3","id":"e1746e7d-3f69-47d4-ad34-2ab34c9180d8","barcode":9245525131,"createdDate":"2018-06-18T13:07:43.850Z","updatedDate":"2018-06-18T13:07:43.850Z","metadata":{"createdDate":"2018-06-18T13:07:43.850Z","createdByUserId":"2d6dde08-813b-49f0-9b61-2adb08573e7c","updatedDate":"2018-06-18T13:07:43.850Z","updatedByUserId":"2d6dde08-813b-49f0-9b61-2adb08573e7c"}}
cf6d2ded-903f-4944-9f5f-ae87cd91eb9f	{"active":true,"personal":{"firstName":"Cheyenne","lastName":"Martin","email":"cmartin@yahoo.com"},"username":"cmartin","patronGroup":"a7f4cac3-884a-47be-aef6-ec886a17b164","id":"cf6d2ded-903f-4944-9f5f-ae87cd91eb9f","barcode":6255747549,"createdDate":"2018-06-18T13:07:43.850Z","updatedDate":"2018-06-18T13:07:43.850Z","metadata":{"createdDate":"2018-06-18T13:07:43.850Z","createdByUserId":"2d6dde08-813b-49f0-9b61-2adb08573e7c","updatedDate":"2018-06-18T13:07:43.850Z","updatedByUserId":"2d6dde08-813b-49f0-9b61-2adb08573e7c"}}
4f9d9c97-0797-46ea-9c07-c88716460dbc	{"active":true,"personal":{"firstName":"Eliana","lastName":"Nelson","email":"enelson@demo.folio.org"},"username":"enelson","patronGroup":"6e50e769-3e07-45f5-a7e2-d83f13d7402b","id":"4f9d9c97-0797-46ea-9c07-c88716460dbc","barcode":9541510043,"createdDate":"2018-06-18T13:07:43.850Z","updatedDate":"2018-06-18T13:07:43.850Z","metadata":{"createdDate":"2018-06-18T13:07:43.850Z","createdByUserId":"2d6dde08-813b-49f0-9b61-2adb08573e7c","updatedDate":"2018-06-18T13:07:43.850Z","updatedByUserId":"2d6dde08-813b-49f0-9b61-2adb08573e7c"}}
ece2f2df-6f86-4544-bfff-dea35ba640e8	{"active":true,"personal":{"firstName":"Patricia","lastName":"Mahoney","email":"pmahoney@demo.folio.org"},"username":"pmahoney","patronGroup":"b0c005d5-599f-4839-b3f7-63000915cfc3","id":"ece2f2df-6f86-4544-bfff-dea35ba640e8","barcode":8754503156,"createdDate":"2018-06-18T13:07:43.850Z","updatedDate":"2018-06-18T13:07:43.850Z","metadata":{"createdDate":"2018-06-18T13:07:43.850Z","createdByUserId":"2d6dde08-813b-49f0-9b61-2adb08573e7c","updatedDate":"2018-06-18T13:07:43.850Z","updatedByUserId":"2d6dde08-813b-49f0-9b61-2adb08573e7c"}}
375ba5bf-a8b6-4d9c-83f1-9fc8107646be	{"active":true,"personal":{"firstName":"Karissa","lastName":"Cisneros","email":"kcisneros@gmail.com"},"username":"kcisneros","patronGroup":"a7f4cac3-884a-47be-aef6-ec886a17b164","id":"375ba5bf-a8b6-4d9c-83f1-9fc8107646be","barcode":1659401928,"createdDate":"2018-06-18T13:07:43.851Z","updatedDate":"2018-06-18T13:07:43.851Z","metadata":{"createdDate":"2018-06-18T13:07:43.851Z","createdByUserId":"2d6dde08-813b-49f0-9b61-2adb08573e7c","updatedDate":"2018-06-18T13:07:43.851Z","updatedByUserId":"2d6dde08-813b-49f0-9b61-2adb08573e7c"}}
fc3ebfb8-135f-4449-a10c-10fbeed74c3b	{"active":true,"personal":{"firstName":"Armando","lastName":"Warner","email":"awarner@demo.folio.org"},"username":"awarner","patronGroup":"6e50e769-3e07-45f5-a7e2-d83f13d7402b","id":"fc3ebfb8-135f-4449-a10c-10fbeed74c3b","barcode":2229612664,"createdDate":"2018-06-18T13:07:43.851Z","updatedDate":"2018-06-18T13:07:43.851Z","metadata":{"createdDate":"2018-06-18T13:07:43.851Z","createdByUserId":"2d6dde08-813b-49f0-9b61-2adb08573e7c","updatedDate":"2018-06-18T13:07:43.851Z","updatedByUserId":"2d6dde08-813b-49f0-9b61-2adb08573e7c"}}
e82099b0-916e-432f-af6b-8dbb434d8e44	{"active":true,"personal":{"firstName":"Tristin","lastName":"Kelley","email":"tkelley@demo.folio.org"},"username":"tkelley","patronGroup":"b0c005d5-599f-4839-b3f7-63000915cfc3","id":"e82099b0-916e-432f-af6b-8dbb434d8e44","barcode":5291314650,"createdDate":"2018-06-18T13:07:43.851Z","updatedDate":"2018-06-18T13:07:43.851Z","metadata":{"createdDate":"2018-06-18T13:07:43.851Z","createdByUserId":"2d6dde08-813b-49f0-9b61-2adb08573e7c","updatedDate":"2018-06-18T13:07:43.851Z","updatedByUserId":"2d6dde08-813b-49f0-9b61-2adb08573e7c"}}
7743d9d6-e031-4fdb-a8f7-7c5033ed935b	{"active":true,"personal":{"firstName":"Clinton","lastName":"Savage","email":"csavage@gmail.com"},"username":"csavage","patronGroup":"a7f4cac3-884a-47be-aef6-ec886a17b164","id":"7743d9d6-e031-4fdb-a8f7-7c5033ed935b","barcode":8269564480,"createdDate":"2018-06-18T13:07:43.851Z","updatedDate":"2018-06-18T13:07:43.851Z","metadata":{"createdDate":"2018-06-18T13:07:43.851Z","createdByUserId":"2d6dde08-813b-49f0-9b61-2adb08573e7c","updatedDate":"2018-06-18T13:07:43.851Z","updatedByUserId":"2d6dde08-813b-49f0-9b61-2adb08573e7c"}}
5c84a51c-15fe-4c7b-9a32-2135f16e8019	{"active":true,"personal":{"firstName":"Saniya","lastName":"Cooper","email":"scooper@demo.folio.org"},"username":"scooper","patronGroup":"6e50e769-3e07-45f5-a7e2-d83f13d7402b","id":"5c84a51c-15fe-4c7b-9a32-2135f16e8019","barcode":3217687690,"createdDate":"2018-06-18T13:07:43.851Z","updatedDate":"2018-06-18T13:07:43.851Z","metadata":{"createdDate":"2018-06-18T13:07:43.851Z","createdByUserId":"2d6dde08-813b-49f0-9b61-2adb08573e7c","updatedDate":"2018-06-18T13:07:43.851Z","updatedByUserId":"2d6dde08-813b-49f0-9b61-2adb08573e7c"}}
3b183b34-5389-488a-8ede-43211a5125b7	{"active":false,"personal":{"firstName":"Brice","lastName":"Anthony","email":"banthony@demo.folio.org"},"username":"banthony","patronGroup":"b0c005d5-599f-4839-b3f7-63000915cfc3","id":"3b183b34-5389-488a-8ede-43211a5125b7","barcode":461672005,"createdDate":"2018-06-18T13:07:43.851Z","updatedDate":"2018-06-18T13:07:43.851Z","metadata":{"createdDate":"2018-06-18T13:07:43.851Z","createdByUserId":"2d6dde08-813b-49f0-9b61-2adb08573e7c","updatedDate":"2018-06-18T13:07:43.851Z","updatedByUserId":"2d6dde08-813b-49f0-9b61-2adb08573e7c"}}
532f08ce-fad0-483e-9e30-f9999d30d58c	{"active":true,"personal":{"firstName":"Aarav","lastName":"Tanner","email":"atanner@ebsco.com"},"username":"atanner","patronGroup":"a7f4cac3-884a-47be-aef6-ec886a17b164","id":"532f08ce-fad0-483e-9e30-f9999d30d58c","barcode":8332998786,"createdDate":"2018-06-18T13:07:43.852Z","updatedDate":"2018-06-18T13:07:43.852Z","metadata":{"createdDate":"2018-06-18T13:07:43.852Z","createdByUserId":"2d6dde08-813b-49f0-9b61-2adb08573e7c","updatedDate":"2018-06-18T13:07:43.852Z","updatedByUserId":"2d6dde08-813b-49f0-9b61-2adb08573e7c"}}
49b0e8f2-d48b-44ae-bff5-4d617b1bc670	{"active":true,"personal":{"firstName":"Dulce","lastName":"Day","email":"dday@demo.folio.org"},"username":"dday","patronGroup":"6e50e769-3e07-45f5-a7e2-d83f13d7402b","id":"49b0e8f2-d48b-44ae-bff5-4d617b1bc670","barcode":3873962492,"createdDate":"2018-06-18T13:07:43.852Z","updatedDate":"2018-06-18T13:07:43.852Z","metadata":{"createdDate":"2018-06-18T13:07:43.852Z","createdByUserId":"2d6dde08-813b-49f0-9b61-2adb08573e7c","updatedDate":"2018-06-18T13:07:43.852Z","updatedByUserId":"2d6dde08-813b-49f0-9b61-2adb08573e7c"}}
28b07445-e285-40e0-b989-9544a6e85bbe	{"active":true,"personal":{"firstName":"Lily","lastName":"Hays","email":"lhays@demo.folio.org"},"username":"lhays","patronGroup":"b0c005d5-599f-4839-b3f7-63000915cfc3","id":"28b07445-e285-40e0-b989-9544a6e85bbe","barcode":4631897611,"createdDate":"2018-06-18T13:07:43.852Z","updatedDate":"2018-06-18T13:07:43.852Z","metadata":{"createdDate":"2018-06-18T13:07:43.852Z","createdByUserId":"2d6dde08-813b-49f0-9b61-2adb08573e7c","updatedDate":"2018-06-18T13:07:43.852Z","updatedByUserId":"2d6dde08-813b-49f0-9b61-2adb08573e7c"}}
d45c9132-5f81-4100-b8d4-ba6144a20a92	{"active":true,"personal":{"firstName":"Mekhi","lastName":"Avery","email":"mavery@ebsco.com"},"username":"mavery","patronGroup":"a7f4cac3-884a-47be-aef6-ec886a17b164","id":"d45c9132-5f81-4100-b8d4-ba6144a20a92","barcode":4853491247,"createdDate":"2018-06-18T13:07:43.852Z","updatedDate":"2018-06-18T13:07:43.852Z","metadata":{"createdDate":"2018-06-18T13:07:43.852Z","createdByUserId":"2d6dde08-813b-49f0-9b61-2adb08573e7c","updatedDate":"2018-06-18T13:07:43.852Z","updatedByUserId":"2d6dde08-813b-49f0-9b61-2adb08573e7c"}}
2b76547b-ff7f-4b88-910b-ffbe26a4976d	{"active":true,"personal":{"firstName":"Alexander","lastName":"Eaton","email":"aeaton@demo.folio.org"},"username":"aeaton","patronGroup":"6e50e769-3e07-45f5-a7e2-d83f13d7402b","id":"2b76547b-ff7f-4b88-910b-ffbe26a4976d","barcode":9557480889,"createdDate":"2018-06-18T13:07:43.852Z","updatedDate":"2018-06-18T13:07:43.852Z","metadata":{"createdDate":"2018-06-18T13:07:43.852Z","createdByUserId":"2d6dde08-813b-49f0-9b61-2adb08573e7c","updatedDate":"2018-06-18T13:07:43.852Z","updatedByUserId":"2d6dde08-813b-49f0-9b61-2adb08573e7c"}}
da909a43-ec08-4565-a840-061e03eb98d5	{"active":true,"personal":{"firstName":"Darien","lastName":"Ellis","email":"dellis@demo.folio.org"},"username":"dellis","patronGroup":"b0c005d5-599f-4839-b3f7-63000915cfc3","id":"da909a43-ec08-4565-a840-061e03eb98d5","barcode":730730718,"createdDate":"2018-06-18T13:07:43.852Z","updatedDate":"2018-06-18T13:07:43.852Z","metadata":{"createdDate":"2018-06-18T13:07:43.852Z","createdByUserId":"2d6dde08-813b-49f0-9b61-2adb08573e7c","updatedDate":"2018-06-18T13:07:43.852Z","updatedByUserId":"2d6dde08-813b-49f0-9b61-2adb08573e7c"}}
c6f74d3f-82c1-434a-a1bd-68b852502572	{"active":true,"personal":{"firstName":"Madelyn","lastName":"Morse","email":"mmorse@ebsco.com"},"username":"mmorse","patronGroup":"a7f4cac3-884a-47be-aef6-ec886a17b164","id":"c6f74d3f-82c1-434a-a1bd-68b852502572","barcode":3768529570,"createdDate":"2018-06-18T13:07:43.852Z","updatedDate":"2018-06-18T13:07:43.852Z","metadata":{"createdDate":"2018-06-18T13:07:43.852Z","createdByUserId":"2d6dde08-813b-49f0-9b61-2adb08573e7c","updatedDate":"2018-06-18T13:07:43.852Z","updatedByUserId":"2d6dde08-813b-49f0-9b61-2adb08573e7c"}}
97dd75de-dc7b-40ad-8c2d-fa2442ebcfa6	{"active":true,"personal":{"firstName":"Bridger","lastName":"Travis","email":"btravis@demo.folio.org"},"username":"btravis","patronGroup":"6e50e769-3e07-45f5-a7e2-d83f13d7402b","id":"97dd75de-dc7b-40ad-8c2d-fa2442ebcfa6","barcode":6769119958,"createdDate":"2018-06-18T13:07:43.853Z","updatedDate":"2018-06-18T13:07:43.853Z","metadata":{"createdDate":"2018-06-18T13:07:43.853Z","createdByUserId":"2d6dde08-813b-49f0-9b61-2adb08573e7c","updatedDate":"2018-06-18T13:07:43.853Z","updatedByUserId":"2d6dde08-813b-49f0-9b61-2adb08573e7c"}}
92b29246-e1f9-4604-ba5d-f16035094fd1	{"active":true,"personal":{"firstName":"Lee","lastName":"Peterson","email":"lpeterson@demo.folio.org"},"username":"lpeterson","patronGroup":"b0c005d5-599f-4839-b3f7-63000915cfc3","id":"92b29246-e1f9-4604-ba5d-f16035094fd1","barcode":7086390823,"createdDate":"2018-06-18T13:07:43.853Z","updatedDate":"2018-06-18T13:07:43.853Z","metadata":{"createdDate":"2018-06-18T13:07:43.853Z","createdByUserId":"2d6dde08-813b-49f0-9b61-2adb08573e7c","updatedDate":"2018-06-18T13:07:43.853Z","updatedByUserId":"2d6dde08-813b-49f0-9b61-2adb08573e7c"}}
83553b94-2ed5-4c2a-a126-07ee7c95a80e	{"active":false,"personal":{"firstName":"Giovanna","lastName":"Schaefer","email":"gschaefer@yahoo.com"},"username":"gschaefer","patronGroup":"a7f4cac3-884a-47be-aef6-ec886a17b164","id":"83553b94-2ed5-4c2a-a126-07ee7c95a80e","barcode":1026871150,"createdDate":"2018-06-18T13:07:43.853Z","updatedDate":"2018-06-18T13:07:43.853Z","metadata":{"createdDate":"2018-06-18T13:07:43.853Z","createdByUserId":"2d6dde08-813b-49f0-9b61-2adb08573e7c","updatedDate":"2018-06-18T13:07:43.853Z","updatedByUserId":"2d6dde08-813b-49f0-9b61-2adb08573e7c"}}
04192d6a-9106-4dc1-8e4e-cd97850fb0c4	{"active":true,"personal":{"firstName":"Ayla","lastName":"Holmes","email":"aholmes@demo.folio.org"},"username":"aholmes","patronGroup":"6e50e769-3e07-45f5-a7e2-d83f13d7402b","id":"04192d6a-9106-4dc1-8e4e-cd97850fb0c4","barcode":710474896,"createdDate":"2018-06-18T13:07:43.853Z","updatedDate":"2018-06-18T13:07:43.853Z","metadata":{"createdDate":"2018-06-18T13:07:43.853Z","createdByUserId":"2d6dde08-813b-49f0-9b61-2adb08573e7c","updatedDate":"2018-06-18T13:07:43.853Z","updatedByUserId":"2d6dde08-813b-49f0-9b61-2adb08573e7c"}}
fd3b22ee-215c-4791-afa4-ab561e0555be	{"active":true,"personal":{"firstName":"Harmony","lastName":"Arroyo","email":"harroyo@demo.folio.org"},"username":"harroyo","patronGroup":"b0c005d5-599f-4839-b3f7-63000915cfc3","id":"fd3b22ee-215c-4791-afa4-ab561e0555be","barcode":3010012597,"createdDate":"2018-06-18T13:07:43.853Z","updatedDate":"2018-06-18T13:07:43.853Z","metadata":{"createdDate":"2018-06-18T13:07:43.853Z","createdByUserId":"2d6dde08-813b-49f0-9b61-2adb08573e7c","updatedDate":"2018-06-18T13:07:43.853Z","updatedByUserId":"2d6dde08-813b-49f0-9b61-2adb08573e7c"}}
0ce798f6-db01-47b1-ac25-1b3edd1980f8	{"active":true,"personal":{"firstName":"Marc","lastName":"Marquez","email":"mmarquez@yahoo.com"},"username":"mmarquez","patronGroup":"a7f4cac3-884a-47be-aef6-ec886a17b164","id":"0ce798f6-db01-47b1-ac25-1b3edd1980f8","barcode":5236240985,"createdDate":"2018-06-18T13:07:43.853Z","updatedDate":"2018-06-18T13:07:43.853Z","metadata":{"createdDate":"2018-06-18T13:07:43.853Z","createdByUserId":"2d6dde08-813b-49f0-9b61-2adb08573e7c","updatedDate":"2018-06-18T13:07:43.853Z","updatedByUserId":"2d6dde08-813b-49f0-9b61-2adb08573e7c"}}
dbd16562-95b8-444d-97e8-ebd8d1cd8238	{"active":true,"personal":{"firstName":"Skye","lastName":"Ramos","email":"sramos@demo.folio.org"},"username":"sramos","patronGroup":"6e50e769-3e07-45f5-a7e2-d83f13d7402b","id":"dbd16562-95b8-444d-97e8-ebd8d1cd8238","barcode":6094094090,"createdDate":"2018-06-18T13:07:43.854Z","updatedDate":"2018-06-18T13:07:43.854Z","metadata":{"createdDate":"2018-06-18T13:07:43.854Z","createdByUserId":"2d6dde08-813b-49f0-9b61-2adb08573e7c","updatedDate":"2018-06-18T13:07:43.854Z","updatedByUserId":"2d6dde08-813b-49f0-9b61-2adb08573e7c"}}
27257159-88e0-41e4-8d92-498639d0adfa	{"active":true,"personal":{"firstName":"Gregory","lastName":"Adkins","email":"gadkins@demo.folio.org"},"username":"gadkins","patronGroup":"97d25c0c-3c18-4683-8b4a-979f5b6db2bf","id":"27257159-88e0-41e4-8d92-498639d0adfa","barcode":2338193170,"createdDate":"2018-06-18T13:07:43.854Z","updatedDate":"2018-06-18T13:07:43.854Z","metadata":{"createdDate":"2018-06-18T13:07:43.854Z","createdByUserId":"2d6dde08-813b-49f0-9b61-2adb08573e7c","updatedDate":"2018-06-18T13:07:43.854Z","updatedByUserId":"2d6dde08-813b-49f0-9b61-2adb08573e7c"}}
b7c16c0b-feed-48e0-965b-1773ed19dc5f	{"active":true,"personal":{"firstName":"Ainsley","lastName":"Hill","email":"ahill@gmail.com"},"username":"ahill","patronGroup":"a7f4cac3-884a-47be-aef6-ec886a17b164","id":"b7c16c0b-feed-48e0-965b-1773ed19dc5f","barcode":5856380509,"createdDate":"2018-06-18T13:07:43.854Z","updatedDate":"2018-06-18T13:07:43.854Z","metadata":{"createdDate":"2018-06-18T13:07:43.854Z","createdByUserId":"2d6dde08-813b-49f0-9b61-2adb08573e7c","updatedDate":"2018-06-18T13:07:43.854Z","updatedByUserId":"2d6dde08-813b-49f0-9b61-2adb08573e7c"}}
a4074cbe-c4d7-4486-ae80-45400222fdcc	{"active":true,"personal":{"firstName":"Harriet","lastName":"Alvarez","email":"halvarez@demo.folio.org"},"username":"halvarez","patronGroup":"6e50e769-3e07-45f5-a7e2-d83f13d7402b","id":"a4074cbe-c4d7-4486-ae80-45400222fdcc","barcode":922363679,"createdDate":"2018-06-18T13:07:43.854Z","updatedDate":"2018-06-18T13:07:43.854Z","metadata":{"createdDate":"2018-06-18T13:07:43.854Z","createdByUserId":"2d6dde08-813b-49f0-9b61-2adb08573e7c","updatedDate":"2018-06-18T13:07:43.854Z","updatedByUserId":"2d6dde08-813b-49f0-9b61-2adb08573e7c"}}
a13b9e84-6a05-473e-96e6-46290257eb3e	{"active":true,"personal":{"firstName":"Leonardo","lastName":"Gilmore","email":"lgilmore@demo.folio.org"},"username":"lgilmore","patronGroup":"b0c005d5-599f-4839-b3f7-63000915cfc3","id":"a13b9e84-6a05-473e-96e6-46290257eb3e","barcode":2750328355,"createdDate":"2018-06-18T13:07:43.854Z","updatedDate":"2018-06-18T13:07:43.854Z","metadata":{"createdDate":"2018-06-18T13:07:43.854Z","createdByUserId":"2d6dde08-813b-49f0-9b61-2adb08573e7c","updatedDate":"2018-06-18T13:07:43.854Z","updatedByUserId":"2d6dde08-813b-49f0-9b61-2adb08573e7c"}}
c60a47da-55d2-48b0-9100-51feae09dc2f	{"active":true,"personal":{"firstName":"Kameron","lastName":"Goodwin","email":"kgoodwin@gmail.com"},"username":"kgoodwin","patronGroup":"a7f4cac3-884a-47be-aef6-ec886a17b164","id":"c60a47da-55d2-48b0-9100-51feae09dc2f","barcode":6900658023,"createdDate":"2018-06-18T13:07:43.855Z","updatedDate":"2018-06-18T13:07:43.855Z","metadata":{"createdDate":"2018-06-18T13:07:43.855Z","createdByUserId":"2d6dde08-813b-49f0-9b61-2adb08573e7c","updatedDate":"2018-06-18T13:07:43.855Z","updatedByUserId":"2d6dde08-813b-49f0-9b61-2adb08573e7c"}}
45a38817-9fc7-4377-beaa-95cab6c77789	{"active":false,"personal":{"firstName":"Destinee","lastName":"Mendez","email":"dmendez@demo.folio.org"},"username":"dmendez","patronGroup":"6e50e769-3e07-45f5-a7e2-d83f13d7402b","id":"45a38817-9fc7-4377-beaa-95cab6c77789","barcode":988795979,"createdDate":"2018-06-18T13:07:43.855Z","updatedDate":"2018-06-18T13:07:43.855Z","metadata":{"createdDate":"2018-06-18T13:07:43.855Z","createdByUserId":"2d6dde08-813b-49f0-9b61-2adb08573e7c","updatedDate":"2018-06-18T13:07:43.855Z","updatedByUserId":"2d6dde08-813b-49f0-9b61-2adb08573e7c"}}
8d29ed0d-320d-4891-b732-072bbd635ecf	{"active":true,"personal":{"firstName":"Jake","lastName":"Melendez","email":"jmelendez@demo.folio.org"},"username":"jmelendez","patronGroup":"b0c005d5-599f-4839-b3f7-63000915cfc3","id":"8d29ed0d-320d-4891-b732-072bbd635ecf","barcode":8545997699,"createdDate":"2018-06-18T13:07:43.855Z","updatedDate":"2018-06-18T13:07:43.855Z","metadata":{"createdDate":"2018-06-18T13:07:43.855Z","createdByUserId":"2d6dde08-813b-49f0-9b61-2adb08573e7c","updatedDate":"2018-06-18T13:07:43.855Z","updatedByUserId":"2d6dde08-813b-49f0-9b61-2adb08573e7c"}}
73bdd6a8-9fed-4f7a-8951-8a90cea7471e	{"active":true,"personal":{"firstName":"Adan","lastName":"Decker","email":"adecker@ebsco.com"},"username":"adecker","patronGroup":"a7f4cac3-884a-47be-aef6-ec886a17b164","id":"73bdd6a8-9fed-4f7a-8951-8a90cea7471e","barcode":2968994928,"createdDate":"2018-06-18T13:07:43.855Z","updatedDate":"2018-06-18T13:07:43.855Z","metadata":{"createdDate":"2018-06-18T13:07:43.855Z","createdByUserId":"2d6dde08-813b-49f0-9b61-2adb08573e7c","updatedDate":"2018-06-18T13:07:43.855Z","updatedByUserId":"2d6dde08-813b-49f0-9b61-2adb08573e7c"}}
a5af45bf-b683-40c8-b335-55f079ff6922	{"active":true,"personal":{"firstName":"Zaiden","lastName":"Wiggins","email":"zwiggins@demo.folio.org"},"username":"zwiggins","patronGroup":"6e50e769-3e07-45f5-a7e2-d83f13d7402b","id":"a5af45bf-b683-40c8-b335-55f079ff6922","barcode":8837652702,"createdDate":"2018-06-18T13:07:43.855Z","updatedDate":"2018-06-18T13:07:43.855Z","metadata":{"createdDate":"2018-06-18T13:07:43.855Z","createdByUserId":"2d6dde08-813b-49f0-9b61-2adb08573e7c","updatedDate":"2018-06-18T13:07:43.855Z","updatedByUserId":"2d6dde08-813b-49f0-9b61-2adb08573e7c"}}
13fc21a7-952b-4c21-8fdd-f25e26b2d12c	{"active":true,"personal":{"firstName":"Charlee","lastName":"Zhang","email":"czhang@demo.folio.org"},"username":"czhang","patronGroup":"b0c005d5-599f-4839-b3f7-63000915cfc3","id":"13fc21a7-952b-4c21-8fdd-f25e26b2d12c","barcode":1352169714,"createdDate":"2018-06-18T13:07:43.855Z","updatedDate":"2018-06-18T13:07:43.855Z","metadata":{"createdDate":"2018-06-18T13:07:43.855Z","createdByUserId":"2d6dde08-813b-49f0-9b61-2adb08573e7c","updatedDate":"2018-06-18T13:07:43.855Z","updatedByUserId":"2d6dde08-813b-49f0-9b61-2adb08573e7c"}}
aea0897e-1fbc-475a-9b2e-79b623f3c511	{"active":true,"personal":{"firstName":"Journey","lastName":"Mckinney","email":"jmckinney@ebsco.com"},"username":"jmckinney","patronGroup":"a7f4cac3-884a-47be-aef6-ec886a17b164","id":"aea0897e-1fbc-475a-9b2e-79b623f3c511","barcode":3501255697,"createdDate":"2018-06-18T13:07:43.855Z","updatedDate":"2018-06-18T13:07:43.855Z","metadata":{"createdDate":"2018-06-18T13:07:43.855Z","createdByUserId":"2d6dde08-813b-49f0-9b61-2adb08573e7c","updatedDate":"2018-06-18T13:07:43.855Z","updatedByUserId":"2d6dde08-813b-49f0-9b61-2adb08573e7c"}}
fc26e305-7188-45cb-992b-c8abf0fbdf07	{"active":true,"personal":{"firstName":"Sadie","lastName":"Barrett","email":"sbarrett@demo.folio.org"},"username":"sbarrett","patronGroup":"6e50e769-3e07-45f5-a7e2-d83f13d7402b","id":"fc26e305-7188-45cb-992b-c8abf0fbdf07","barcode":8169015772,"createdDate":"2018-06-18T13:07:43.855Z","updatedDate":"2018-06-18T13:07:43.855Z","metadata":{"createdDate":"2018-06-18T13:07:43.855Z","createdByUserId":"2d6dde08-813b-49f0-9b61-2adb08573e7c","updatedDate":"2018-06-18T13:07:43.855Z","updatedByUserId":"2d6dde08-813b-49f0-9b61-2adb08573e7c"}}
194a8d10-cffe-4dfc-9921-8b51ff123da2	{"active":true,"personal":{"firstName":"Maximillian","lastName":"Ponce","email":"mponce@demo.folio.org"},"username":"mponce","patronGroup":"b0c005d5-599f-4839-b3f7-63000915cfc3","id":"194a8d10-cffe-4dfc-9921-8b51ff123da2","barcode":6835211113,"createdDate":"2018-06-18T13:07:43.856Z","updatedDate":"2018-06-18T13:07:43.856Z","metadata":{"createdDate":"2018-06-18T13:07:43.856Z","createdByUserId":"2d6dde08-813b-49f0-9b61-2adb08573e7c","updatedDate":"2018-06-18T13:07:43.856Z","updatedByUserId":"2d6dde08-813b-49f0-9b61-2adb08573e7c"}}
82ce3479-828b-4e69-a4d2-00984e23e1ab	{"active":true,"personal":{"firstName":"Cannon","lastName":"Pope","email":"cpope@yahoo.com"},"username":"cpope","patronGroup":"a7f4cac3-884a-47be-aef6-ec886a17b164","id":"82ce3479-828b-4e69-a4d2-00984e23e1ab","barcode":9525585514,"createdDate":"2018-06-18T13:07:43.856Z","updatedDate":"2018-06-18T13:07:43.856Z","metadata":{"createdDate":"2018-06-18T13:07:43.856Z","createdByUserId":"2d6dde08-813b-49f0-9b61-2adb08573e7c","updatedDate":"2018-06-18T13:07:43.856Z","updatedByUserId":"2d6dde08-813b-49f0-9b61-2adb08573e7c"}}
ca5fa131-dd29-4819-8cd0-17efdf1b51dc	{"active":true,"personal":{"firstName":"Nylah","lastName":"Hartman","email":"nhartman@demo.folio.org"},"username":"nhartman","patronGroup":"6e50e769-3e07-45f5-a7e2-d83f13d7402b","id":"ca5fa131-dd29-4819-8cd0-17efdf1b51dc","barcode":7847980601,"createdDate":"2018-06-18T13:07:43.856Z","updatedDate":"2018-06-18T13:07:43.856Z","metadata":{"createdDate":"2018-06-18T13:07:43.856Z","createdByUserId":"2d6dde08-813b-49f0-9b61-2adb08573e7c","updatedDate":"2018-06-18T13:07:43.856Z","updatedByUserId":"2d6dde08-813b-49f0-9b61-2adb08573e7c"}}
5bb81e2f-659d-4d5a-9a77-44d599586d65	{"active":false,"personal":{"firstName":"Brianna","lastName":"Yates","email":"byates@demo.folio.org"},"username":"byates","patronGroup":"b0c005d5-599f-4839-b3f7-63000915cfc3","id":"5bb81e2f-659d-4d5a-9a77-44d599586d65","barcode":7535017662,"createdDate":"2018-06-18T13:07:43.856Z","updatedDate":"2018-06-18T13:07:43.856Z","metadata":{"createdDate":"2018-06-18T13:07:43.856Z","createdByUserId":"2d6dde08-813b-49f0-9b61-2adb08573e7c","updatedDate":"2018-06-18T13:07:43.856Z","updatedByUserId":"2d6dde08-813b-49f0-9b61-2adb08573e7c"}}
c4b2a72d-7cd1-42f3-a8e2-ccdedbc3b3ad	{"active":true,"personal":{"firstName":"Trace","lastName":"Soto","email":"tsoto@yahoo.com"},"username":"tsoto","patronGroup":"a7f4cac3-884a-47be-aef6-ec886a17b164","id":"c4b2a72d-7cd1-42f3-a8e2-ccdedbc3b3ad","barcode":3796453997,"createdDate":"2018-06-18T13:07:43.856Z","updatedDate":"2018-06-18T13:07:43.856Z","metadata":{"createdDate":"2018-06-18T13:07:43.856Z","createdByUserId":"2d6dde08-813b-49f0-9b61-2adb08573e7c","updatedDate":"2018-06-18T13:07:43.856Z","updatedByUserId":"2d6dde08-813b-49f0-9b61-2adb08573e7c"}}
3fa66304-d9b1-4184-9292-c75b2473b612	{"active":true,"personal":{"firstName":"Alejandro","lastName":"Heath","email":"aheath@demo.folio.org"},"username":"aheath","patronGroup":"6e50e769-3e07-45f5-a7e2-d83f13d7402b","id":"3fa66304-d9b1-4184-9292-c75b2473b612","barcode":917188492,"createdDate":"2018-06-18T13:07:43.856Z","updatedDate":"2018-06-18T13:07:43.856Z","metadata":{"createdDate":"2018-06-18T13:07:43.856Z","createdByUserId":"2d6dde08-813b-49f0-9b61-2adb08573e7c","updatedDate":"2018-06-18T13:07:43.856Z","updatedByUserId":"2d6dde08-813b-49f0-9b61-2adb08573e7c"}}
fc1fe2d9-d82b-4776-bd3e-aff23438ac76	{"active":true,"personal":{"firstName":"Carmen","lastName":"Johnston","email":"cjohnston@demo.folio.org"},"username":"cjohnston","patronGroup":"b0c005d5-599f-4839-b3f7-63000915cfc3","id":"fc1fe2d9-d82b-4776-bd3e-aff23438ac76","barcode":2873445860,"createdDate":"2018-06-18T13:07:43.856Z","updatedDate":"2018-06-18T13:07:43.856Z","metadata":{"createdDate":"2018-06-18T13:07:43.856Z","createdByUserId":"2d6dde08-813b-49f0-9b61-2adb08573e7c","updatedDate":"2018-06-18T13:07:43.856Z","updatedByUserId":"2d6dde08-813b-49f0-9b61-2adb08573e7c"}}
5b1a1d72-e880-43b1-9bc0-b11f0e4769cb	{"active":true,"personal":{"firstName":"Maddison","lastName":"Reid","email":"mreid@yahoo.com"},"username":"mreid","patronGroup":"a7f4cac3-884a-47be-aef6-ec886a17b164","id":"5b1a1d72-e880-43b1-9bc0-b11f0e4769cb","barcode":3678509203,"createdDate":"2018-06-18T13:07:43.856Z","updatedDate":"2018-06-18T13:07:43.856Z","metadata":{"createdDate":"2018-06-18T13:07:43.856Z","createdByUserId":"2d6dde08-813b-49f0-9b61-2adb08573e7c","updatedDate":"2018-06-18T13:07:43.856Z","updatedByUserId":"2d6dde08-813b-49f0-9b61-2adb08573e7c"}}
638cbddd-c905-4741-906d-4272cbb2662c	{"active":true,"personal":{"firstName":"Sloane","lastName":"Raymond","email":"sraymond@demo.folio.org"},"username":"sraymond","patronGroup":"6e50e769-3e07-45f5-a7e2-d83f13d7402b","id":"638cbddd-c905-4741-906d-4272cbb2662c","barcode":7744148433,"createdDate":"2018-06-18T13:07:43.857Z","updatedDate":"2018-06-18T13:07:43.857Z","metadata":{"createdDate":"2018-06-18T13:07:43.857Z","createdByUserId":"2d6dde08-813b-49f0-9b61-2adb08573e7c","updatedDate":"2018-06-18T13:07:43.857Z","updatedByUserId":"2d6dde08-813b-49f0-9b61-2adb08573e7c"}}
26843eb4-6b4b-4b32-9db1-bb5ad49f8621	{"active":true,"personal":{"firstName":"Keon","lastName":"Fletcher","email":"kfletcher@demo.folio.org"},"username":"kfletcher","patronGroup":"b0c005d5-599f-4839-b3f7-63000915cfc3","id":"26843eb4-6b4b-4b32-9db1-bb5ad49f8621","barcode":8203101804,"createdDate":"2018-06-18T13:07:43.857Z","updatedDate":"2018-06-18T13:07:43.857Z","metadata":{"createdDate":"2018-06-18T13:07:43.857Z","createdByUserId":"2d6dde08-813b-49f0-9b61-2adb08573e7c","updatedDate":"2018-06-18T13:07:43.857Z","updatedByUserId":"2d6dde08-813b-49f0-9b61-2adb08573e7c"}}
e4d9819f-116a-45b4-a2bd-b3ef203026b1	{"active":true,"personal":{"firstName":"Anastasia","lastName":"Mendoza","email":"amendoza@gmail.com"},"username":"amendoza","patronGroup":"a7f4cac3-884a-47be-aef6-ec886a17b164","id":"e4d9819f-116a-45b4-a2bd-b3ef203026b1","barcode":2172253370,"createdDate":"2018-06-18T13:07:43.857Z","updatedDate":"2018-06-18T13:07:43.857Z","metadata":{"createdDate":"2018-06-18T13:07:43.857Z","createdByUserId":"2d6dde08-813b-49f0-9b61-2adb08573e7c","updatedDate":"2018-06-18T13:07:43.857Z","updatedByUserId":"2d6dde08-813b-49f0-9b61-2adb08573e7c"}}
d7912a94-4e02-4858-8e66-297b9134ba6a	{"active":true,"personal":{"firstName":"Edwin","lastName":"Henderson","email":"ehenderson@demo.folio.org"},"username":"ehenderson","patronGroup":"6e50e769-3e07-45f5-a7e2-d83f13d7402b","id":"d7912a94-4e02-4858-8e66-297b9134ba6a","barcode":1474187063,"createdDate":"2018-06-18T13:07:43.857Z","updatedDate":"2018-06-18T13:07:43.857Z","metadata":{"createdDate":"2018-06-18T13:07:43.857Z","createdByUserId":"2d6dde08-813b-49f0-9b61-2adb08573e7c","updatedDate":"2018-06-18T13:07:43.857Z","updatedByUserId":"2d6dde08-813b-49f0-9b61-2adb08573e7c"}}
d94d9dcb-5b6a-413e-898b-d35d12830a4c	{"active":true,"personal":{"firstName":"Diamond","lastName":"Aguirre","email":"daguirre@demo.folio.org"},"username":"daguirre","patronGroup":"b0c005d5-599f-4839-b3f7-63000915cfc3","id":"d94d9dcb-5b6a-413e-898b-d35d12830a4c","barcode":6543805267,"createdDate":"2018-06-18T13:07:43.857Z","updatedDate":"2018-06-18T13:07:43.857Z","metadata":{"createdDate":"2018-06-18T13:07:43.857Z","createdByUserId":"2d6dde08-813b-49f0-9b61-2adb08573e7c","updatedDate":"2018-06-18T13:07:43.857Z","updatedByUserId":"2d6dde08-813b-49f0-9b61-2adb08573e7c"}}
c5794465-4ea3-4f7e-89b4-3c8439b9ddce	{"active":false,"personal":{"firstName":"Lincoln","lastName":"Gibson","email":"lgibson@demo.folio.org"},"username":"lgibson","patronGroup":"97d25c0c-3c18-4683-8b4a-979f5b6db2bf","id":"c5794465-4ea3-4f7e-89b4-3c8439b9ddce","barcode":1999658021,"createdDate":"2018-06-18T13:07:43.857Z","updatedDate":"2018-06-18T13:07:43.857Z","metadata":{"createdDate":"2018-06-18T13:07:43.857Z","createdByUserId":"2d6dde08-813b-49f0-9b61-2adb08573e7c","updatedDate":"2018-06-18T13:07:43.857Z","updatedByUserId":"2d6dde08-813b-49f0-9b61-2adb08573e7c"}}
011af8eb-04a6-4a2f-a9c6-4179e634151b	{"active":true,"personal":{"firstName":"Carson","lastName":"Cain","email":"ccain@demo.folio.org"},"username":"ccain","patronGroup":"6e50e769-3e07-45f5-a7e2-d83f13d7402b","id":"011af8eb-04a6-4a2f-a9c6-4179e634151b","barcode":4815114820,"createdDate":"2018-06-18T13:07:43.858Z","updatedDate":"2018-06-18T13:07:43.858Z","metadata":{"createdDate":"2018-06-18T13:07:43.858Z","createdByUserId":"2d6dde08-813b-49f0-9b61-2adb08573e7c","updatedDate":"2018-06-18T13:07:43.858Z","updatedByUserId":"2d6dde08-813b-49f0-9b61-2adb08573e7c"}}
bc7185a2-c492-411f-bf5b-83427735a75c	{"active":true,"personal":{"firstName":"Cierra","lastName":"Montes","email":"cmontes@demo.folio.org"},"username":"cmontes","patronGroup":"b0c005d5-599f-4839-b3f7-63000915cfc3","id":"bc7185a2-c492-411f-bf5b-83427735a75c","barcode":5650697636,"createdDate":"2018-06-18T13:07:43.858Z","updatedDate":"2018-06-18T13:07:43.858Z","metadata":{"createdDate":"2018-06-18T13:07:43.858Z","createdByUserId":"2d6dde08-813b-49f0-9b61-2adb08573e7c","updatedDate":"2018-06-18T13:07:43.858Z","updatedByUserId":"2d6dde08-813b-49f0-9b61-2adb08573e7c"}}
d8883329-6d69-4d51-a54d-177dc92e949a	{"active":true,"personal":{"firstName":"Naomi","lastName":"Allen","email":"nallen@ebsco.com"},"username":"nallen","patronGroup":"a7f4cac3-884a-47be-aef6-ec886a17b164","id":"d8883329-6d69-4d51-a54d-177dc92e949a","barcode":4354088749,"createdDate":"2018-06-18T13:07:43.858Z","updatedDate":"2018-06-18T13:07:43.858Z","metadata":{"createdDate":"2018-06-18T13:07:43.858Z","createdByUserId":"2d6dde08-813b-49f0-9b61-2adb08573e7c","updatedDate":"2018-06-18T13:07:43.858Z","updatedByUserId":"2d6dde08-813b-49f0-9b61-2adb08573e7c"}}
544fb5fb-e0c6-4309-aa1d-27d4974315b8	{"active":true,"personal":{"firstName":"Joanna","lastName":"Arellano","email":"jarellano@demo.folio.org"},"username":"jarellano","patronGroup":"6e50e769-3e07-45f5-a7e2-d83f13d7402b","id":"544fb5fb-e0c6-4309-aa1d-27d4974315b8","barcode":7506953611,"createdDate":"2018-06-18T13:07:43.858Z","updatedDate":"2018-06-18T13:07:43.858Z","metadata":{"createdDate":"2018-06-18T13:07:43.858Z","createdByUserId":"2d6dde08-813b-49f0-9b61-2adb08573e7c","updatedDate":"2018-06-18T13:07:43.858Z","updatedByUserId":"2d6dde08-813b-49f0-9b61-2adb08573e7c"}}
06e63a13-e9f7-4574-a49b-0365c721f5ae	{"active":true,"personal":{"firstName":"Alfredo","lastName":"Dodson","email":"adodson@demo.folio.org"},"username":"adodson","patronGroup":"b0c005d5-599f-4839-b3f7-63000915cfc3","id":"06e63a13-e9f7-4574-a49b-0365c721f5ae","barcode":3303689970,"createdDate":"2018-06-18T13:07:43.858Z","updatedDate":"2018-06-18T13:07:43.858Z","metadata":{"createdDate":"2018-06-18T13:07:43.858Z","createdByUserId":"2d6dde08-813b-49f0-9b61-2adb08573e7c","updatedDate":"2018-06-18T13:07:43.858Z","updatedByUserId":"2d6dde08-813b-49f0-9b61-2adb08573e7c"}}
53d4d396-b17c-40c4-8ddf-6d0e278f4d61	{"active":true,"personal":{"firstName":"Serena","lastName":"Palmer","email":"spalmer@yahoo.com"},"username":"spalmer","patronGroup":"a7f4cac3-884a-47be-aef6-ec886a17b164","id":"53d4d396-b17c-40c4-8ddf-6d0e278f4d61","barcode":323305622,"createdDate":"2018-06-18T13:07:43.859Z","updatedDate":"2018-06-18T13:07:43.859Z","metadata":{"createdDate":"2018-06-18T13:07:43.859Z","createdByUserId":"2d6dde08-813b-49f0-9b61-2adb08573e7c","updatedDate":"2018-06-18T13:07:43.859Z","updatedByUserId":"2d6dde08-813b-49f0-9b61-2adb08573e7c"}}
767e5150-a6f7-4c1d-82da-36356cca82e0	{"active":true,"personal":{"firstName":"Titus","lastName":"Baird","email":"tbaird@demo.folio.org"},"username":"tbaird","patronGroup":"6e50e769-3e07-45f5-a7e2-d83f13d7402b","id":"767e5150-a6f7-4c1d-82da-36356cca82e0","barcode":1072991508,"createdDate":"2018-06-18T13:07:43.859Z","updatedDate":"2018-06-18T13:07:43.859Z","metadata":{"createdDate":"2018-06-18T13:07:43.859Z","createdByUserId":"2d6dde08-813b-49f0-9b61-2adb08573e7c","updatedDate":"2018-06-18T13:07:43.859Z","updatedByUserId":"2d6dde08-813b-49f0-9b61-2adb08573e7c"}}
be0ab295-5c3f-4592-bfca-00858ab8826f	{"active":true,"personal":{"firstName":"Britney","lastName":"Lindsey","email":"blindsey@demo.folio.org"},"username":"blindsey","patronGroup":"b0c005d5-599f-4839-b3f7-63000915cfc3","id":"be0ab295-5c3f-4592-bfca-00858ab8826f","barcode":672513225,"createdDate":"2018-06-18T13:07:43.859Z","updatedDate":"2018-06-18T13:07:43.859Z","metadata":{"createdDate":"2018-06-18T13:07:43.859Z","createdByUserId":"2d6dde08-813b-49f0-9b61-2adb08573e7c","updatedDate":"2018-06-18T13:07:43.859Z","updatedByUserId":"2d6dde08-813b-49f0-9b61-2adb08573e7c"}}
a71db700-57f3-4c72-b0db-c4232ac63ce7	{"active":true,"personal":{"firstName":"Walter","lastName":"Lane","email":"wlane@yahoo.com"},"username":"wlane","patronGroup":"a7f4cac3-884a-47be-aef6-ec886a17b164","id":"a71db700-57f3-4c72-b0db-c4232ac63ce7","barcode":2018543162,"createdDate":"2018-06-18T13:07:43.859Z","updatedDate":"2018-06-18T13:07:43.859Z","metadata":{"createdDate":"2018-06-18T13:07:43.859Z","createdByUserId":"2d6dde08-813b-49f0-9b61-2adb08573e7c","updatedDate":"2018-06-18T13:07:43.859Z","updatedByUserId":"2d6dde08-813b-49f0-9b61-2adb08573e7c"}}
67abde99-cf91-4cc2-bcab-f88d82a097fb	{"active":false,"personal":{"firstName":"Vaughn","lastName":"Huerta","email":"vhuerta@demo.folio.org"},"username":"vhuerta","patronGroup":"6e50e769-3e07-45f5-a7e2-d83f13d7402b","id":"67abde99-cf91-4cc2-bcab-f88d82a097fb","barcode":1245042081,"createdDate":"2018-06-18T13:07:43.859Z","updatedDate":"2018-06-18T13:07:43.859Z","metadata":{"createdDate":"2018-06-18T13:07:43.859Z","createdByUserId":"2d6dde08-813b-49f0-9b61-2adb08573e7c","updatedDate":"2018-06-18T13:07:43.859Z","updatedByUserId":"2d6dde08-813b-49f0-9b61-2adb08573e7c"}}
0ec4674f-1207-43b0-b433-1292e9bb36c5	{"active":true,"personal":{"firstName":"Kierra","lastName":"Knight","email":"kknight@demo.folio.org"},"username":"kknight","patronGroup":"b0c005d5-599f-4839-b3f7-63000915cfc3","id":"0ec4674f-1207-43b0-b433-1292e9bb36c5","barcode":3431158728,"createdDate":"2018-06-18T13:07:43.860Z","updatedDate":"2018-06-18T13:07:43.860Z","metadata":{"createdDate":"2018-06-18T13:07:43.860Z","createdByUserId":"2d6dde08-813b-49f0-9b61-2adb08573e7c","updatedDate":"2018-06-18T13:07:43.860Z","updatedByUserId":"2d6dde08-813b-49f0-9b61-2adb08573e7c"}}
5f2cfadb-57f6-4ba4-bf15-3b6b70b9b3b5	{"active":true,"personal":{"firstName":"Jairo","lastName":"Simon","email":"jsimon@gmail.com"},"username":"jsimon","patronGroup":"a7f4cac3-884a-47be-aef6-ec886a17b164","id":"5f2cfadb-57f6-4ba4-bf15-3b6b70b9b3b5","barcode":7557541731,"createdDate":"2018-06-18T13:07:43.860Z","updatedDate":"2018-06-18T13:07:43.860Z","metadata":{"createdDate":"2018-06-18T13:07:43.860Z","createdByUserId":"2d6dde08-813b-49f0-9b61-2adb08573e7c","updatedDate":"2018-06-18T13:07:43.860Z","updatedByUserId":"2d6dde08-813b-49f0-9b61-2adb08573e7c"}}
e810626d-5027-4ee8-85e1-3bb1fe5bb201	{"active":true,"personal":{"firstName":"Harrison","lastName":"Wall","email":"hwall@demo.folio.org"},"username":"hwall","patronGroup":"6e50e769-3e07-45f5-a7e2-d83f13d7402b","id":"e810626d-5027-4ee8-85e1-3bb1fe5bb201","barcode":4019587030,"createdDate":"2018-06-18T13:07:43.860Z","updatedDate":"2018-06-18T13:07:43.860Z","metadata":{"createdDate":"2018-06-18T13:07:43.860Z","createdByUserId":"2d6dde08-813b-49f0-9b61-2adb08573e7c","updatedDate":"2018-06-18T13:07:43.860Z","updatedByUserId":"2d6dde08-813b-49f0-9b61-2adb08573e7c"}}
cff8e3dd-f976-4442-bcb5-9effda7d61f4	{"active":true,"personal":{"firstName":"India","lastName":"Lin","email":"ilin@demo.folio.org"},"username":"ilin","patronGroup":"b0c005d5-599f-4839-b3f7-63000915cfc3","id":"cff8e3dd-f976-4442-bcb5-9effda7d61f4","barcode":7931679683,"createdDate":"2018-06-18T13:07:43.861Z","updatedDate":"2018-06-18T13:07:43.861Z","metadata":{"createdDate":"2018-06-18T13:07:43.861Z","createdByUserId":"2d6dde08-813b-49f0-9b61-2adb08573e7c","updatedDate":"2018-06-18T13:07:43.861Z","updatedByUserId":"2d6dde08-813b-49f0-9b61-2adb08573e7c"}}
94ae4e03-2702-4094-87b5-41988da9a07e	{"active":true,"personal":{"firstName":"Alissa","lastName":"Green","email":"agreen@ebsco.com"},"username":"agreen","patronGroup":"a7f4cac3-884a-47be-aef6-ec886a17b164","id":"94ae4e03-2702-4094-87b5-41988da9a07e","barcode":6610421262,"createdDate":"2018-06-18T13:07:43.861Z","updatedDate":"2018-06-18T13:07:43.861Z","metadata":{"createdDate":"2018-06-18T13:07:43.861Z","createdByUserId":"2d6dde08-813b-49f0-9b61-2adb08573e7c","updatedDate":"2018-06-18T13:07:43.861Z","updatedByUserId":"2d6dde08-813b-49f0-9b61-2adb08573e7c"}}
a8836f9a-19ca-49ba-a9af-82184602acb5	{"active":true,"personal":{"firstName":"Lilah","lastName":"Tucker","email":"ltucker@demo.folio.org"},"username":"ltucker","patronGroup":"6e50e769-3e07-45f5-a7e2-d83f13d7402b","id":"a8836f9a-19ca-49ba-a9af-82184602acb5","barcode":1978011563,"createdDate":"2018-06-18T13:07:43.862Z","updatedDate":"2018-06-18T13:07:43.862Z","metadata":{"createdDate":"2018-06-18T13:07:43.862Z","createdByUserId":"2d6dde08-813b-49f0-9b61-2adb08573e7c","updatedDate":"2018-06-18T13:07:43.862Z","updatedByUserId":"2d6dde08-813b-49f0-9b61-2adb08573e7c"}}
764d4df3-d6d3-4eca-8a3a-4e06a12a3d5c	{"active":true,"personal":{"firstName":"Julio","lastName":"Moyer","email":"jmoyer@demo.folio.org"},"username":"jmoyer","patronGroup":"b0c005d5-599f-4839-b3f7-63000915cfc3","id":"764d4df3-d6d3-4eca-8a3a-4e06a12a3d5c","barcode":2621896160,"createdDate":"2018-06-18T13:07:43.862Z","updatedDate":"2018-06-18T13:07:43.862Z","metadata":{"createdDate":"2018-06-18T13:07:43.862Z","createdByUserId":"2d6dde08-813b-49f0-9b61-2adb08573e7c","updatedDate":"2018-06-18T13:07:43.862Z","updatedByUserId":"2d6dde08-813b-49f0-9b61-2adb08573e7c"}}
c0e6cd2d-c265-4940-b1d0-d78b7719ddc2	{"active":true,"personal":{"firstName":"Esteban","lastName":"Buck","email":"ebuck@yahoo.com"},"username":"ebuck","patronGroup":"a7f4cac3-884a-47be-aef6-ec886a17b164","id":"c0e6cd2d-c265-4940-b1d0-d78b7719ddc2","barcode":4198607981,"createdDate":"2018-06-18T13:07:43.862Z","updatedDate":"2018-06-18T13:07:43.862Z","metadata":{"createdDate":"2018-06-18T13:07:43.862Z","createdByUserId":"2d6dde08-813b-49f0-9b61-2adb08573e7c","updatedDate":"2018-06-18T13:07:43.862Z","updatedByUserId":"2d6dde08-813b-49f0-9b61-2adb08573e7c"}}
df01333f-3f81-46fb-89df-a403c48dea84	{"active":true,"personal":{"firstName":"Jovan","lastName":"Macias","email":"jmacias@demo.folio.org"},"username":"jmacias","patronGroup":"6e50e769-3e07-45f5-a7e2-d83f13d7402b","id":"df01333f-3f81-46fb-89df-a403c48dea84","barcode":2695814502,"createdDate":"2018-06-18T13:07:43.862Z","updatedDate":"2018-06-18T13:07:43.862Z","metadata":{"createdDate":"2018-06-18T13:07:43.862Z","createdByUserId":"2d6dde08-813b-49f0-9b61-2adb08573e7c","updatedDate":"2018-06-18T13:07:43.862Z","updatedByUserId":"2d6dde08-813b-49f0-9b61-2adb08573e7c"}}
f7574a10-99e9-416a-8722-b0156c829982	{"active":false,"personal":{"firstName":"Macie","lastName":"Bernard","email":"mbernard@demo.folio.org"},"username":"mbernard","patronGroup":"b0c005d5-599f-4839-b3f7-63000915cfc3","id":"f7574a10-99e9-416a-8722-b0156c829982","barcode":9499686921,"createdDate":"2018-06-18T13:07:43.863Z","updatedDate":"2018-06-18T13:07:43.863Z","metadata":{"createdDate":"2018-06-18T13:07:43.863Z","createdByUserId":"2d6dde08-813b-49f0-9b61-2adb08573e7c","updatedDate":"2018-06-18T13:07:43.863Z","updatedByUserId":"2d6dde08-813b-49f0-9b61-2adb08573e7c"}}
c3d16399-4874-4c4d-aaf2-86e591884c4a	{"active":true,"personal":{"firstName":"Cecilia","lastName":"Chang","email":"cchang@gmail.com"},"username":"cchang","patronGroup":"a7f4cac3-884a-47be-aef6-ec886a17b164","id":"c3d16399-4874-4c4d-aaf2-86e591884c4a","barcode":7136434350,"createdDate":"2018-06-18T13:07:43.863Z","updatedDate":"2018-06-18T13:07:43.863Z","metadata":{"createdDate":"2018-06-18T13:07:43.863Z","createdByUserId":"2d6dde08-813b-49f0-9b61-2adb08573e7c","updatedDate":"2018-06-18T13:07:43.863Z","updatedByUserId":"2d6dde08-813b-49f0-9b61-2adb08573e7c"}}
2e4b4857-42ac-4b40-8623-70ad5e371259	{"active":true,"personal":{"firstName":"Edith","lastName":"Middleton","email":"emiddleton@demo.folio.org"},"username":"emiddleton","patronGroup":"6e50e769-3e07-45f5-a7e2-d83f13d7402b","id":"2e4b4857-42ac-4b40-8623-70ad5e371259","barcode":3241979533,"createdDate":"2018-06-18T13:07:43.863Z","updatedDate":"2018-06-18T13:07:43.863Z","metadata":{"createdDate":"2018-06-18T13:07:43.863Z","createdByUserId":"2d6dde08-813b-49f0-9b61-2adb08573e7c","updatedDate":"2018-06-18T13:07:43.863Z","updatedByUserId":"2d6dde08-813b-49f0-9b61-2adb08573e7c"}}
7fab61a9-ffca-4f09-ba54-d6a467f6cdba	{"active":true,"personal":{"firstName":"Francis","lastName":"Miller","email":"fmiller@demo.folio.org"},"username":"fmiller","patronGroup":"b0c005d5-599f-4839-b3f7-63000915cfc3","id":"7fab61a9-ffca-4f09-ba54-d6a467f6cdba","barcode":4823369535,"createdDate":"2018-06-18T13:07:43.864Z","updatedDate":"2018-06-18T13:07:43.864Z","metadata":{"createdDate":"2018-06-18T13:07:43.864Z","createdByUserId":"2d6dde08-813b-49f0-9b61-2adb08573e7c","updatedDate":"2018-06-18T13:07:43.864Z","updatedByUserId":"2d6dde08-813b-49f0-9b61-2adb08573e7c"}}
517b0069-00b5-490c-9f7d-90980a99c425	{"active":true,"personal":{"firstName":"Kate","lastName":"Higgins","email":"khiggins@ebsco.com"},"username":"khiggins","patronGroup":"a7f4cac3-884a-47be-aef6-ec886a17b164","id":"517b0069-00b5-490c-9f7d-90980a99c425","barcode":2046171353,"createdDate":"2018-06-18T13:07:43.864Z","updatedDate":"2018-06-18T13:07:43.864Z","metadata":{"createdDate":"2018-06-18T13:07:43.864Z","createdByUserId":"2d6dde08-813b-49f0-9b61-2adb08573e7c","updatedDate":"2018-06-18T13:07:43.864Z","updatedByUserId":"2d6dde08-813b-49f0-9b61-2adb08573e7c"}}
57ccfbc1-f447-4b4b-9a8a-cef8406d0d21	{"active":true,"personal":{"firstName":"Mike","lastName":"Reilly","email":"mreilly@demo.folio.org"},"username":"mreilly","patronGroup":"97d25c0c-3c18-4683-8b4a-979f5b6db2bf","id":"57ccfbc1-f447-4b4b-9a8a-cef8406d0d21","barcode":439301127,"createdDate":"2018-06-18T13:07:43.864Z","updatedDate":"2018-06-18T13:07:43.864Z","metadata":{"createdDate":"2018-06-18T13:07:43.864Z","createdByUserId":"2d6dde08-813b-49f0-9b61-2adb08573e7c","updatedDate":"2018-06-18T13:07:43.864Z","updatedByUserId":"2d6dde08-813b-49f0-9b61-2adb08573e7c"}}
7fd80d00-df07-41cd-94be-f818d4168c78	{"active":true,"personal":{"firstName":"Christopher","lastName":"Brooks","email":"cbrooks@demo.folio.org"},"username":"cbrooks","patronGroup":"b0c005d5-599f-4839-b3f7-63000915cfc3","id":"7fd80d00-df07-41cd-94be-f818d4168c78","barcode":3613335466,"createdDate":"2018-06-18T13:07:43.864Z","updatedDate":"2018-06-18T13:07:43.864Z","metadata":{"createdDate":"2018-06-18T13:07:43.864Z","createdByUserId":"2d6dde08-813b-49f0-9b61-2adb08573e7c","updatedDate":"2018-06-18T13:07:43.864Z","updatedByUserId":"2d6dde08-813b-49f0-9b61-2adb08573e7c"}}
4d93736a-685c-4d76-be8b-a9847a076794	{"active":true,"personal":{"firstName":"Peyton","lastName":"Pugh","email":"ppugh@yahoo.com"},"username":"ppugh","patronGroup":"a7f4cac3-884a-47be-aef6-ec886a17b164","id":"4d93736a-685c-4d76-be8b-a9847a076794","barcode":4238814502,"createdDate":"2018-06-18T13:07:43.865Z","updatedDate":"2018-06-18T13:07:43.865Z","metadata":{"createdDate":"2018-06-18T13:07:43.865Z","createdByUserId":"2d6dde08-813b-49f0-9b61-2adb08573e7c","updatedDate":"2018-06-18T13:07:43.865Z","updatedByUserId":"2d6dde08-813b-49f0-9b61-2adb08573e7c"}}
890dbb1c-cd58-410f-b5db-eae518ee10b4	{"active":true,"personal":{"firstName":"Elvis","lastName":"Solomon","email":"esolomon@demo.folio.org"},"username":"esolomon","patronGroup":"6e50e769-3e07-45f5-a7e2-d83f13d7402b","id":"890dbb1c-cd58-410f-b5db-eae518ee10b4","barcode":7638592200,"createdDate":"2018-06-18T13:07:43.865Z","updatedDate":"2018-06-18T13:07:43.865Z","metadata":{"createdDate":"2018-06-18T13:07:43.865Z","createdByUserId":"2d6dde08-813b-49f0-9b61-2adb08573e7c","updatedDate":"2018-06-18T13:07:43.865Z","updatedByUserId":"2d6dde08-813b-49f0-9b61-2adb08573e7c"}}
3aec8f09-b7db-46e5-b995-10a07f2f69f6	{"active":true,"personal":{"firstName":"Kamden","lastName":"Hunter","email":"khunter@demo.folio.org"},"username":"khunter","patronGroup":"b0c005d5-599f-4839-b3f7-63000915cfc3","id":"3aec8f09-b7db-46e5-b995-10a07f2f69f6","barcode":9827234601,"createdDate":"2018-06-18T13:07:43.865Z","updatedDate":"2018-06-18T13:07:43.865Z","metadata":{"createdDate":"2018-06-18T13:07:43.865Z","createdByUserId":"2d6dde08-813b-49f0-9b61-2adb08573e7c","updatedDate":"2018-06-18T13:07:43.865Z","updatedByUserId":"2d6dde08-813b-49f0-9b61-2adb08573e7c"}}
1fa6d579-45ee-48b6-b87b-e99b38034ba7	{"active":false,"personal":{"firstName":"Gwendolyn","lastName":"Weeks","email":"gweeks@yahoo.com"},"username":"gweeks","patronGroup":"a7f4cac3-884a-47be-aef6-ec886a17b164","id":"1fa6d579-45ee-48b6-b87b-e99b38034ba7","barcode":3840973273,"createdDate":"2018-06-18T13:07:43.865Z","updatedDate":"2018-06-18T13:07:43.865Z","metadata":{"createdDate":"2018-06-18T13:07:43.865Z","createdByUserId":"2d6dde08-813b-49f0-9b61-2adb08573e7c","updatedDate":"2018-06-18T13:07:43.865Z","updatedByUserId":"2d6dde08-813b-49f0-9b61-2adb08573e7c"}}
8759fc1d-3367-4f44-807d-7d91a99eb802	{"active":true,"personal":{"firstName":"Jacquelyn","lastName":"Yates","email":"jyates@demo.folio.org"},"username":"jyates","patronGroup":"6e50e769-3e07-45f5-a7e2-d83f13d7402b","id":"8759fc1d-3367-4f44-807d-7d91a99eb802","barcode":1728525438,"createdDate":"2018-06-18T13:07:43.865Z","updatedDate":"2018-06-18T13:07:43.865Z","metadata":{"createdDate":"2018-06-18T13:07:43.865Z","createdByUserId":"2d6dde08-813b-49f0-9b61-2adb08573e7c","updatedDate":"2018-06-18T13:07:43.865Z","updatedByUserId":"2d6dde08-813b-49f0-9b61-2adb08573e7c"}}
a65b9860-251e-45f9-b90b-fc071964f07c	{"active":true,"personal":{"firstName":"Jerimiah","lastName":"Glover","email":"jglover@demo.folio.org"},"username":"jglover","patronGroup":"b0c005d5-599f-4839-b3f7-63000915cfc3","id":"a65b9860-251e-45f9-b90b-fc071964f07c","barcode":9820759512,"createdDate":"2018-06-18T13:07:43.866Z","updatedDate":"2018-06-18T13:07:43.866Z","metadata":{"createdDate":"2018-06-18T13:07:43.866Z","createdByUserId":"2d6dde08-813b-49f0-9b61-2adb08573e7c","updatedDate":"2018-06-18T13:07:43.866Z","updatedByUserId":"2d6dde08-813b-49f0-9b61-2adb08573e7c"}}
61abde7b-2eb2-49a4-bb68-eb542b3c2371	{"active":true,"personal":{"firstName":"Jayvon","lastName":"Wolf","email":"jwolf@gmail.com"},"username":"jwolf","patronGroup":"a7f4cac3-884a-47be-aef6-ec886a17b164","id":"61abde7b-2eb2-49a4-bb68-eb542b3c2371","barcode":2423848553,"createdDate":"2018-06-18T13:07:43.866Z","updatedDate":"2018-06-18T13:07:43.866Z","metadata":{"createdDate":"2018-06-18T13:07:43.866Z","createdByUserId":"2d6dde08-813b-49f0-9b61-2adb08573e7c","updatedDate":"2018-06-18T13:07:43.866Z","updatedByUserId":"2d6dde08-813b-49f0-9b61-2adb08573e7c"}}
4566ba94-6b19-4a9d-9fc3-cec5c8268cc6	{"active":true,"personal":{"firstName":"Larissa","lastName":"Bolton","email":"lbolton@demo.folio.org"},"username":"lbolton","patronGroup":"6e50e769-3e07-45f5-a7e2-d83f13d7402b","id":"4566ba94-6b19-4a9d-9fc3-cec5c8268cc6","barcode":3850332930,"createdDate":"2018-06-18T13:07:43.866Z","updatedDate":"2018-06-18T13:07:43.866Z","metadata":{"createdDate":"2018-06-18T13:07:43.866Z","createdByUserId":"2d6dde08-813b-49f0-9b61-2adb08573e7c","updatedDate":"2018-06-18T13:07:43.866Z","updatedByUserId":"2d6dde08-813b-49f0-9b61-2adb08573e7c"}}
a8320d48-5571-41f1-b89b-01f91c21cd44	{"active":true,"personal":{"firstName":"Louis","lastName":"Lara","email":"llara@demo.folio.org"},"username":"llara","patronGroup":"b0c005d5-599f-4839-b3f7-63000915cfc3","id":"a8320d48-5571-41f1-b89b-01f91c21cd44","barcode":5115139353,"createdDate":"2018-06-18T13:07:43.866Z","updatedDate":"2018-06-18T13:07:43.866Z","metadata":{"createdDate":"2018-06-18T13:07:43.866Z","createdByUserId":"2d6dde08-813b-49f0-9b61-2adb08573e7c","updatedDate":"2018-06-18T13:07:43.866Z","updatedByUserId":"2d6dde08-813b-49f0-9b61-2adb08573e7c"}}
0b167919-2332-4772-84de-e9107eb7bee5	{"active":true,"personal":{"firstName":"Rafael","lastName":"Bradshaw","email":"rbradshaw@gmail.com"},"username":"rbradshaw","patronGroup":"a7f4cac3-884a-47be-aef6-ec886a17b164","id":"0b167919-2332-4772-84de-e9107eb7bee5","barcode":6511223905,"createdDate":"2018-06-18T13:07:43.866Z","updatedDate":"2018-06-18T13:07:43.866Z","metadata":{"createdDate":"2018-06-18T13:07:43.866Z","createdByUserId":"2d6dde08-813b-49f0-9b61-2adb08573e7c","updatedDate":"2018-06-18T13:07:43.866Z","updatedByUserId":"2d6dde08-813b-49f0-9b61-2adb08573e7c"}}
147aea88-5ecc-418b-b163-332250051b44	{"active":true,"personal":{"firstName":"Clare","lastName":"Curtis","email":"ccurtis@demo.folio.org"},"username":"ccurtis","patronGroup":"6e50e769-3e07-45f5-a7e2-d83f13d7402b","id":"147aea88-5ecc-418b-b163-332250051b44","barcode":7684887806,"createdDate":"2018-06-18T13:07:43.866Z","updatedDate":"2018-06-18T13:07:43.866Z","metadata":{"createdDate":"2018-06-18T13:07:43.866Z","createdByUserId":"2d6dde08-813b-49f0-9b61-2adb08573e7c","updatedDate":"2018-06-18T13:07:43.866Z","updatedByUserId":"2d6dde08-813b-49f0-9b61-2adb08573e7c"}}
09d4a144-27b1-4fb5-9638-d15f08102ffd	{"active":true,"personal":{"firstName":"Joseph","lastName":"Haley","email":"jhaley@demo.folio.org"},"username":"jhaley","patronGroup":"b0c005d5-599f-4839-b3f7-63000915cfc3","id":"09d4a144-27b1-4fb5-9638-d15f08102ffd","barcode":8107941665,"createdDate":"2018-06-18T13:07:43.867Z","updatedDate":"2018-06-18T13:07:43.867Z","metadata":{"createdDate":"2018-06-18T13:07:43.867Z","createdByUserId":"2d6dde08-813b-49f0-9b61-2adb08573e7c","updatedDate":"2018-06-18T13:07:43.867Z","updatedByUserId":"2d6dde08-813b-49f0-9b61-2adb08573e7c"}}
b0ab4fb0-963c-4aee-83d8-e25a6675c610	{"active":true,"personal":{"firstName":"Ivy","lastName":"Scott","email":"iscott@ebsco.com"},"username":"iscott","patronGroup":"a7f4cac3-884a-47be-aef6-ec886a17b164","id":"b0ab4fb0-963c-4aee-83d8-e25a6675c610","barcode":2296718283,"createdDate":"2018-06-18T13:07:43.867Z","updatedDate":"2018-06-18T13:07:43.867Z","metadata":{"createdDate":"2018-06-18T13:07:43.867Z","createdByUserId":"2d6dde08-813b-49f0-9b61-2adb08573e7c","updatedDate":"2018-06-18T13:07:43.867Z","updatedByUserId":"2d6dde08-813b-49f0-9b61-2adb08573e7c"}}
aa3d3cfd-2fa7-4a70-aa7d-fc76b49c6dc7	{"active":false,"personal":{"firstName":"Rebecca","lastName":"Reed","email":"rreed@demo.folio.org"},"username":"rreed","patronGroup":"6e50e769-3e07-45f5-a7e2-d83f13d7402b","id":"aa3d3cfd-2fa7-4a70-aa7d-fc76b49c6dc7","barcode":4581737577,"createdDate":"2018-06-18T13:07:43.867Z","updatedDate":"2018-06-18T13:07:43.867Z","metadata":{"createdDate":"2018-06-18T13:07:43.867Z","createdByUserId":"2d6dde08-813b-49f0-9b61-2adb08573e7c","updatedDate":"2018-06-18T13:07:43.867Z","updatedByUserId":"2d6dde08-813b-49f0-9b61-2adb08573e7c"}}
cb3fd796-4b99-482c-89f1-1d260d7c06c9	{"active":true,"personal":{"firstName":"Isabela","lastName":"Hogan","email":"ihogan@demo.folio.org"},"username":"ihogan","patronGroup":"b0c005d5-599f-4839-b3f7-63000915cfc3","id":"cb3fd796-4b99-482c-89f1-1d260d7c06c9","barcode":5524090899,"createdDate":"2018-06-18T13:07:43.867Z","updatedDate":"2018-06-18T13:07:43.867Z","metadata":{"createdDate":"2018-06-18T13:07:43.867Z","createdByUserId":"2d6dde08-813b-49f0-9b61-2adb08573e7c","updatedDate":"2018-06-18T13:07:43.867Z","updatedByUserId":"2d6dde08-813b-49f0-9b61-2adb08573e7c"}}
a406d13d-a01f-4a14-9d02-e5be82d33765	{"active":true,"personal":{"firstName":"Bill","lastName":"Mills","email":"bmills@ebsco.com"},"username":"bmills","patronGroup":"a7f4cac3-884a-47be-aef6-ec886a17b164","id":"a406d13d-a01f-4a14-9d02-e5be82d33765","barcode":2308350672,"createdDate":"2018-06-18T13:07:43.868Z","updatedDate":"2018-06-18T13:07:43.868Z","metadata":{"createdDate":"2018-06-18T13:07:43.868Z","createdByUserId":"2d6dde08-813b-49f0-9b61-2adb08573e7c","updatedDate":"2018-06-18T13:07:43.868Z","updatedByUserId":"2d6dde08-813b-49f0-9b61-2adb08573e7c"}}
b6d0a9f2-4fa9-4572-9b73-f6fdc915616c	{"active":true,"personal":{"firstName":"Giuliana","lastName":"Cross","email":"gcross@demo.folio.org"},"username":"gcross","patronGroup":"6e50e769-3e07-45f5-a7e2-d83f13d7402b","id":"b6d0a9f2-4fa9-4572-9b73-f6fdc915616c","barcode":2710069966,"createdDate":"2018-06-18T13:07:43.868Z","updatedDate":"2018-06-18T13:07:43.868Z","metadata":{"createdDate":"2018-06-18T13:07:43.868Z","createdByUserId":"2d6dde08-813b-49f0-9b61-2adb08573e7c","updatedDate":"2018-06-18T13:07:43.868Z","updatedByUserId":"2d6dde08-813b-49f0-9b61-2adb08573e7c"}}
16583fa7-db71-4acf-ad28-b6b809048b3d	{"active":true,"personal":{"firstName":"Jamison","lastName":"Whitaker","email":"jwhitaker@demo.folio.org"},"username":"jwhitaker","patronGroup":"b0c005d5-599f-4839-b3f7-63000915cfc3","id":"16583fa7-db71-4acf-ad28-b6b809048b3d","barcode":2598349189,"createdDate":"2018-06-18T13:07:43.868Z","updatedDate":"2018-06-18T13:07:43.868Z","metadata":{"createdDate":"2018-06-18T13:07:43.868Z","createdByUserId":"2d6dde08-813b-49f0-9b61-2adb08573e7c","updatedDate":"2018-06-18T13:07:43.868Z","updatedByUserId":"2d6dde08-813b-49f0-9b61-2adb08573e7c"}}
a7af60aa-1948-4763-be23-2cfddd86fea5	{"active":true,"personal":{"firstName":"Annabella","lastName":"Peck","email":"apeck@yahoo.com"},"username":"apeck","patronGroup":"a7f4cac3-884a-47be-aef6-ec886a17b164","id":"a7af60aa-1948-4763-be23-2cfddd86fea5","barcode":9924626355,"createdDate":"2018-06-18T13:07:43.868Z","updatedDate":"2018-06-18T13:07:43.868Z","metadata":{"createdDate":"2018-06-18T13:07:43.868Z","createdByUserId":"2d6dde08-813b-49f0-9b61-2adb08573e7c","updatedDate":"2018-06-18T13:07:43.868Z","updatedByUserId":"2d6dde08-813b-49f0-9b61-2adb08573e7c"}}
16e62cce-4118-48bf-8949-3d6aa4ff8c55	{"active":true,"personal":{"firstName":"Phoebe","lastName":"Delacruz","email":"pdelacruz@demo.folio.org"},"username":"pdelacruz","patronGroup":"6e50e769-3e07-45f5-a7e2-d83f13d7402b","id":"16e62cce-4118-48bf-8949-3d6aa4ff8c55","barcode":9561314305,"createdDate":"2018-06-18T13:07:43.868Z","updatedDate":"2018-06-18T13:07:43.868Z","metadata":{"createdDate":"2018-06-18T13:07:43.868Z","createdByUserId":"2d6dde08-813b-49f0-9b61-2adb08573e7c","updatedDate":"2018-06-18T13:07:43.868Z","updatedByUserId":"2d6dde08-813b-49f0-9b61-2adb08573e7c"}}
549f0bc6-5d96-4b13-9c27-561ab20c9436	{"active":true,"personal":{"firstName":"Arianna","lastName":"Woodard","email":"awoodard@demo.folio.org"},"username":"awoodard","patronGroup":"b0c005d5-599f-4839-b3f7-63000915cfc3","id":"549f0bc6-5d96-4b13-9c27-561ab20c9436","barcode":3216953106,"createdDate":"2018-06-18T13:07:43.869Z","updatedDate":"2018-06-18T13:07:43.869Z","metadata":{"createdDate":"2018-06-18T13:07:43.869Z","createdByUserId":"2d6dde08-813b-49f0-9b61-2adb08573e7c","updatedDate":"2018-06-18T13:07:43.869Z","updatedByUserId":"2d6dde08-813b-49f0-9b61-2adb08573e7c"}}
0fda0936-050f-45f7-a92e-62b171823bcc	{"active":true,"personal":{"firstName":"Fatima","lastName":"Hendricks","email":"fhendricks@ebsco.com"},"username":"fhendricks","patronGroup":"a7f4cac3-884a-47be-aef6-ec886a17b164","id":"0fda0936-050f-45f7-a92e-62b171823bcc","barcode":7273792752,"createdDate":"2018-06-18T13:07:43.870Z","updatedDate":"2018-06-18T13:07:43.870Z","metadata":{"createdDate":"2018-06-18T13:07:43.870Z","createdByUserId":"2d6dde08-813b-49f0-9b61-2adb08573e7c","updatedDate":"2018-06-18T13:07:43.870Z","updatedByUserId":"2d6dde08-813b-49f0-9b61-2adb08573e7c"}}
e7309c1d-d067-4f55-a00a-2512bc1997c6	{"active":true,"personal":{"firstName":"Annie","lastName":"Owen","email":"aowen@demo.folio.org"},"username":"aowen","patronGroup":"6e50e769-3e07-45f5-a7e2-d83f13d7402b","id":"e7309c1d-d067-4f55-a00a-2512bc1997c6","barcode":7150508398,"createdDate":"2018-06-18T13:07:43.870Z","updatedDate":"2018-06-18T13:07:43.870Z","metadata":{"createdDate":"2018-06-18T13:07:43.870Z","createdByUserId":"2d6dde08-813b-49f0-9b61-2adb08573e7c","updatedDate":"2018-06-18T13:07:43.870Z","updatedByUserId":"2d6dde08-813b-49f0-9b61-2adb08573e7c"}}
b3d79a59-d674-4e1a-af47-9f0ac8e4b0cc	{"active":false,"personal":{"firstName":"Sammy","lastName":"Shaw","email":"sshaw@demo.folio.org"},"username":"sshaw","patronGroup":"97d25c0c-3c18-4683-8b4a-979f5b6db2bf","id":"b3d79a59-d674-4e1a-af47-9f0ac8e4b0cc","barcode":7106969086,"createdDate":"2018-06-18T13:07:43.870Z","updatedDate":"2018-06-18T13:07:43.870Z","metadata":{"createdDate":"2018-06-18T13:07:43.870Z","createdByUserId":"2d6dde08-813b-49f0-9b61-2adb08573e7c","updatedDate":"2018-06-18T13:07:43.870Z","updatedByUserId":"2d6dde08-813b-49f0-9b61-2adb08573e7c"}}
fcdc505b-367c-49bd-b5e3-2e581ccdda28	{"active":true,"personal":{"firstName":"Olive","lastName":"Lowe","email":"olowe@ebsco.com"},"username":"olowe","patronGroup":"a7f4cac3-884a-47be-aef6-ec886a17b164","id":"fcdc505b-367c-49bd-b5e3-2e581ccdda28","barcode":3645691433,"createdDate":"2018-06-18T13:07:43.870Z","updatedDate":"2018-06-18T13:07:43.870Z","metadata":{"createdDate":"2018-06-18T13:07:43.870Z","createdByUserId":"2d6dde08-813b-49f0-9b61-2adb08573e7c","updatedDate":"2018-06-18T13:07:43.870Z","updatedByUserId":"2d6dde08-813b-49f0-9b61-2adb08573e7c"}}
6f344ff5-2978-4c6c-9c63-4b8d53c2e179	{"active":true,"personal":{"firstName":"Justin","lastName":"Lester","email":"jlester@demo.folio.org"},"username":"jlester","patronGroup":"6e50e769-3e07-45f5-a7e2-d83f13d7402b","id":"6f344ff5-2978-4c6c-9c63-4b8d53c2e179","barcode":2357124605,"createdDate":"2018-06-18T13:07:43.871Z","updatedDate":"2018-06-18T13:07:43.871Z","metadata":{"createdDate":"2018-06-18T13:07:43.871Z","createdByUserId":"2d6dde08-813b-49f0-9b61-2adb08573e7c","updatedDate":"2018-06-18T13:07:43.871Z","updatedByUserId":"2d6dde08-813b-49f0-9b61-2adb08573e7c"}}
ae59d941-7462-43fc-9b04-64f3cd9fcb35	{"active":true,"personal":{"firstName":"Kolten","lastName":"Mcmahon","email":"kmcmahon@demo.folio.org"},"username":"kmcmahon","patronGroup":"b0c005d5-599f-4839-b3f7-63000915cfc3","id":"ae59d941-7462-43fc-9b04-64f3cd9fcb35","barcode":7148252550,"createdDate":"2018-06-18T13:07:43.871Z","updatedDate":"2018-06-18T13:07:43.871Z","metadata":{"createdDate":"2018-06-18T13:07:43.871Z","createdByUserId":"2d6dde08-813b-49f0-9b61-2adb08573e7c","updatedDate":"2018-06-18T13:07:43.871Z","updatedByUserId":"2d6dde08-813b-49f0-9b61-2adb08573e7c"}}
fad5e2f1-5c07-4e4d-884d-23ed38d75dc2	{"active":true,"personal":{"firstName":"Landyn","lastName":"Velazquez","email":"lvelazquez@yahoo.com"},"username":"lvelazquez","patronGroup":"a7f4cac3-884a-47be-aef6-ec886a17b164","id":"fad5e2f1-5c07-4e4d-884d-23ed38d75dc2","barcode":9125007938,"createdDate":"2018-06-18T13:07:43.871Z","updatedDate":"2018-06-18T13:07:43.871Z","metadata":{"createdDate":"2018-06-18T13:07:43.871Z","createdByUserId":"2d6dde08-813b-49f0-9b61-2adb08573e7c","updatedDate":"2018-06-18T13:07:43.871Z","updatedByUserId":"2d6dde08-813b-49f0-9b61-2adb08573e7c"}}
76851ab2-96ee-44ec-8df7-31bf85ebcdce	{"active":true,"personal":{"firstName":"Kaylynn","lastName":"Ross","email":"kross@demo.folio.org"},"username":"kross","patronGroup":"6e50e769-3e07-45f5-a7e2-d83f13d7402b","id":"76851ab2-96ee-44ec-8df7-31bf85ebcdce","barcode":4880327939,"createdDate":"2018-06-18T13:07:43.871Z","updatedDate":"2018-06-18T13:07:43.871Z","metadata":{"createdDate":"2018-06-18T13:07:43.871Z","createdByUserId":"2d6dde08-813b-49f0-9b61-2adb08573e7c","updatedDate":"2018-06-18T13:07:43.871Z","updatedByUserId":"2d6dde08-813b-49f0-9b61-2adb08573e7c"}}
005cf17b-f28e-488b-b7c4-08a37a933a13	{"active":true,"personal":{"firstName":"Jolie","lastName":"Sawyer","email":"jsawyer@demo.folio.org"},"username":"jsawyer","patronGroup":"b0c005d5-599f-4839-b3f7-63000915cfc3","id":"005cf17b-f28e-488b-b7c4-08a37a933a13","barcode":9309932794,"createdDate":"2018-06-18T13:07:43.872Z","updatedDate":"2018-06-18T13:07:43.872Z","metadata":{"createdDate":"2018-06-18T13:07:43.872Z","createdByUserId":"2d6dde08-813b-49f0-9b61-2adb08573e7c","updatedDate":"2018-06-18T13:07:43.872Z","updatedByUserId":"2d6dde08-813b-49f0-9b61-2adb08573e7c"}}
3d35297f-8602-4c4a-8e48-5aa424cdd66b	{"active":true,"personal":{"firstName":"Clay","lastName":"Harper","email":"charper@gmail.com"},"username":"charper","patronGroup":"a7f4cac3-884a-47be-aef6-ec886a17b164","id":"3d35297f-8602-4c4a-8e48-5aa424cdd66b","barcode":6894895723,"createdDate":"2018-06-18T13:07:43.872Z","updatedDate":"2018-06-18T13:07:43.872Z","metadata":{"createdDate":"2018-06-18T13:07:43.872Z","createdByUserId":"2d6dde08-813b-49f0-9b61-2adb08573e7c","updatedDate":"2018-06-18T13:07:43.872Z","updatedByUserId":"2d6dde08-813b-49f0-9b61-2adb08573e7c"}}
9183f597-3a69-43b4-b32f-fad18f268bc2	{"active":true,"personal":{"firstName":"Gillian","lastName":"Anderson","email":"ganderson@demo.folio.org"},"username":"ganderson","patronGroup":"6e50e769-3e07-45f5-a7e2-d83f13d7402b","id":"9183f597-3a69-43b4-b32f-fad18f268bc2","barcode":286373134,"createdDate":"2018-06-18T13:07:43.872Z","updatedDate":"2018-06-18T13:07:43.872Z","metadata":{"createdDate":"2018-06-18T13:07:43.872Z","createdByUserId":"2d6dde08-813b-49f0-9b61-2adb08573e7c","updatedDate":"2018-06-18T13:07:43.872Z","updatedByUserId":"2d6dde08-813b-49f0-9b61-2adb08573e7c"}}
1cc271ac-7226-4dab-91c5-966179544a84	{"active":true,"personal":{"firstName":"Ashleigh","lastName":"Valencia","email":"avalencia@demo.folio.org"},"username":"avalencia","patronGroup":"b0c005d5-599f-4839-b3f7-63000915cfc3","id":"1cc271ac-7226-4dab-91c5-966179544a84","barcode":7307115224,"createdDate":"2018-06-18T13:07:43.872Z","updatedDate":"2018-06-18T13:07:43.872Z","metadata":{"createdDate":"2018-06-18T13:07:43.872Z","createdByUserId":"2d6dde08-813b-49f0-9b61-2adb08573e7c","updatedDate":"2018-06-18T13:07:43.872Z","updatedByUserId":"2d6dde08-813b-49f0-9b61-2adb08573e7c"}}
9049916a-5ac9-47f4-882b-451dfbb632f2	{"active":false,"personal":{"firstName":"Claudia","lastName":"Bryant","email":"cbryant@ebsco.com"},"username":"cbryant","patronGroup":"a7f4cac3-884a-47be-aef6-ec886a17b164","id":"9049916a-5ac9-47f4-882b-451dfbb632f2","barcode":5275700922,"createdDate":"2018-06-18T13:07:43.873Z","updatedDate":"2018-06-18T13:07:43.873Z","metadata":{"createdDate":"2018-06-18T13:07:43.873Z","createdByUserId":"2d6dde08-813b-49f0-9b61-2adb08573e7c","updatedDate":"2018-06-18T13:07:43.873Z","updatedByUserId":"2d6dde08-813b-49f0-9b61-2adb08573e7c"}}
424870e3-e74a-4dd4-bc70-1d25b6864a50	{"active":true,"personal":{"firstName":"Bronson","lastName":"James","email":"bjames@demo.folio.org"},"username":"bjames","patronGroup":"6e50e769-3e07-45f5-a7e2-d83f13d7402b","id":"424870e3-e74a-4dd4-bc70-1d25b6864a50","barcode":7109577546,"createdDate":"2018-06-18T13:07:43.873Z","updatedDate":"2018-06-18T13:07:43.873Z","metadata":{"createdDate":"2018-06-18T13:07:43.873Z","createdByUserId":"2d6dde08-813b-49f0-9b61-2adb08573e7c","updatedDate":"2018-06-18T13:07:43.873Z","updatedByUserId":"2d6dde08-813b-49f0-9b61-2adb08573e7c"}}
18b01d3e-179c-4cb0-b191-5b4cfba911bd	{"active":true,"personal":{"firstName":"Jamari","lastName":"Valentine","email":"jvalentine@demo.folio.org"},"username":"jvalentine","patronGroup":"b0c005d5-599f-4839-b3f7-63000915cfc3","id":"18b01d3e-179c-4cb0-b191-5b4cfba911bd","barcode":6572772867,"createdDate":"2018-06-18T13:07:43.873Z","updatedDate":"2018-06-18T13:07:43.873Z","metadata":{"createdDate":"2018-06-18T13:07:43.873Z","createdByUserId":"2d6dde08-813b-49f0-9b61-2adb08573e7c","updatedDate":"2018-06-18T13:07:43.873Z","updatedByUserId":"2d6dde08-813b-49f0-9b61-2adb08573e7c"}}
1c801c53-08aa-4657-bdaa-c2a271f39385	{"active":true,"personal":{"firstName":"Quinn","lastName":"Horne","email":"qhorne@ebsco.com"},"username":"qhorne","patronGroup":"a7f4cac3-884a-47be-aef6-ec886a17b164","id":"1c801c53-08aa-4657-bdaa-c2a271f39385","barcode":6440121907,"createdDate":"2018-06-18T13:07:43.873Z","updatedDate":"2018-06-18T13:07:43.873Z","metadata":{"createdDate":"2018-06-18T13:07:43.873Z","createdByUserId":"2d6dde08-813b-49f0-9b61-2adb08573e7c","updatedDate":"2018-06-18T13:07:43.873Z","updatedByUserId":"2d6dde08-813b-49f0-9b61-2adb08573e7c"}}
43bee710-52d0-4b98-b7fe-6ab0669b781b	{"active":true,"personal":{"firstName":"Paul","lastName":"Reeves","email":"preeves@demo.folio.org"},"username":"preeves","patronGroup":"6e50e769-3e07-45f5-a7e2-d83f13d7402b","id":"43bee710-52d0-4b98-b7fe-6ab0669b781b","barcode":3671142306,"createdDate":"2018-06-18T13:07:43.874Z","updatedDate":"2018-06-18T13:07:43.874Z","metadata":{"createdDate":"2018-06-18T13:07:43.874Z","createdByUserId":"2d6dde08-813b-49f0-9b61-2adb08573e7c","updatedDate":"2018-06-18T13:07:43.874Z","updatedByUserId":"2d6dde08-813b-49f0-9b61-2adb08573e7c"}}
1f0d1e15-e66a-43e7-a4d2-87c9036a416f	{"active":true,"personal":{"firstName":"Joyce","lastName":"Lamb","email":"jlamb@demo.folio.org"},"username":"jlamb","patronGroup":"b0c005d5-599f-4839-b3f7-63000915cfc3","id":"1f0d1e15-e66a-43e7-a4d2-87c9036a416f","barcode":6973043670,"createdDate":"2018-06-18T13:07:43.874Z","updatedDate":"2018-06-18T13:07:43.874Z","metadata":{"createdDate":"2018-06-18T13:07:43.874Z","createdByUserId":"2d6dde08-813b-49f0-9b61-2adb08573e7c","updatedDate":"2018-06-18T13:07:43.874Z","updatedByUserId":"2d6dde08-813b-49f0-9b61-2adb08573e7c"}}
90080f81-6851-41e8-b057-14ae24d97a1b	{"active":true,"personal":{"firstName":"Karma","lastName":"Bauer","email":"kbauer@yahoo.com"},"username":"kbauer","patronGroup":"a7f4cac3-884a-47be-aef6-ec886a17b164","id":"90080f81-6851-41e8-b057-14ae24d97a1b","barcode":8584917204,"createdDate":"2018-06-18T13:07:43.874Z","updatedDate":"2018-06-18T13:07:43.874Z","metadata":{"createdDate":"2018-06-18T13:07:43.874Z","createdByUserId":"2d6dde08-813b-49f0-9b61-2adb08573e7c","updatedDate":"2018-06-18T13:07:43.874Z","updatedByUserId":"2d6dde08-813b-49f0-9b61-2adb08573e7c"}}
a7fefd7f-1fd1-46d5-b585-bd31def7b746	{"active":true,"personal":{"firstName":"Ramiro","lastName":"Nichols","email":"rnichols@demo.folio.org"},"username":"rnichols","patronGroup":"6e50e769-3e07-45f5-a7e2-d83f13d7402b","id":"a7fefd7f-1fd1-46d5-b585-bd31def7b746","barcode":711200058,"createdDate":"2018-06-18T13:07:43.874Z","updatedDate":"2018-06-18T13:07:43.874Z","metadata":{"createdDate":"2018-06-18T13:07:43.874Z","createdByUserId":"2d6dde08-813b-49f0-9b61-2adb08573e7c","updatedDate":"2018-06-18T13:07:43.874Z","updatedByUserId":"2d6dde08-813b-49f0-9b61-2adb08573e7c"}}
d21df758-57c9-49be-a635-caf40ecbd1bb	{"active":true,"personal":{"firstName":"Sonia","lastName":"Oliver","email":"soliver@demo.folio.org"},"username":"soliver","patronGroup":"b0c005d5-599f-4839-b3f7-63000915cfc3","id":"d21df758-57c9-49be-a635-caf40ecbd1bb","barcode":371314477,"createdDate":"2018-06-18T13:07:43.874Z","updatedDate":"2018-06-18T13:07:43.874Z","metadata":{"createdDate":"2018-06-18T13:07:43.874Z","createdByUserId":"2d6dde08-813b-49f0-9b61-2adb08573e7c","updatedDate":"2018-06-18T13:07:43.874Z","updatedByUserId":"2d6dde08-813b-49f0-9b61-2adb08573e7c"}}
f98e28a4-615e-4c8a-9f9f-66b60c4362e3	{"active":true,"personal":{"firstName":"Giancarlo","lastName":"Riddle","email":"griddle@yahoo.com"},"username":"griddle","patronGroup":"a7f4cac3-884a-47be-aef6-ec886a17b164","id":"f98e28a4-615e-4c8a-9f9f-66b60c4362e3","barcode":4167567154,"createdDate":"2018-06-18T13:07:43.874Z","updatedDate":"2018-06-18T13:07:43.874Z","metadata":{"createdDate":"2018-06-18T13:07:43.874Z","createdByUserId":"2d6dde08-813b-49f0-9b61-2adb08573e7c","updatedDate":"2018-06-18T13:07:43.874Z","updatedByUserId":"2d6dde08-813b-49f0-9b61-2adb08573e7c"}}
b72f57b7-fadb-46cd-a4a0-61ec398dc6e8	{"active":false,"personal":{"firstName":"Anita","lastName":"Nash","email":"anash@demo.folio.org"},"username":"anash","patronGroup":"6e50e769-3e07-45f5-a7e2-d83f13d7402b","id":"b72f57b7-fadb-46cd-a4a0-61ec398dc6e8","barcode":7711651761,"createdDate":"2018-06-18T13:07:43.875Z","updatedDate":"2018-06-18T13:07:43.875Z","metadata":{"createdDate":"2018-06-18T13:07:43.875Z","createdByUserId":"2d6dde08-813b-49f0-9b61-2adb08573e7c","updatedDate":"2018-06-18T13:07:43.875Z","updatedByUserId":"2d6dde08-813b-49f0-9b61-2adb08573e7c"}}
c3eedc5c-4fd5-4624-9718-15d6ed0f36db	{"active":true,"personal":{"firstName":"Giana","lastName":"Benjamin","email":"gbenjamin@demo.folio.org"},"username":"gbenjamin","patronGroup":"b0c005d5-599f-4839-b3f7-63000915cfc3","id":"c3eedc5c-4fd5-4624-9718-15d6ed0f36db","barcode":3586667775,"createdDate":"2018-06-18T13:07:43.875Z","updatedDate":"2018-06-18T13:07:43.875Z","metadata":{"createdDate":"2018-06-18T13:07:43.875Z","createdByUserId":"2d6dde08-813b-49f0-9b61-2adb08573e7c","updatedDate":"2018-06-18T13:07:43.875Z","updatedByUserId":"2d6dde08-813b-49f0-9b61-2adb08573e7c"}}
3541fbf3-8daa-4466-b91a-c6e01abefc1c	{"active":true,"personal":{"firstName":"Vivian","lastName":"Peterson","email":"vpeterson@gmail.com"},"username":"vpeterson","patronGroup":"a7f4cac3-884a-47be-aef6-ec886a17b164","id":"3541fbf3-8daa-4466-b91a-c6e01abefc1c","barcode":9984440730,"createdDate":"2018-06-18T13:07:43.875Z","updatedDate":"2018-06-18T13:07:43.875Z","metadata":{"createdDate":"2018-06-18T13:07:43.875Z","createdByUserId":"2d6dde08-813b-49f0-9b61-2adb08573e7c","updatedDate":"2018-06-18T13:07:43.875Z","updatedByUserId":"2d6dde08-813b-49f0-9b61-2adb08573e7c"}}
5c928cda-bfb5-40fd-a445-f081b56f6740	{"active":true,"personal":{"firstName":"Rodrigo","lastName":"Pruitt","email":"rpruitt@demo.folio.org"},"username":"rpruitt","patronGroup":"6e50e769-3e07-45f5-a7e2-d83f13d7402b","id":"5c928cda-bfb5-40fd-a445-f081b56f6740","barcode":4659608798,"createdDate":"2018-06-18T13:07:43.875Z","updatedDate":"2018-06-18T13:07:43.875Z","metadata":{"createdDate":"2018-06-18T13:07:43.875Z","createdByUserId":"2d6dde08-813b-49f0-9b61-2adb08573e7c","updatedDate":"2018-06-18T13:07:43.875Z","updatedByUserId":"2d6dde08-813b-49f0-9b61-2adb08573e7c"}}
33e3c26c-2a84-4458-b4f3-51f62ae936b3	{"active":true,"personal":{"firstName":"Marley","lastName":"Calhoun","email":"mcalhoun@demo.folio.org"},"username":"mcalhoun","patronGroup":"b0c005d5-599f-4839-b3f7-63000915cfc3","id":"33e3c26c-2a84-4458-b4f3-51f62ae936b3","barcode":9590550160,"createdDate":"2018-06-18T13:07:43.875Z","updatedDate":"2018-06-18T13:07:43.875Z","metadata":{"createdDate":"2018-06-18T13:07:43.875Z","createdByUserId":"2d6dde08-813b-49f0-9b61-2adb08573e7c","updatedDate":"2018-06-18T13:07:43.875Z","updatedByUserId":"2d6dde08-813b-49f0-9b61-2adb08573e7c"}}
