8d1bcd74-b23c-44bc-8b36-0a72cb288115	{"id":"8d1bcd74-b23c-44bc-8b36-0a72cb288115","link":"users/e054d8b0-2a67-46ad-9adf-1cc421aea16c","text":"Note number 1 for e054d8b0-2a67-46ad-9adf-1cc421aea16c","metadata":{"createdDate":"2018-06-18T13:07:45.719Z","createdByUserId":"e054d8b0-2a67-46ad-9adf-1cc421aea16c"}}
99594bbc-faf5-42ef-9c98-40e912c7d17c	{"id":"99594bbc-faf5-42ef-9c98-40e912c7d17c","link":"users/e054d8b0-2a67-46ad-9adf-1cc421aea16c","text":"Note number 2 for e054d8b0-2a67-46ad-9adf-1cc421aea16c","metadata":{"createdDate":"2018-06-18T13:07:45.721Z","createdByUserId":"e054d8b0-2a67-46ad-9adf-1cc421aea16c"}}
98e65196-3451-46ce-a6ab-f430e88bc044	{"id":"98e65196-3451-46ce-a6ab-f430e88bc044","link":"users/e054d8b0-2a67-46ad-9adf-1cc421aea16c","text":"Note number 3 for e054d8b0-2a67-46ad-9adf-1cc421aea16c","metadata":{"createdDate":"2018-06-18T13:07:45.722Z","createdByUserId":"e054d8b0-2a67-46ad-9adf-1cc421aea16c"}}
5e62ca18-86f9-46ad-8f5a-0304cfc628f5	{"id":"5e62ca18-86f9-46ad-8f5a-0304cfc628f5","link":"users/e054d8b0-2a67-46ad-9adf-1cc421aea16c","text":"Note number 4 for e054d8b0-2a67-46ad-9adf-1cc421aea16c","metadata":{"createdDate":"2018-06-18T13:07:45.722Z","createdByUserId":"e054d8b0-2a67-46ad-9adf-1cc421aea16c"}}
e439133a-a712-4d5c-8006-ee1af8bbafa9	{"id":"e439133a-a712-4d5c-8006-ee1af8bbafa9","link":"users/e054d8b0-2a67-46ad-9adf-1cc421aea16c","text":"Note number 5 for e054d8b0-2a67-46ad-9adf-1cc421aea16c","metadata":{"createdDate":"2018-06-18T13:07:45.722Z","createdByUserId":"e054d8b0-2a67-46ad-9adf-1cc421aea16c"}}
bd39d868-dadd-4caf-906e-6f5c60794c78	{"id":"bd39d868-dadd-4caf-906e-6f5c60794c78","link":"users/e054d8b0-2a67-46ad-9adf-1cc421aea16c","text":"Note number 6 for e054d8b0-2a67-46ad-9adf-1cc421aea16c","metadata":{"createdDate":"2018-06-18T13:07:45.723Z","createdByUserId":"e054d8b0-2a67-46ad-9adf-1cc421aea16c"}}
778d5859-830d-47ad-97d4-ba4c2acb9f09	{"id":"778d5859-830d-47ad-97d4-ba4c2acb9f09","link":"users/e054d8b0-2a67-46ad-9adf-1cc421aea16c","text":"Note number 7 for e054d8b0-2a67-46ad-9adf-1cc421aea16c","metadata":{"createdDate":"2018-06-18T13:07:45.723Z","createdByUserId":"e054d8b0-2a67-46ad-9adf-1cc421aea16c"}}
f41357fd-07ff-4fa4-b8da-af3534c2e447	{"id":"f41357fd-07ff-4fa4-b8da-af3534c2e447","link":"users/e054d8b0-2a67-46ad-9adf-1cc421aea16c","text":"Note number 8 for e054d8b0-2a67-46ad-9adf-1cc421aea16c","metadata":{"createdDate":"2018-06-18T13:07:45.723Z","createdByUserId":"e054d8b0-2a67-46ad-9adf-1cc421aea16c"}}
53c5cb95-ffc7-4566-942c-ca266a41b9ac	{"id":"53c5cb95-ffc7-4566-942c-ca266a41b9ac","link":"users/c1f0f218-31ab-461d-beb2-46f065859a07","text":"Note number 1 for c1f0f218-31ab-461d-beb2-46f065859a07","metadata":{"createdDate":"2018-06-18T13:07:45.723Z","createdByUserId":"e054d8b0-2a67-46ad-9adf-1cc421aea16c"}}
6b670bb9-5916-4b59-97c0-75db425b7a6f	{"id":"6b670bb9-5916-4b59-97c0-75db425b7a6f","link":"users/c1f0f218-31ab-461d-beb2-46f065859a07","text":"Note number 2 for c1f0f218-31ab-461d-beb2-46f065859a07","metadata":{"createdDate":"2018-06-18T13:07:45.723Z","createdByUserId":"e054d8b0-2a67-46ad-9adf-1cc421aea16c"}}
83fe6939-4916-42c4-9a0f-ebf05740f4bb	{"id":"83fe6939-4916-42c4-9a0f-ebf05740f4bb","link":"users/a0985673-a9eb-4c9f-b90b-35aa47e2ef21","text":"Note number 1 for a0985673-a9eb-4c9f-b90b-35aa47e2ef21","metadata":{"createdDate":"2018-06-18T13:07:45.724Z","createdByUserId":"e054d8b0-2a67-46ad-9adf-1cc421aea16c"}}
f9629d9a-dab0-4104-8408-0123d44fcb87	{"id":"f9629d9a-dab0-4104-8408-0123d44fcb87","link":"users/5387ec34-e5fe-4377-ad37-3d1fa7247d3a","text":"Note number 1 for 5387ec34-e5fe-4377-ad37-3d1fa7247d3a","metadata":{"createdDate":"2018-06-18T13:07:45.724Z","createdByUserId":"e054d8b0-2a67-46ad-9adf-1cc421aea16c"}}
fde94baa-ccae-4850-b044-6d7a8b266a23	{"id":"fde94baa-ccae-4850-b044-6d7a8b266a23","link":"users/ff70560f-6377-437f-8bc2-f8eb59c97050","text":"Note number 1 for ff70560f-6377-437f-8bc2-f8eb59c97050","metadata":{"createdDate":"2018-06-18T13:07:45.724Z","createdByUserId":"e054d8b0-2a67-46ad-9adf-1cc421aea16c"}}
319fda66-93c3-47ce-be27-556dab056ef6	{"id":"319fda66-93c3-47ce-be27-556dab056ef6","link":"users/ff70560f-6377-437f-8bc2-f8eb59c97050","text":"Note number 2 for ff70560f-6377-437f-8bc2-f8eb59c97050","metadata":{"createdDate":"2018-06-18T13:07:45.724Z","createdByUserId":"e054d8b0-2a67-46ad-9adf-1cc421aea16c"}}
fe943ebf-a82c-445e-9060-ced78777132f	{"id":"fe943ebf-a82c-445e-9060-ced78777132f","link":"users/ff70560f-6377-437f-8bc2-f8eb59c97050","text":"Note number 3 for ff70560f-6377-437f-8bc2-f8eb59c97050","metadata":{"createdDate":"2018-06-18T13:07:45.725Z","createdByUserId":"e054d8b0-2a67-46ad-9adf-1cc421aea16c"}}
1fc073bc-46cf-4f9d-90c7-65fbb70343f6	{"id":"1fc073bc-46cf-4f9d-90c7-65fbb70343f6","link":"users/ff70560f-6377-437f-8bc2-f8eb59c97050","text":"Note number 4 for ff70560f-6377-437f-8bc2-f8eb59c97050","metadata":{"createdDate":"2018-06-18T13:07:45.725Z","createdByUserId":"e054d8b0-2a67-46ad-9adf-1cc421aea16c"}}
f8f038fb-c967-4b34-bdc5-359e9555df22	{"id":"f8f038fb-c967-4b34-bdc5-359e9555df22","link":"users/ff70560f-6377-437f-8bc2-f8eb59c97050","text":"Note number 5 for ff70560f-6377-437f-8bc2-f8eb59c97050","metadata":{"createdDate":"2018-06-18T13:07:45.725Z","createdByUserId":"e054d8b0-2a67-46ad-9adf-1cc421aea16c"}}
bec37aee-16a0-4b85-ab22-a1ea65d07d42	{"id":"bec37aee-16a0-4b85-ab22-a1ea65d07d42","link":"users/ff70560f-6377-437f-8bc2-f8eb59c97050","text":"Note number 6 for ff70560f-6377-437f-8bc2-f8eb59c97050","metadata":{"createdDate":"2018-06-18T13:07:45.725Z","createdByUserId":"e054d8b0-2a67-46ad-9adf-1cc421aea16c"}}
f50c4a69-6999-4d5b-878d-6c30b320e9ad	{"id":"f50c4a69-6999-4d5b-878d-6c30b320e9ad","link":"users/ff70560f-6377-437f-8bc2-f8eb59c97050","text":"Note number 7 for ff70560f-6377-437f-8bc2-f8eb59c97050","metadata":{"createdDate":"2018-06-18T13:07:45.725Z","createdByUserId":"e054d8b0-2a67-46ad-9adf-1cc421aea16c"}}
819c3663-4b4e-4408-8de9-5f3fe578cb80	{"id":"819c3663-4b4e-4408-8de9-5f3fe578cb80","link":"users/ff70560f-6377-437f-8bc2-f8eb59c97050","text":"Note number 8 for ff70560f-6377-437f-8bc2-f8eb59c97050","metadata":{"createdDate":"2018-06-18T13:07:45.726Z","createdByUserId":"e054d8b0-2a67-46ad-9adf-1cc421aea16c"}}
62406a1e-cc14-4407-a61a-2ef71c9ba458	{"id":"62406a1e-cc14-4407-a61a-2ef71c9ba458","link":"users/2f86c788-6f3b-4b2f-bd9b-50dd88090d58","text":"Note number 1 for 2f86c788-6f3b-4b2f-bd9b-50dd88090d58","metadata":{"createdDate":"2018-06-18T13:07:45.726Z","createdByUserId":"e054d8b0-2a67-46ad-9adf-1cc421aea16c"}}
c9f8436f-ca15-419a-bf6a-7d9a59b17ec3	{"id":"c9f8436f-ca15-419a-bf6a-7d9a59b17ec3","link":"users/2f86c788-6f3b-4b2f-bd9b-50dd88090d58","text":"Note number 2 for 2f86c788-6f3b-4b2f-bd9b-50dd88090d58","metadata":{"createdDate":"2018-06-18T13:07:45.726Z","createdByUserId":"e054d8b0-2a67-46ad-9adf-1cc421aea16c"}}
f827b4cd-7a67-4461-addb-22621bae8c0b	{"id":"f827b4cd-7a67-4461-addb-22621bae8c0b","link":"users/7ed60ca8-193f-4b21-bf59-db39c850efd7","text":"Note number 1 for 7ed60ca8-193f-4b21-bf59-db39c850efd7","metadata":{"createdDate":"2018-06-18T13:07:45.726Z","createdByUserId":"e054d8b0-2a67-46ad-9adf-1cc421aea16c"}}
a72afe4b-5b0c-4b95-b9a4-feaf6ed4eab3	{"id":"a72afe4b-5b0c-4b95-b9a4-feaf6ed4eab3","link":"users/7ed60ca8-193f-4b21-bf59-db39c850efd7","text":"Note number 2 for 7ed60ca8-193f-4b21-bf59-db39c850efd7","metadata":{"createdDate":"2018-06-18T13:07:45.726Z","createdByUserId":"e054d8b0-2a67-46ad-9adf-1cc421aea16c"}}
d9e874e1-51b8-4db2-bb37-a32989477109	{"id":"d9e874e1-51b8-4db2-bb37-a32989477109","link":"users/7ed60ca8-193f-4b21-bf59-db39c850efd7","text":"Note number 3 for 7ed60ca8-193f-4b21-bf59-db39c850efd7","metadata":{"createdDate":"2018-06-18T13:07:45.726Z","createdByUserId":"e054d8b0-2a67-46ad-9adf-1cc421aea16c"}}
65f8ec2b-7468-423a-85ab-38d975f7bfc6	{"id":"65f8ec2b-7468-423a-85ab-38d975f7bfc6","link":"users/7ed60ca8-193f-4b21-bf59-db39c850efd7","text":"Note number 4 for 7ed60ca8-193f-4b21-bf59-db39c850efd7","metadata":{"createdDate":"2018-06-18T13:07:45.727Z","createdByUserId":"e054d8b0-2a67-46ad-9adf-1cc421aea16c"}}
1520908a-074f-4b95-8b3b-d81559739969	{"id":"1520908a-074f-4b95-8b3b-d81559739969","link":"users/7ed60ca8-193f-4b21-bf59-db39c850efd7","text":"Note number 5 for 7ed60ca8-193f-4b21-bf59-db39c850efd7","metadata":{"createdDate":"2018-06-18T13:07:45.728Z","createdByUserId":"e054d8b0-2a67-46ad-9adf-1cc421aea16c"}}
b5644b82-2a0c-479e-9c71-9533f58a5e5b	{"id":"b5644b82-2a0c-479e-9c71-9533f58a5e5b","link":"users/7ed60ca8-193f-4b21-bf59-db39c850efd7","text":"Note number 6 for 7ed60ca8-193f-4b21-bf59-db39c850efd7","metadata":{"createdDate":"2018-06-18T13:07:45.728Z","createdByUserId":"e054d8b0-2a67-46ad-9adf-1cc421aea16c"}}
b5df964e-44a9-4aa4-8651-86154b63cccd	{"id":"b5df964e-44a9-4aa4-8651-86154b63cccd","link":"users/7ed60ca8-193f-4b21-bf59-db39c850efd7","text":"Note number 7 for 7ed60ca8-193f-4b21-bf59-db39c850efd7","metadata":{"createdDate":"2018-06-18T13:07:45.728Z","createdByUserId":"e054d8b0-2a67-46ad-9adf-1cc421aea16c"}}
63c7405c-0c03-4849-8249-46864d220ad7	{"id":"63c7405c-0c03-4849-8249-46864d220ad7","link":"users/7ed60ca8-193f-4b21-bf59-db39c850efd7","text":"Note number 8 for 7ed60ca8-193f-4b21-bf59-db39c850efd7","metadata":{"createdDate":"2018-06-18T13:07:45.728Z","createdByUserId":"e054d8b0-2a67-46ad-9adf-1cc421aea16c"}}
fcdf65d6-63eb-404d-83d9-00c699676e3d	{"id":"fcdf65d6-63eb-404d-83d9-00c699676e3d","link":"users/f2b6a02f-140b-4360-bab5-6f2be1f3d51a","text":"Note number 1 for f2b6a02f-140b-4360-bab5-6f2be1f3d51a","metadata":{"createdDate":"2018-06-18T13:07:45.729Z","createdByUserId":"e054d8b0-2a67-46ad-9adf-1cc421aea16c"}}
1c5e6de8-9dc6-4a98-b7cf-bc87cbd5619f	{"id":"1c5e6de8-9dc6-4a98-b7cf-bc87cbd5619f","link":"users/f2b6a02f-140b-4360-bab5-6f2be1f3d51a","text":"Note number 2 for f2b6a02f-140b-4360-bab5-6f2be1f3d51a","metadata":{"createdDate":"2018-06-18T13:07:45.729Z","createdByUserId":"e054d8b0-2a67-46ad-9adf-1cc421aea16c"}}
081acff7-db49-4cd7-937f-1b7e652b09fa	{"id":"081acff7-db49-4cd7-937f-1b7e652b09fa","link":"users/f2b6a02f-140b-4360-bab5-6f2be1f3d51a","text":"Note number 3 for f2b6a02f-140b-4360-bab5-6f2be1f3d51a","metadata":{"createdDate":"2018-06-18T13:07:45.729Z","createdByUserId":"e054d8b0-2a67-46ad-9adf-1cc421aea16c"}}
975567a2-925f-4e47-9409-dec42cd1d59d	{"id":"975567a2-925f-4e47-9409-dec42cd1d59d","link":"users/f2b6a02f-140b-4360-bab5-6f2be1f3d51a","text":"Note number 4 for f2b6a02f-140b-4360-bab5-6f2be1f3d51a","metadata":{"createdDate":"2018-06-18T13:07:45.729Z","createdByUserId":"e054d8b0-2a67-46ad-9adf-1cc421aea16c"}}
bae65865-f24a-4f2a-bccb-2a3531b13b61	{"id":"bae65865-f24a-4f2a-bccb-2a3531b13b61","link":"users/f2b6a02f-140b-4360-bab5-6f2be1f3d51a","text":"Note number 5 for f2b6a02f-140b-4360-bab5-6f2be1f3d51a","metadata":{"createdDate":"2018-06-18T13:07:45.729Z","createdByUserId":"e054d8b0-2a67-46ad-9adf-1cc421aea16c"}}
2f83830c-5c1f-4e46-94cc-816562e9ac9c	{"id":"2f83830c-5c1f-4e46-94cc-816562e9ac9c","link":"users/f2b6a02f-140b-4360-bab5-6f2be1f3d51a","text":"Note number 6 for f2b6a02f-140b-4360-bab5-6f2be1f3d51a","metadata":{"createdDate":"2018-06-18T13:07:45.730Z","createdByUserId":"e054d8b0-2a67-46ad-9adf-1cc421aea16c"}}
2535b2bf-c8fe-4740-8d12-457345f56a78	{"id":"2535b2bf-c8fe-4740-8d12-457345f56a78","link":"users/f2b6a02f-140b-4360-bab5-6f2be1f3d51a","text":"Note number 7 for f2b6a02f-140b-4360-bab5-6f2be1f3d51a","metadata":{"createdDate":"2018-06-18T13:07:45.730Z","createdByUserId":"e054d8b0-2a67-46ad-9adf-1cc421aea16c"}}
d254ae1f-c6d2-4c46-b120-1e904e7a5b74	{"id":"d254ae1f-c6d2-4c46-b120-1e904e7a5b74","link":"users/f2b6a02f-140b-4360-bab5-6f2be1f3d51a","text":"Note number 8 for f2b6a02f-140b-4360-bab5-6f2be1f3d51a","metadata":{"createdDate":"2018-06-18T13:07:45.730Z","createdByUserId":"e054d8b0-2a67-46ad-9adf-1cc421aea16c"}}
f8a7148e-e750-43db-919c-588e0b5a169b	{"id":"f8a7148e-e750-43db-919c-588e0b5a169b","link":"users/f2b6a02f-140b-4360-bab5-6f2be1f3d51a","text":"Note number 9 for f2b6a02f-140b-4360-bab5-6f2be1f3d51a","metadata":{"createdDate":"2018-06-18T13:07:45.730Z","createdByUserId":"e054d8b0-2a67-46ad-9adf-1cc421aea16c"}}
132a833f-5658-4ae7-9524-4659410eff07	{"id":"132a833f-5658-4ae7-9524-4659410eff07","link":"users/1f03ea44-f9b5-4cc9-82ed-8dab98b4e818","text":"Note number 1 for 1f03ea44-f9b5-4cc9-82ed-8dab98b4e818","metadata":{"createdDate":"2018-06-18T13:07:45.730Z","createdByUserId":"e054d8b0-2a67-46ad-9adf-1cc421aea16c"}}
381ea537-041a-42ce-9078-f7a5b6472e58	{"id":"381ea537-041a-42ce-9078-f7a5b6472e58","link":"users/1f03ea44-f9b5-4cc9-82ed-8dab98b4e818","text":"Note number 2 for 1f03ea44-f9b5-4cc9-82ed-8dab98b4e818","metadata":{"createdDate":"2018-06-18T13:07:45.731Z","createdByUserId":"e054d8b0-2a67-46ad-9adf-1cc421aea16c"}}
c19fc606-d7db-4040-b735-a0d53ffb16a3	{"id":"c19fc606-d7db-4040-b735-a0d53ffb16a3","link":"users/1f03ea44-f9b5-4cc9-82ed-8dab98b4e818","text":"Note number 3 for 1f03ea44-f9b5-4cc9-82ed-8dab98b4e818","metadata":{"createdDate":"2018-06-18T13:07:45.731Z","createdByUserId":"e054d8b0-2a67-46ad-9adf-1cc421aea16c"}}
047ad585-602b-4c14-9664-becd8fae430b	{"id":"047ad585-602b-4c14-9664-becd8fae430b","link":"users/1f03ea44-f9b5-4cc9-82ed-8dab98b4e818","text":"Note number 4 for 1f03ea44-f9b5-4cc9-82ed-8dab98b4e818","metadata":{"createdDate":"2018-06-18T13:07:45.731Z","createdByUserId":"e054d8b0-2a67-46ad-9adf-1cc421aea16c"}}
232363b9-6485-4097-a24e-d07d278d9aec	{"id":"232363b9-6485-4097-a24e-d07d278d9aec","link":"users/1f03ea44-f9b5-4cc9-82ed-8dab98b4e818","text":"Note number 5 for 1f03ea44-f9b5-4cc9-82ed-8dab98b4e818","metadata":{"createdDate":"2018-06-18T13:07:45.731Z","createdByUserId":"e054d8b0-2a67-46ad-9adf-1cc421aea16c"}}
5079b9c7-dd1d-45d6-b3ef-1e37270bab57	{"id":"5079b9c7-dd1d-45d6-b3ef-1e37270bab57","link":"users/1f03ea44-f9b5-4cc9-82ed-8dab98b4e818","text":"Note number 6 for 1f03ea44-f9b5-4cc9-82ed-8dab98b4e818","metadata":{"createdDate":"2018-06-18T13:07:45.731Z","createdByUserId":"e054d8b0-2a67-46ad-9adf-1cc421aea16c"}}
bb6e91a9-811f-48ab-b158-ffed18e0ba24	{"id":"bb6e91a9-811f-48ab-b158-ffed18e0ba24","link":"users/1f03ea44-f9b5-4cc9-82ed-8dab98b4e818","text":"Note number 7 for 1f03ea44-f9b5-4cc9-82ed-8dab98b4e818","metadata":{"createdDate":"2018-06-18T13:07:45.736Z","createdByUserId":"e054d8b0-2a67-46ad-9adf-1cc421aea16c"}}
ce8a6139-e8cb-4632-a719-10c667dd0034	{"id":"ce8a6139-e8cb-4632-a719-10c667dd0034","link":"users/1f03ea44-f9b5-4cc9-82ed-8dab98b4e818","text":"Note number 8 for 1f03ea44-f9b5-4cc9-82ed-8dab98b4e818","metadata":{"createdDate":"2018-06-18T13:07:45.736Z","createdByUserId":"e054d8b0-2a67-46ad-9adf-1cc421aea16c"}}
5583b936-2b90-4012-b761-f861380b262e	{"id":"5583b936-2b90-4012-b761-f861380b262e","link":"users/aab84d9f-9ebd-4331-b4b8-871c542f5861","text":"Note number 1 for aab84d9f-9ebd-4331-b4b8-871c542f5861","metadata":{"createdDate":"2018-06-18T13:07:45.736Z","createdByUserId":"e054d8b0-2a67-46ad-9adf-1cc421aea16c"}}
c2a43a0a-d82c-4f49-bbd1-3d5e0da63b95	{"id":"c2a43a0a-d82c-4f49-bbd1-3d5e0da63b95","link":"users/f274c881-17da-4253-9b4c-7c6391f822fa","text":"Note number 1 for f274c881-17da-4253-9b4c-7c6391f822fa","metadata":{"createdDate":"2018-06-18T13:07:45.736Z","createdByUserId":"e054d8b0-2a67-46ad-9adf-1cc421aea16c"}}
e96ba1b6-cbb6-4f4e-9143-9b76c0bf1918	{"id":"e96ba1b6-cbb6-4f4e-9143-9b76c0bf1918","link":"users/f274c881-17da-4253-9b4c-7c6391f822fa","text":"Note number 2 for f274c881-17da-4253-9b4c-7c6391f822fa","metadata":{"createdDate":"2018-06-18T13:07:45.736Z","createdByUserId":"e054d8b0-2a67-46ad-9adf-1cc421aea16c"}}
0cf2cd89-2b8d-40f0-a2b9-00befc2a8be2	{"id":"0cf2cd89-2b8d-40f0-a2b9-00befc2a8be2","link":"users/f274c881-17da-4253-9b4c-7c6391f822fa","text":"Note number 3 for f274c881-17da-4253-9b4c-7c6391f822fa","metadata":{"createdDate":"2018-06-18T13:07:45.737Z","createdByUserId":"e054d8b0-2a67-46ad-9adf-1cc421aea16c"}}
83004f97-9cde-4197-b401-0a29788910a8	{"id":"83004f97-9cde-4197-b401-0a29788910a8","link":"users/f274c881-17da-4253-9b4c-7c6391f822fa","text":"Note number 4 for f274c881-17da-4253-9b4c-7c6391f822fa","metadata":{"createdDate":"2018-06-18T13:07:45.737Z","createdByUserId":"e054d8b0-2a67-46ad-9adf-1cc421aea16c"}}
ff129766-fd3d-4894-9952-55632a9fdde0	{"id":"ff129766-fd3d-4894-9952-55632a9fdde0","link":"users/f274c881-17da-4253-9b4c-7c6391f822fa","text":"Note number 5 for f274c881-17da-4253-9b4c-7c6391f822fa","metadata":{"createdDate":"2018-06-18T13:07:45.737Z","createdByUserId":"e054d8b0-2a67-46ad-9adf-1cc421aea16c"}}
a10ca673-9bb2-4e29-8714-3ebef7a7e2a8	{"id":"a10ca673-9bb2-4e29-8714-3ebef7a7e2a8","link":"users/f274c881-17da-4253-9b4c-7c6391f822fa","text":"Note number 6 for f274c881-17da-4253-9b4c-7c6391f822fa","metadata":{"createdDate":"2018-06-18T13:07:45.737Z","createdByUserId":"e054d8b0-2a67-46ad-9adf-1cc421aea16c"}}
bb0f2142-5d46-4ead-b740-41e63b8af655	{"id":"bb0f2142-5d46-4ead-b740-41e63b8af655","link":"users/f274c881-17da-4253-9b4c-7c6391f822fa","text":"Note number 7 for f274c881-17da-4253-9b4c-7c6391f822fa","metadata":{"createdDate":"2018-06-18T13:07:45.738Z","createdByUserId":"e054d8b0-2a67-46ad-9adf-1cc421aea16c"}}
72c7290e-ff2b-4eb3-8abb-a3d68862e392	{"id":"72c7290e-ff2b-4eb3-8abb-a3d68862e392","link":"users/f274c881-17da-4253-9b4c-7c6391f822fa","text":"Note number 8 for f274c881-17da-4253-9b4c-7c6391f822fa","metadata":{"createdDate":"2018-06-18T13:07:45.738Z","createdByUserId":"e054d8b0-2a67-46ad-9adf-1cc421aea16c"}}
37a4427d-d12b-44e9-836f-b66bf947d614	{"id":"37a4427d-d12b-44e9-836f-b66bf947d614","link":"users/fdb8b24f-e221-43ce-bdf9-4823cdae3d4a","text":"Note number 1 for fdb8b24f-e221-43ce-bdf9-4823cdae3d4a","metadata":{"createdDate":"2018-06-18T13:07:45.738Z","createdByUserId":"e054d8b0-2a67-46ad-9adf-1cc421aea16c"}}
cdbd6a64-d296-43c5-92b1-65ec6000cd48	{"id":"cdbd6a64-d296-43c5-92b1-65ec6000cd48","link":"users/fdb8b24f-e221-43ce-bdf9-4823cdae3d4a","text":"Note number 2 for fdb8b24f-e221-43ce-bdf9-4823cdae3d4a","metadata":{"createdDate":"2018-06-18T13:07:45.738Z","createdByUserId":"e054d8b0-2a67-46ad-9adf-1cc421aea16c"}}
99b3c37b-7fb3-41b1-a22b-fd9f48a0217c	{"id":"99b3c37b-7fb3-41b1-a22b-fd9f48a0217c","link":"users/fdb8b24f-e221-43ce-bdf9-4823cdae3d4a","text":"Note number 3 for fdb8b24f-e221-43ce-bdf9-4823cdae3d4a","metadata":{"createdDate":"2018-06-18T13:07:45.738Z","createdByUserId":"e054d8b0-2a67-46ad-9adf-1cc421aea16c"}}
9da97ab5-e53b-454e-84aa-187067d059eb	{"id":"9da97ab5-e53b-454e-84aa-187067d059eb","link":"users/fdb8b24f-e221-43ce-bdf9-4823cdae3d4a","text":"Note number 4 for fdb8b24f-e221-43ce-bdf9-4823cdae3d4a","metadata":{"createdDate":"2018-06-18T13:07:45.739Z","createdByUserId":"e054d8b0-2a67-46ad-9adf-1cc421aea16c"}}
e5cd8159-fcc3-4966-b35f-520a4e158ee8	{"id":"e5cd8159-fcc3-4966-b35f-520a4e158ee8","link":"users/fdb8b24f-e221-43ce-bdf9-4823cdae3d4a","text":"Note number 5 for fdb8b24f-e221-43ce-bdf9-4823cdae3d4a","metadata":{"createdDate":"2018-06-18T13:07:45.739Z","createdByUserId":"e054d8b0-2a67-46ad-9adf-1cc421aea16c"}}
371ac45f-31a7-4d8f-b74f-3b20f7abeb5f	{"id":"371ac45f-31a7-4d8f-b74f-3b20f7abeb5f","link":"users/fdb8b24f-e221-43ce-bdf9-4823cdae3d4a","text":"Note number 6 for fdb8b24f-e221-43ce-bdf9-4823cdae3d4a","metadata":{"createdDate":"2018-06-18T13:07:45.739Z","createdByUserId":"e054d8b0-2a67-46ad-9adf-1cc421aea16c"}}
5c12653c-bcb4-45d3-bfb9-ed22e2831118	{"id":"5c12653c-bcb4-45d3-bfb9-ed22e2831118","link":"users/fdb8b24f-e221-43ce-bdf9-4823cdae3d4a","text":"Note number 7 for fdb8b24f-e221-43ce-bdf9-4823cdae3d4a","metadata":{"createdDate":"2018-06-18T13:07:45.739Z","createdByUserId":"e054d8b0-2a67-46ad-9adf-1cc421aea16c"}}
11a596be-298a-47eb-a9b1-dc45db95ff7c	{"id":"11a596be-298a-47eb-a9b1-dc45db95ff7c","link":"users/0ca7c194-db99-414d-8657-5d556ffbdd79","text":"Note number 1 for 0ca7c194-db99-414d-8657-5d556ffbdd79","metadata":{"createdDate":"2018-06-18T13:07:45.739Z","createdByUserId":"e054d8b0-2a67-46ad-9adf-1cc421aea16c"}}
0293ee4b-3700-4edf-b8e2-0643c1c9c470	{"id":"0293ee4b-3700-4edf-b8e2-0643c1c9c470","link":"users/0ca7c194-db99-414d-8657-5d556ffbdd79","text":"Note number 2 for 0ca7c194-db99-414d-8657-5d556ffbdd79","metadata":{"createdDate":"2018-06-18T13:07:45.739Z","createdByUserId":"e054d8b0-2a67-46ad-9adf-1cc421aea16c"}}
c9319c67-eebe-4005-8677-90da975757d0	{"id":"c9319c67-eebe-4005-8677-90da975757d0","link":"users/0ca7c194-db99-414d-8657-5d556ffbdd79","text":"Note number 3 for 0ca7c194-db99-414d-8657-5d556ffbdd79","metadata":{"createdDate":"2018-06-18T13:07:45.739Z","createdByUserId":"e054d8b0-2a67-46ad-9adf-1cc421aea16c"}}
8d11b34d-90b9-4770-9fc3-87ae71a2a05f	{"id":"8d11b34d-90b9-4770-9fc3-87ae71a2a05f","link":"users/0ca7c194-db99-414d-8657-5d556ffbdd79","text":"Note number 4 for 0ca7c194-db99-414d-8657-5d556ffbdd79","metadata":{"createdDate":"2018-06-18T13:07:45.739Z","createdByUserId":"e054d8b0-2a67-46ad-9adf-1cc421aea16c"}}
855df826-1b73-432a-ae48-7716165ac0b3	{"id":"855df826-1b73-432a-ae48-7716165ac0b3","link":"users/0ca7c194-db99-414d-8657-5d556ffbdd79","text":"Note number 5 for 0ca7c194-db99-414d-8657-5d556ffbdd79","metadata":{"createdDate":"2018-06-18T13:07:45.740Z","createdByUserId":"e054d8b0-2a67-46ad-9adf-1cc421aea16c"}}
7146cdb1-6d62-4df3-8003-8c96062fc44b	{"id":"7146cdb1-6d62-4df3-8003-8c96062fc44b","link":"users/0ca7c194-db99-414d-8657-5d556ffbdd79","text":"Note number 6 for 0ca7c194-db99-414d-8657-5d556ffbdd79","metadata":{"createdDate":"2018-06-18T13:07:45.740Z","createdByUserId":"e054d8b0-2a67-46ad-9adf-1cc421aea16c"}}
64498613-eec6-4b03-9a81-eda6a439603f	{"id":"64498613-eec6-4b03-9a81-eda6a439603f","link":"users/0ca7c194-db99-414d-8657-5d556ffbdd79","text":"Note number 7 for 0ca7c194-db99-414d-8657-5d556ffbdd79","metadata":{"createdDate":"2018-06-18T13:07:45.740Z","createdByUserId":"e054d8b0-2a67-46ad-9adf-1cc421aea16c"}}
021b9531-ae32-4608-966b-3904035524c3	{"id":"021b9531-ae32-4608-966b-3904035524c3","link":"users/0ca7c194-db99-414d-8657-5d556ffbdd79","text":"Note number 8 for 0ca7c194-db99-414d-8657-5d556ffbdd79","metadata":{"createdDate":"2018-06-18T13:07:45.740Z","createdByUserId":"e054d8b0-2a67-46ad-9adf-1cc421aea16c"}}
5e52a346-cfa2-4ee2-b74e-aa81cdd90733	{"id":"5e52a346-cfa2-4ee2-b74e-aa81cdd90733","link":"users/7dcabdcc-e3d9-4fef-82fd-89a928b79b9e","text":"Note number 1 for 7dcabdcc-e3d9-4fef-82fd-89a928b79b9e","metadata":{"createdDate":"2018-06-18T13:07:45.740Z","createdByUserId":"e054d8b0-2a67-46ad-9adf-1cc421aea16c"}}
79a1b735-7ee9-45bd-82b1-64c59941c213	{"id":"79a1b735-7ee9-45bd-82b1-64c59941c213","link":"users/dd76c57f-4160-4228-92fa-f5c7cad91d54","text":"Note number 1 for dd76c57f-4160-4228-92fa-f5c7cad91d54","metadata":{"createdDate":"2018-06-18T13:07:45.740Z","createdByUserId":"e054d8b0-2a67-46ad-9adf-1cc421aea16c"}}
3258cb5d-a064-4f6e-a696-cbff16a60402	{"id":"3258cb5d-a064-4f6e-a696-cbff16a60402","link":"users/dd76c57f-4160-4228-92fa-f5c7cad91d54","text":"Note number 2 for dd76c57f-4160-4228-92fa-f5c7cad91d54","metadata":{"createdDate":"2018-06-18T13:07:45.741Z","createdByUserId":"e054d8b0-2a67-46ad-9adf-1cc421aea16c"}}
653c9da0-3c60-4c8e-ba4e-eda03c643b96	{"id":"653c9da0-3c60-4c8e-ba4e-eda03c643b96","link":"users/dd76c57f-4160-4228-92fa-f5c7cad91d54","text":"Note number 3 for dd76c57f-4160-4228-92fa-f5c7cad91d54","metadata":{"createdDate":"2018-06-18T13:07:45.741Z","createdByUserId":"e054d8b0-2a67-46ad-9adf-1cc421aea16c"}}
cd7e6f6a-c0de-4e6a-96e8-af962e7fe87d	{"id":"cd7e6f6a-c0de-4e6a-96e8-af962e7fe87d","link":"users/dd76c57f-4160-4228-92fa-f5c7cad91d54","text":"Note number 4 for dd76c57f-4160-4228-92fa-f5c7cad91d54","metadata":{"createdDate":"2018-06-18T13:07:45.741Z","createdByUserId":"e054d8b0-2a67-46ad-9adf-1cc421aea16c"}}
448669d5-7ac5-4670-bbba-44514422ed99	{"id":"448669d5-7ac5-4670-bbba-44514422ed99","link":"users/dd76c57f-4160-4228-92fa-f5c7cad91d54","text":"Note number 5 for dd76c57f-4160-4228-92fa-f5c7cad91d54","metadata":{"createdDate":"2018-06-18T13:07:45.741Z","createdByUserId":"e054d8b0-2a67-46ad-9adf-1cc421aea16c"}}
d7b473fc-74e4-4ca6-83aa-1de5fe2e48b5	{"id":"d7b473fc-74e4-4ca6-83aa-1de5fe2e48b5","link":"users/dd76c57f-4160-4228-92fa-f5c7cad91d54","text":"Note number 6 for dd76c57f-4160-4228-92fa-f5c7cad91d54","metadata":{"createdDate":"2018-06-18T13:07:45.741Z","createdByUserId":"e054d8b0-2a67-46ad-9adf-1cc421aea16c"}}
066509cc-aadd-40e0-af45-a124d1de488f	{"id":"066509cc-aadd-40e0-af45-a124d1de488f","link":"users/dd76c57f-4160-4228-92fa-f5c7cad91d54","text":"Note number 7 for dd76c57f-4160-4228-92fa-f5c7cad91d54","metadata":{"createdDate":"2018-06-18T13:07:45.741Z","createdByUserId":"e054d8b0-2a67-46ad-9adf-1cc421aea16c"}}
02e868f0-2104-4e41-aec4-5f72f9af8f1c	{"id":"02e868f0-2104-4e41-aec4-5f72f9af8f1c","link":"users/dd76c57f-4160-4228-92fa-f5c7cad91d54","text":"Note number 8 for dd76c57f-4160-4228-92fa-f5c7cad91d54","metadata":{"createdDate":"2018-06-18T13:07:45.741Z","createdByUserId":"e054d8b0-2a67-46ad-9adf-1cc421aea16c"}}
9d7116c5-5cd0-4c48-9cbc-95930b99e2d8	{"id":"9d7116c5-5cd0-4c48-9cbc-95930b99e2d8","link":"users/dd76c57f-4160-4228-92fa-f5c7cad91d54","text":"Note number 9 for dd76c57f-4160-4228-92fa-f5c7cad91d54","metadata":{"createdDate":"2018-06-18T13:07:45.741Z","createdByUserId":"e054d8b0-2a67-46ad-9adf-1cc421aea16c"}}
400756c7-6258-4735-a8c1-6166e09d18d4	{"id":"400756c7-6258-4735-a8c1-6166e09d18d4","link":"users/dd76c57f-4160-4228-92fa-f5c7cad91d54","text":"Note number 10 for dd76c57f-4160-4228-92fa-f5c7cad91d54","metadata":{"createdDate":"2018-06-18T13:07:45.742Z","createdByUserId":"e054d8b0-2a67-46ad-9adf-1cc421aea16c"}}
49972229-8043-463a-815b-1e66768698a3	{"id":"49972229-8043-463a-815b-1e66768698a3","link":"users/b059171d-2931-4d29-ab46-0171bc90d42e","text":"Note number 1 for b059171d-2931-4d29-ab46-0171bc90d42e","metadata":{"createdDate":"2018-06-18T13:07:45.742Z","createdByUserId":"e054d8b0-2a67-46ad-9adf-1cc421aea16c"}}
62b8f546-7ec4-40ee-afe0-8658c83f46fa	{"id":"62b8f546-7ec4-40ee-afe0-8658c83f46fa","link":"users/b059171d-2931-4d29-ab46-0171bc90d42e","text":"Note number 2 for b059171d-2931-4d29-ab46-0171bc90d42e","metadata":{"createdDate":"2018-06-18T13:07:45.742Z","createdByUserId":"e054d8b0-2a67-46ad-9adf-1cc421aea16c"}}
a2ca8fb4-da84-4d3a-aa78-65f8c275f355	{"id":"a2ca8fb4-da84-4d3a-aa78-65f8c275f355","link":"users/b02ebf71-22cc-42ea-9240-5728ae23ed46","text":"Note number 1 for b02ebf71-22cc-42ea-9240-5728ae23ed46","metadata":{"createdDate":"2018-06-18T13:07:45.742Z","createdByUserId":"e054d8b0-2a67-46ad-9adf-1cc421aea16c"}}
7fefd430-0d2b-4a36-b686-50eb911af152	{"id":"7fefd430-0d2b-4a36-b686-50eb911af152","link":"users/b02ebf71-22cc-42ea-9240-5728ae23ed46","text":"Note number 2 for b02ebf71-22cc-42ea-9240-5728ae23ed46","metadata":{"createdDate":"2018-06-18T13:07:45.742Z","createdByUserId":"e054d8b0-2a67-46ad-9adf-1cc421aea16c"}}
975359bf-9ced-4c41-94b7-30f8e21dbf8f	{"id":"975359bf-9ced-4c41-94b7-30f8e21dbf8f","link":"users/b02ebf71-22cc-42ea-9240-5728ae23ed46","text":"Note number 3 for b02ebf71-22cc-42ea-9240-5728ae23ed46","metadata":{"createdDate":"2018-06-18T13:07:45.743Z","createdByUserId":"e054d8b0-2a67-46ad-9adf-1cc421aea16c"}}
5c11d0e2-dab5-440f-a199-6ba3cefaf533	{"id":"5c11d0e2-dab5-440f-a199-6ba3cefaf533","link":"users/69727f7d-7640-4145-be23-7d70cb890949","text":"Note number 1 for 69727f7d-7640-4145-be23-7d70cb890949","metadata":{"createdDate":"2018-06-18T13:07:45.743Z","createdByUserId":"e054d8b0-2a67-46ad-9adf-1cc421aea16c"}}
f172a15b-5e78-4d9f-ae4f-31bec4de2ce4	{"id":"f172a15b-5e78-4d9f-ae4f-31bec4de2ce4","link":"users/69727f7d-7640-4145-be23-7d70cb890949","text":"Note number 2 for 69727f7d-7640-4145-be23-7d70cb890949","metadata":{"createdDate":"2018-06-18T13:07:45.743Z","createdByUserId":"e054d8b0-2a67-46ad-9adf-1cc421aea16c"}}
69bdbda2-0cae-40e7-a748-7163da29e7fe	{"id":"69bdbda2-0cae-40e7-a748-7163da29e7fe","link":"users/69727f7d-7640-4145-be23-7d70cb890949","text":"Note number 3 for 69727f7d-7640-4145-be23-7d70cb890949","metadata":{"createdDate":"2018-06-18T13:07:45.743Z","createdByUserId":"e054d8b0-2a67-46ad-9adf-1cc421aea16c"}}
ae8182b4-5d1c-4e9c-a42e-eafebc2ff61a	{"id":"ae8182b4-5d1c-4e9c-a42e-eafebc2ff61a","link":"users/69727f7d-7640-4145-be23-7d70cb890949","text":"Note number 4 for 69727f7d-7640-4145-be23-7d70cb890949","metadata":{"createdDate":"2018-06-18T13:07:45.743Z","createdByUserId":"e054d8b0-2a67-46ad-9adf-1cc421aea16c"}}
aea500c6-1bd8-46c5-967b-9223ae5830da	{"id":"aea500c6-1bd8-46c5-967b-9223ae5830da","link":"users/69727f7d-7640-4145-be23-7d70cb890949","text":"Note number 5 for 69727f7d-7640-4145-be23-7d70cb890949","metadata":{"createdDate":"2018-06-18T13:07:45.744Z","createdByUserId":"e054d8b0-2a67-46ad-9adf-1cc421aea16c"}}
c7f5c029-029f-4e19-b497-40b72b1c95a5	{"id":"c7f5c029-029f-4e19-b497-40b72b1c95a5","link":"users/69727f7d-7640-4145-be23-7d70cb890949","text":"Note number 6 for 69727f7d-7640-4145-be23-7d70cb890949","metadata":{"createdDate":"2018-06-18T13:07:45.744Z","createdByUserId":"e054d8b0-2a67-46ad-9adf-1cc421aea16c"}}
0b24f84f-69f2-405a-9d06-b9052f2ecd90	{"id":"0b24f84f-69f2-405a-9d06-b9052f2ecd90","link":"users/69727f7d-7640-4145-be23-7d70cb890949","text":"Note number 7 for 69727f7d-7640-4145-be23-7d70cb890949","metadata":{"createdDate":"2018-06-18T13:07:45.744Z","createdByUserId":"e054d8b0-2a67-46ad-9adf-1cc421aea16c"}}
630dd235-25b0-4f7b-a9fe-128ba7cec033	{"id":"630dd235-25b0-4f7b-a9fe-128ba7cec033","link":"users/69727f7d-7640-4145-be23-7d70cb890949","text":"Note number 8 for 69727f7d-7640-4145-be23-7d70cb890949","metadata":{"createdDate":"2018-06-18T13:07:45.744Z","createdByUserId":"e054d8b0-2a67-46ad-9adf-1cc421aea16c"}}
e18b64e5-1a54-4e6e-8217-32bb673d3004	{"id":"e18b64e5-1a54-4e6e-8217-32bb673d3004","link":"users/9c2bde2e-501e-4cdc-9de1-0bf78153a65c","text":"Note number 1 for 9c2bde2e-501e-4cdc-9de1-0bf78153a65c","metadata":{"createdDate":"2018-06-18T13:07:45.744Z","createdByUserId":"e054d8b0-2a67-46ad-9adf-1cc421aea16c"}}
2553283b-04d4-4874-93e2-228cd98ec045	{"id":"2553283b-04d4-4874-93e2-228cd98ec045","link":"users/9c2bde2e-501e-4cdc-9de1-0bf78153a65c","text":"Note number 2 for 9c2bde2e-501e-4cdc-9de1-0bf78153a65c","metadata":{"createdDate":"2018-06-18T13:07:45.745Z","createdByUserId":"e054d8b0-2a67-46ad-9adf-1cc421aea16c"}}
d1c7de5b-1ca8-48b8-9aab-d04b59140d47	{"id":"d1c7de5b-1ca8-48b8-9aab-d04b59140d47","link":"users/9c2bde2e-501e-4cdc-9de1-0bf78153a65c","text":"Note number 3 for 9c2bde2e-501e-4cdc-9de1-0bf78153a65c","metadata":{"createdDate":"2018-06-18T13:07:45.745Z","createdByUserId":"e054d8b0-2a67-46ad-9adf-1cc421aea16c"}}
c955aafe-2e47-46d3-a799-2c1cfe3168e9	{"id":"c955aafe-2e47-46d3-a799-2c1cfe3168e9","link":"users/9c2bde2e-501e-4cdc-9de1-0bf78153a65c","text":"Note number 4 for 9c2bde2e-501e-4cdc-9de1-0bf78153a65c","metadata":{"createdDate":"2018-06-18T13:07:45.745Z","createdByUserId":"e054d8b0-2a67-46ad-9adf-1cc421aea16c"}}
e04926ef-0e6e-454c-8de7-7854478af5ab	{"id":"e04926ef-0e6e-454c-8de7-7854478af5ab","link":"users/9c2bde2e-501e-4cdc-9de1-0bf78153a65c","text":"Note number 5 for 9c2bde2e-501e-4cdc-9de1-0bf78153a65c","metadata":{"createdDate":"2018-06-18T13:07:45.745Z","createdByUserId":"e054d8b0-2a67-46ad-9adf-1cc421aea16c"}}
1102bcb8-3d01-434f-b740-09417355fee9	{"id":"1102bcb8-3d01-434f-b740-09417355fee9","link":"users/9c2bde2e-501e-4cdc-9de1-0bf78153a65c","text":"Note number 6 for 9c2bde2e-501e-4cdc-9de1-0bf78153a65c","metadata":{"createdDate":"2018-06-18T13:07:45.746Z","createdByUserId":"e054d8b0-2a67-46ad-9adf-1cc421aea16c"}}
bac06dd3-6948-45f1-9ae2-c806e6c8643a	{"id":"bac06dd3-6948-45f1-9ae2-c806e6c8643a","link":"users/9c2bde2e-501e-4cdc-9de1-0bf78153a65c","text":"Note number 7 for 9c2bde2e-501e-4cdc-9de1-0bf78153a65c","metadata":{"createdDate":"2018-06-18T13:07:45.746Z","createdByUserId":"e054d8b0-2a67-46ad-9adf-1cc421aea16c"}}
cce8fbb9-a233-4fbd-bab7-e0bc5320bdad	{"id":"cce8fbb9-a233-4fbd-bab7-e0bc5320bdad","link":"users/9c2bde2e-501e-4cdc-9de1-0bf78153a65c","text":"Note number 8 for 9c2bde2e-501e-4cdc-9de1-0bf78153a65c","metadata":{"createdDate":"2018-06-18T13:07:45.746Z","createdByUserId":"e054d8b0-2a67-46ad-9adf-1cc421aea16c"}}
4a72cfa0-a378-41db-8861-67c93ff5b458	{"id":"4a72cfa0-a378-41db-8861-67c93ff5b458","link":"users/9c2bde2e-501e-4cdc-9de1-0bf78153a65c","text":"Note number 9 for 9c2bde2e-501e-4cdc-9de1-0bf78153a65c","metadata":{"createdDate":"2018-06-18T13:07:45.746Z","createdByUserId":"e054d8b0-2a67-46ad-9adf-1cc421aea16c"}}
703dc4a1-f55c-4c87-83fa-ee2909815854	{"id":"703dc4a1-f55c-4c87-83fa-ee2909815854","link":"users/9c2bde2e-501e-4cdc-9de1-0bf78153a65c","text":"Note number 10 for 9c2bde2e-501e-4cdc-9de1-0bf78153a65c","metadata":{"createdDate":"2018-06-18T13:07:45.746Z","createdByUserId":"e054d8b0-2a67-46ad-9adf-1cc421aea16c"}}
b2441e66-33fd-450b-a489-3ef35131b983	{"id":"b2441e66-33fd-450b-a489-3ef35131b983","link":"users/f1577573-f99b-4d7a-8782-1a0c40a46b84","text":"Note number 1 for f1577573-f99b-4d7a-8782-1a0c40a46b84","metadata":{"createdDate":"2018-06-18T13:07:45.747Z","createdByUserId":"e054d8b0-2a67-46ad-9adf-1cc421aea16c"}}
c82d6a61-e626-486a-a71c-c15f9ca0b8df	{"id":"c82d6a61-e626-486a-a71c-c15f9ca0b8df","link":"users/f1577573-f99b-4d7a-8782-1a0c40a46b84","text":"Note number 2 for f1577573-f99b-4d7a-8782-1a0c40a46b84","metadata":{"createdDate":"2018-06-18T13:07:45.747Z","createdByUserId":"e054d8b0-2a67-46ad-9adf-1cc421aea16c"}}
c1912963-bd9d-4554-8ae3-e1a82cd5fc9c	{"id":"c1912963-bd9d-4554-8ae3-e1a82cd5fc9c","link":"users/f1577573-f99b-4d7a-8782-1a0c40a46b84","text":"Note number 3 for f1577573-f99b-4d7a-8782-1a0c40a46b84","metadata":{"createdDate":"2018-06-18T13:07:45.747Z","createdByUserId":"e054d8b0-2a67-46ad-9adf-1cc421aea16c"}}
d6cdb78e-2415-4223-ab53-aaf8bed044fc	{"id":"d6cdb78e-2415-4223-ab53-aaf8bed044fc","link":"users/f1577573-f99b-4d7a-8782-1a0c40a46b84","text":"Note number 4 for f1577573-f99b-4d7a-8782-1a0c40a46b84","metadata":{"createdDate":"2018-06-18T13:07:45.748Z","createdByUserId":"e054d8b0-2a67-46ad-9adf-1cc421aea16c"}}
ca5679e9-5b36-4309-8695-80c91ac073d2	{"id":"ca5679e9-5b36-4309-8695-80c91ac073d2","link":"users/f1577573-f99b-4d7a-8782-1a0c40a46b84","text":"Note number 5 for f1577573-f99b-4d7a-8782-1a0c40a46b84","metadata":{"createdDate":"2018-06-18T13:07:45.748Z","createdByUserId":"e054d8b0-2a67-46ad-9adf-1cc421aea16c"}}
8631aa96-ea4a-4796-9d77-5082f9882340	{"id":"8631aa96-ea4a-4796-9d77-5082f9882340","link":"users/f1577573-f99b-4d7a-8782-1a0c40a46b84","text":"Note number 6 for f1577573-f99b-4d7a-8782-1a0c40a46b84","metadata":{"createdDate":"2018-06-18T13:07:45.748Z","createdByUserId":"e054d8b0-2a67-46ad-9adf-1cc421aea16c"}}
22e343a5-0a9c-427d-912d-b5b6858c8c38	{"id":"22e343a5-0a9c-427d-912d-b5b6858c8c38","link":"users/f1577573-f99b-4d7a-8782-1a0c40a46b84","text":"Note number 7 for f1577573-f99b-4d7a-8782-1a0c40a46b84","metadata":{"createdDate":"2018-06-18T13:07:45.748Z","createdByUserId":"e054d8b0-2a67-46ad-9adf-1cc421aea16c"}}
b509d984-4a9d-4df2-be67-8e1cd56e37aa	{"id":"b509d984-4a9d-4df2-be67-8e1cd56e37aa","link":"users/424cc916-81a3-494f-86b1-ed710560525f","text":"Note number 1 for 424cc916-81a3-494f-86b1-ed710560525f","metadata":{"createdDate":"2018-06-18T13:07:45.748Z","createdByUserId":"e054d8b0-2a67-46ad-9adf-1cc421aea16c"}}
85f3e42f-582c-4ebf-a9ef-2612c188038c	{"id":"85f3e42f-582c-4ebf-a9ef-2612c188038c","link":"users/424cc916-81a3-494f-86b1-ed710560525f","text":"Note number 2 for 424cc916-81a3-494f-86b1-ed710560525f","metadata":{"createdDate":"2018-06-18T13:07:45.748Z","createdByUserId":"e054d8b0-2a67-46ad-9adf-1cc421aea16c"}}
947258f5-e7c3-414b-83b4-435d9342fb4e	{"id":"947258f5-e7c3-414b-83b4-435d9342fb4e","link":"users/424cc916-81a3-494f-86b1-ed710560525f","text":"Note number 3 for 424cc916-81a3-494f-86b1-ed710560525f","metadata":{"createdDate":"2018-06-18T13:07:45.748Z","createdByUserId":"e054d8b0-2a67-46ad-9adf-1cc421aea16c"}}
716306fc-6e1e-4880-8c06-a096cf68c35d	{"id":"716306fc-6e1e-4880-8c06-a096cf68c35d","link":"users/424cc916-81a3-494f-86b1-ed710560525f","text":"Note number 4 for 424cc916-81a3-494f-86b1-ed710560525f","metadata":{"createdDate":"2018-06-18T13:07:45.749Z","createdByUserId":"e054d8b0-2a67-46ad-9adf-1cc421aea16c"}}
32727150-2030-4dea-99e4-f5bcd91aa605	{"id":"32727150-2030-4dea-99e4-f5bcd91aa605","link":"users/424cc916-81a3-494f-86b1-ed710560525f","text":"Note number 5 for 424cc916-81a3-494f-86b1-ed710560525f","metadata":{"createdDate":"2018-06-18T13:07:45.749Z","createdByUserId":"e054d8b0-2a67-46ad-9adf-1cc421aea16c"}}
2ad9a09d-451d-4948-ba59-5e6a11678ae1	{"id":"2ad9a09d-451d-4948-ba59-5e6a11678ae1","link":"users/424cc916-81a3-494f-86b1-ed710560525f","text":"Note number 6 for 424cc916-81a3-494f-86b1-ed710560525f","metadata":{"createdDate":"2018-06-18T13:07:45.749Z","createdByUserId":"e054d8b0-2a67-46ad-9adf-1cc421aea16c"}}
770cacf7-3e3d-4a1d-9342-fccadbd0a66f	{"id":"770cacf7-3e3d-4a1d-9342-fccadbd0a66f","link":"users/424cc916-81a3-494f-86b1-ed710560525f","text":"Note number 7 for 424cc916-81a3-494f-86b1-ed710560525f","metadata":{"createdDate":"2018-06-18T13:07:45.749Z","createdByUserId":"e054d8b0-2a67-46ad-9adf-1cc421aea16c"}}
b1797b89-eac5-4089-9b36-3256360da32e	{"id":"b1797b89-eac5-4089-9b36-3256360da32e","link":"users/424cc916-81a3-494f-86b1-ed710560525f","text":"Note number 8 for 424cc916-81a3-494f-86b1-ed710560525f","metadata":{"createdDate":"2018-06-18T13:07:45.749Z","createdByUserId":"e054d8b0-2a67-46ad-9adf-1cc421aea16c"}}
e34ffed9-874f-46c4-9ea7-eb50d868afb0	{"id":"e34ffed9-874f-46c4-9ea7-eb50d868afb0","link":"users/424cc916-81a3-494f-86b1-ed710560525f","text":"Note number 9 for 424cc916-81a3-494f-86b1-ed710560525f","metadata":{"createdDate":"2018-06-18T13:07:45.749Z","createdByUserId":"e054d8b0-2a67-46ad-9adf-1cc421aea16c"}}
e7759622-a18e-47f1-b7f8-637145835184	{"id":"e7759622-a18e-47f1-b7f8-637145835184","link":"users/d9c91c79-8f92-4ee6-8cac-0e5f43ce2706","text":"Note number 1 for d9c91c79-8f92-4ee6-8cac-0e5f43ce2706","metadata":{"createdDate":"2018-06-18T13:07:45.749Z","createdByUserId":"e054d8b0-2a67-46ad-9adf-1cc421aea16c"}}
998c26b5-6246-4676-9edf-344d796f50e6	{"id":"998c26b5-6246-4676-9edf-344d796f50e6","link":"users/d9c91c79-8f92-4ee6-8cac-0e5f43ce2706","text":"Note number 2 for d9c91c79-8f92-4ee6-8cac-0e5f43ce2706","metadata":{"createdDate":"2018-06-18T13:07:45.749Z","createdByUserId":"e054d8b0-2a67-46ad-9adf-1cc421aea16c"}}
550465dc-e4b6-43be-9ee7-58a0cfd88e21	{"id":"550465dc-e4b6-43be-9ee7-58a0cfd88e21","link":"users/d9c91c79-8f92-4ee6-8cac-0e5f43ce2706","text":"Note number 3 for d9c91c79-8f92-4ee6-8cac-0e5f43ce2706","metadata":{"createdDate":"2018-06-18T13:07:45.750Z","createdByUserId":"e054d8b0-2a67-46ad-9adf-1cc421aea16c"}}
04fa73be-331a-45c6-8c5c-8fa807c83749	{"id":"04fa73be-331a-45c6-8c5c-8fa807c83749","link":"users/d9c91c79-8f92-4ee6-8cac-0e5f43ce2706","text":"Note number 4 for d9c91c79-8f92-4ee6-8cac-0e5f43ce2706","metadata":{"createdDate":"2018-06-18T13:07:45.750Z","createdByUserId":"e054d8b0-2a67-46ad-9adf-1cc421aea16c"}}
619c9c17-a69b-45dd-898c-670f72742558	{"id":"619c9c17-a69b-45dd-898c-670f72742558","link":"users/d9c91c79-8f92-4ee6-8cac-0e5f43ce2706","text":"Note number 5 for d9c91c79-8f92-4ee6-8cac-0e5f43ce2706","metadata":{"createdDate":"2018-06-18T13:07:45.750Z","createdByUserId":"e054d8b0-2a67-46ad-9adf-1cc421aea16c"}}
2e61cfdf-c62e-4e1c-a079-5e796872c623	{"id":"2e61cfdf-c62e-4e1c-a079-5e796872c623","link":"users/d9c91c79-8f92-4ee6-8cac-0e5f43ce2706","text":"Note number 6 for d9c91c79-8f92-4ee6-8cac-0e5f43ce2706","metadata":{"createdDate":"2018-06-18T13:07:45.750Z","createdByUserId":"e054d8b0-2a67-46ad-9adf-1cc421aea16c"}}
e6a2588f-3777-4799-b7a5-637119c499fe	{"id":"e6a2588f-3777-4799-b7a5-637119c499fe","link":"users/d9c91c79-8f92-4ee6-8cac-0e5f43ce2706","text":"Note number 7 for d9c91c79-8f92-4ee6-8cac-0e5f43ce2706","metadata":{"createdDate":"2018-06-18T13:07:45.750Z","createdByUserId":"e054d8b0-2a67-46ad-9adf-1cc421aea16c"}}
89471395-1fd5-4b24-8d2a-9b16f7513693	{"id":"89471395-1fd5-4b24-8d2a-9b16f7513693","link":"users/d9c91c79-8f92-4ee6-8cac-0e5f43ce2706","text":"Note number 8 for d9c91c79-8f92-4ee6-8cac-0e5f43ce2706","metadata":{"createdDate":"2018-06-18T13:07:45.750Z","createdByUserId":"e054d8b0-2a67-46ad-9adf-1cc421aea16c"}}
c53fa84c-bc32-4270-ab47-cb5a88825a6c	{"id":"c53fa84c-bc32-4270-ab47-cb5a88825a6c","link":"users/d9c91c79-8f92-4ee6-8cac-0e5f43ce2706","text":"Note number 9 for d9c91c79-8f92-4ee6-8cac-0e5f43ce2706","metadata":{"createdDate":"2018-06-18T13:07:45.750Z","createdByUserId":"e054d8b0-2a67-46ad-9adf-1cc421aea16c"}}
75aac406-9456-4211-8f5b-fea4ac94b1f9	{"id":"75aac406-9456-4211-8f5b-fea4ac94b1f9","link":"users/d9c91c79-8f92-4ee6-8cac-0e5f43ce2706","text":"Note number 10 for d9c91c79-8f92-4ee6-8cac-0e5f43ce2706","metadata":{"createdDate":"2018-06-18T13:07:45.751Z","createdByUserId":"e054d8b0-2a67-46ad-9adf-1cc421aea16c"}}
7b4313ed-3cf1-4c17-add1-1cce223bf7a3	{"id":"7b4313ed-3cf1-4c17-add1-1cce223bf7a3","link":"users/7834479a-d608-46c6-ab0b-e6f75bda83d7","text":"Note number 1 for 7834479a-d608-46c6-ab0b-e6f75bda83d7","metadata":{"createdDate":"2018-06-18T13:07:45.751Z","createdByUserId":"e054d8b0-2a67-46ad-9adf-1cc421aea16c"}}
bbf4d051-9d60-40f4-882c-383130e57860	{"id":"bbf4d051-9d60-40f4-882c-383130e57860","link":"users/7834479a-d608-46c6-ab0b-e6f75bda83d7","text":"Note number 2 for 7834479a-d608-46c6-ab0b-e6f75bda83d7","metadata":{"createdDate":"2018-06-18T13:07:45.751Z","createdByUserId":"e054d8b0-2a67-46ad-9adf-1cc421aea16c"}}
17161a38-1c0f-457a-ac6a-ad26a5dbfe39	{"id":"17161a38-1c0f-457a-ac6a-ad26a5dbfe39","link":"users/7834479a-d608-46c6-ab0b-e6f75bda83d7","text":"Note number 3 for 7834479a-d608-46c6-ab0b-e6f75bda83d7","metadata":{"createdDate":"2018-06-18T13:07:45.751Z","createdByUserId":"e054d8b0-2a67-46ad-9adf-1cc421aea16c"}}
66b1fa6b-e8a3-4912-878c-c6cf6e7c4722	{"id":"66b1fa6b-e8a3-4912-878c-c6cf6e7c4722","link":"users/7834479a-d608-46c6-ab0b-e6f75bda83d7","text":"Note number 4 for 7834479a-d608-46c6-ab0b-e6f75bda83d7","metadata":{"createdDate":"2018-06-18T13:07:45.751Z","createdByUserId":"e054d8b0-2a67-46ad-9adf-1cc421aea16c"}}
1a2d96f0-f147-4a02-bb81-936dc7bb4c54	{"id":"1a2d96f0-f147-4a02-bb81-936dc7bb4c54","link":"users/86a01402-8549-4932-8c56-b4cd064414de","text":"Note number 1 for 86a01402-8549-4932-8c56-b4cd064414de","metadata":{"createdDate":"2018-06-18T13:07:45.751Z","createdByUserId":"e054d8b0-2a67-46ad-9adf-1cc421aea16c"}}
e7319c1d-8e2e-44c8-8a98-014efd1af417	{"id":"e7319c1d-8e2e-44c8-8a98-014efd1af417","link":"users/86a01402-8549-4932-8c56-b4cd064414de","text":"Note number 2 for 86a01402-8549-4932-8c56-b4cd064414de","metadata":{"createdDate":"2018-06-18T13:07:45.751Z","createdByUserId":"e054d8b0-2a67-46ad-9adf-1cc421aea16c"}}
315b6ab6-4c93-415a-840d-d93bd1c31ce7	{"id":"315b6ab6-4c93-415a-840d-d93bd1c31ce7","link":"users/86a01402-8549-4932-8c56-b4cd064414de","text":"Note number 3 for 86a01402-8549-4932-8c56-b4cd064414de","metadata":{"createdDate":"2018-06-18T13:07:45.751Z","createdByUserId":"e054d8b0-2a67-46ad-9adf-1cc421aea16c"}}
cd6a4362-b443-4518-81ef-d86f278043b8	{"id":"cd6a4362-b443-4518-81ef-d86f278043b8","link":"users/86a01402-8549-4932-8c56-b4cd064414de","text":"Note number 4 for 86a01402-8549-4932-8c56-b4cd064414de","metadata":{"createdDate":"2018-06-18T13:07:45.751Z","createdByUserId":"e054d8b0-2a67-46ad-9adf-1cc421aea16c"}}
ef90cb65-1acc-45f9-8a8c-64d5e3f3fcc8	{"id":"ef90cb65-1acc-45f9-8a8c-64d5e3f3fcc8","link":"users/86a01402-8549-4932-8c56-b4cd064414de","text":"Note number 5 for 86a01402-8549-4932-8c56-b4cd064414de","metadata":{"createdDate":"2018-06-18T13:07:45.752Z","createdByUserId":"e054d8b0-2a67-46ad-9adf-1cc421aea16c"}}
63c6e906-6bc6-4bb3-8187-2b45c00b40c0	{"id":"63c6e906-6bc6-4bb3-8187-2b45c00b40c0","link":"users/86a01402-8549-4932-8c56-b4cd064414de","text":"Note number 6 for 86a01402-8549-4932-8c56-b4cd064414de","metadata":{"createdDate":"2018-06-18T13:07:45.752Z","createdByUserId":"e054d8b0-2a67-46ad-9adf-1cc421aea16c"}}
e14472bb-8c13-4155-bf4b-cfef4f85aabb	{"id":"e14472bb-8c13-4155-bf4b-cfef4f85aabb","link":"users/86a01402-8549-4932-8c56-b4cd064414de","text":"Note number 7 for 86a01402-8549-4932-8c56-b4cd064414de","metadata":{"createdDate":"2018-06-18T13:07:45.752Z","createdByUserId":"e054d8b0-2a67-46ad-9adf-1cc421aea16c"}}
2bd0f3dc-cee3-467c-adef-7c7ef411b267	{"id":"2bd0f3dc-cee3-467c-adef-7c7ef411b267","link":"users/d9648e71-8bcf-432a-a887-6be88c04432b","text":"Note number 1 for d9648e71-8bcf-432a-a887-6be88c04432b","metadata":{"createdDate":"2018-06-18T13:07:45.752Z","createdByUserId":"e054d8b0-2a67-46ad-9adf-1cc421aea16c"}}
79d20179-50e6-40a1-8d13-ff955f730ce6	{"id":"79d20179-50e6-40a1-8d13-ff955f730ce6","link":"users/d9648e71-8bcf-432a-a887-6be88c04432b","text":"Note number 2 for d9648e71-8bcf-432a-a887-6be88c04432b","metadata":{"createdDate":"2018-06-18T13:07:45.752Z","createdByUserId":"e054d8b0-2a67-46ad-9adf-1cc421aea16c"}}
12dbab62-2930-43bf-9519-6ab9bbec8be8	{"id":"12dbab62-2930-43bf-9519-6ab9bbec8be8","link":"users/d9648e71-8bcf-432a-a887-6be88c04432b","text":"Note number 3 for d9648e71-8bcf-432a-a887-6be88c04432b","metadata":{"createdDate":"2018-06-18T13:07:45.752Z","createdByUserId":"e054d8b0-2a67-46ad-9adf-1cc421aea16c"}}
d276aa4c-70d3-4fd2-a2ab-9aaf2d8ac447	{"id":"d276aa4c-70d3-4fd2-a2ab-9aaf2d8ac447","link":"users/d9648e71-8bcf-432a-a887-6be88c04432b","text":"Note number 4 for d9648e71-8bcf-432a-a887-6be88c04432b","metadata":{"createdDate":"2018-06-18T13:07:45.752Z","createdByUserId":"e054d8b0-2a67-46ad-9adf-1cc421aea16c"}}
1e96e112-571d-40c5-9ada-4cab288b535a	{"id":"1e96e112-571d-40c5-9ada-4cab288b535a","link":"users/c4e4ddc5-3700-48ef-ada6-26ea9480c756","text":"Note number 1 for c4e4ddc5-3700-48ef-ada6-26ea9480c756","metadata":{"createdDate":"2018-06-18T13:07:45.752Z","createdByUserId":"e054d8b0-2a67-46ad-9adf-1cc421aea16c"}}
a17236ca-dccc-42ac-a479-1402d18ded7c	{"id":"a17236ca-dccc-42ac-a479-1402d18ded7c","link":"users/c4e4ddc5-3700-48ef-ada6-26ea9480c756","text":"Note number 2 for c4e4ddc5-3700-48ef-ada6-26ea9480c756","metadata":{"createdDate":"2018-06-18T13:07:45.753Z","createdByUserId":"e054d8b0-2a67-46ad-9adf-1cc421aea16c"}}
8e329452-571f-46b9-8e1e-a363283ec8b6	{"id":"8e329452-571f-46b9-8e1e-a363283ec8b6","link":"users/c4e4ddc5-3700-48ef-ada6-26ea9480c756","text":"Note number 3 for c4e4ddc5-3700-48ef-ada6-26ea9480c756","metadata":{"createdDate":"2018-06-18T13:07:45.753Z","createdByUserId":"e054d8b0-2a67-46ad-9adf-1cc421aea16c"}}
f8490249-34a0-4fed-8997-598b3e966b9d	{"id":"f8490249-34a0-4fed-8997-598b3e966b9d","link":"users/c4e4ddc5-3700-48ef-ada6-26ea9480c756","text":"Note number 4 for c4e4ddc5-3700-48ef-ada6-26ea9480c756","metadata":{"createdDate":"2018-06-18T13:07:45.753Z","createdByUserId":"e054d8b0-2a67-46ad-9adf-1cc421aea16c"}}
8bc72164-a5ea-4ef1-b0bc-6870e9d5e27f	{"id":"8bc72164-a5ea-4ef1-b0bc-6870e9d5e27f","link":"users/c4e4ddc5-3700-48ef-ada6-26ea9480c756","text":"Note number 5 for c4e4ddc5-3700-48ef-ada6-26ea9480c756","metadata":{"createdDate":"2018-06-18T13:07:45.753Z","createdByUserId":"e054d8b0-2a67-46ad-9adf-1cc421aea16c"}}
12047c60-1c7a-4bb3-b3dc-1f30d3e939c3	{"id":"12047c60-1c7a-4bb3-b3dc-1f30d3e939c3","link":"users/c4e4ddc5-3700-48ef-ada6-26ea9480c756","text":"Note number 6 for c4e4ddc5-3700-48ef-ada6-26ea9480c756","metadata":{"createdDate":"2018-06-18T13:07:45.753Z","createdByUserId":"e054d8b0-2a67-46ad-9adf-1cc421aea16c"}}
495c83eb-9492-439f-8b8b-e76317906301	{"id":"495c83eb-9492-439f-8b8b-e76317906301","link":"users/64b9df30-166a-40ef-9fa2-b960311a8924","text":"Note number 1 for 64b9df30-166a-40ef-9fa2-b960311a8924","metadata":{"createdDate":"2018-06-18T13:07:45.753Z","createdByUserId":"e054d8b0-2a67-46ad-9adf-1cc421aea16c"}}
e6dead75-b10a-4d56-9c2b-9b3e10611996	{"id":"e6dead75-b10a-4d56-9c2b-9b3e10611996","link":"users/64b9df30-166a-40ef-9fa2-b960311a8924","text":"Note number 2 for 64b9df30-166a-40ef-9fa2-b960311a8924","metadata":{"createdDate":"2018-06-18T13:07:45.753Z","createdByUserId":"e054d8b0-2a67-46ad-9adf-1cc421aea16c"}}
2d9cb4e3-6bd4-4465-97e4-77041cff764c	{"id":"2d9cb4e3-6bd4-4465-97e4-77041cff764c","link":"users/64b9df30-166a-40ef-9fa2-b960311a8924","text":"Note number 3 for 64b9df30-166a-40ef-9fa2-b960311a8924","metadata":{"createdDate":"2018-06-18T13:07:45.753Z","createdByUserId":"e054d8b0-2a67-46ad-9adf-1cc421aea16c"}}
4525178a-f258-4ef7-b1b2-6481d570156a	{"id":"4525178a-f258-4ef7-b1b2-6481d570156a","link":"users/64b9df30-166a-40ef-9fa2-b960311a8924","text":"Note number 4 for 64b9df30-166a-40ef-9fa2-b960311a8924","metadata":{"createdDate":"2018-06-18T13:07:45.753Z","createdByUserId":"e054d8b0-2a67-46ad-9adf-1cc421aea16c"}}
d34f6c1e-c746-4bc2-862e-1a46acd965ce	{"id":"d34f6c1e-c746-4bc2-862e-1a46acd965ce","link":"users/4a928059-648d-4bf7-a568-d19977214a72","text":"Note number 1 for 4a928059-648d-4bf7-a568-d19977214a72","metadata":{"createdDate":"2018-06-18T13:07:45.753Z","createdByUserId":"e054d8b0-2a67-46ad-9adf-1cc421aea16c"}}
13dbfafe-fe39-4c33-8980-955e45e645fd	{"id":"13dbfafe-fe39-4c33-8980-955e45e645fd","link":"users/4a928059-648d-4bf7-a568-d19977214a72","text":"Note number 2 for 4a928059-648d-4bf7-a568-d19977214a72","metadata":{"createdDate":"2018-06-18T13:07:45.754Z","createdByUserId":"e054d8b0-2a67-46ad-9adf-1cc421aea16c"}}
a885703b-fd36-42aa-9377-f60c989c26ba	{"id":"a885703b-fd36-42aa-9377-f60c989c26ba","link":"users/4a928059-648d-4bf7-a568-d19977214a72","text":"Note number 3 for 4a928059-648d-4bf7-a568-d19977214a72","metadata":{"createdDate":"2018-06-18T13:07:45.754Z","createdByUserId":"e054d8b0-2a67-46ad-9adf-1cc421aea16c"}}
da47979b-44dc-4d43-a0ed-f1fbf9c579d6	{"id":"da47979b-44dc-4d43-a0ed-f1fbf9c579d6","link":"users/4a928059-648d-4bf7-a568-d19977214a72","text":"Note number 4 for 4a928059-648d-4bf7-a568-d19977214a72","metadata":{"createdDate":"2018-06-18T13:07:45.754Z","createdByUserId":"e054d8b0-2a67-46ad-9adf-1cc421aea16c"}}
0d1cd563-c23f-42b7-9765-b0fb5cd74bb9	{"id":"0d1cd563-c23f-42b7-9765-b0fb5cd74bb9","link":"users/4a928059-648d-4bf7-a568-d19977214a72","text":"Note number 5 for 4a928059-648d-4bf7-a568-d19977214a72","metadata":{"createdDate":"2018-06-18T13:07:45.754Z","createdByUserId":"e054d8b0-2a67-46ad-9adf-1cc421aea16c"}}
7f7c5503-dc1c-464f-bfe7-d97a3ff68dcb	{"id":"7f7c5503-dc1c-464f-bfe7-d97a3ff68dcb","link":"users/f42d8676-1db4-44b7-af1f-0772a628dbc3","text":"Note number 1 for f42d8676-1db4-44b7-af1f-0772a628dbc3","metadata":{"createdDate":"2018-06-18T13:07:45.754Z","createdByUserId":"e054d8b0-2a67-46ad-9adf-1cc421aea16c"}}
1a81a468-2f82-45ca-8079-c7bcdd772620	{"id":"1a81a468-2f82-45ca-8079-c7bcdd772620","link":"users/f42d8676-1db4-44b7-af1f-0772a628dbc3","text":"Note number 2 for f42d8676-1db4-44b7-af1f-0772a628dbc3","metadata":{"createdDate":"2018-06-18T13:07:45.754Z","createdByUserId":"e054d8b0-2a67-46ad-9adf-1cc421aea16c"}}
b79b094c-ca6a-4590-974a-3bca5977f68f	{"id":"b79b094c-ca6a-4590-974a-3bca5977f68f","link":"users/f42d8676-1db4-44b7-af1f-0772a628dbc3","text":"Note number 3 for f42d8676-1db4-44b7-af1f-0772a628dbc3","metadata":{"createdDate":"2018-06-18T13:07:45.754Z","createdByUserId":"e054d8b0-2a67-46ad-9adf-1cc421aea16c"}}
e775fa69-53c5-4423-8bb2-ec84e1f0a83e	{"id":"e775fa69-53c5-4423-8bb2-ec84e1f0a83e","link":"users/f42d8676-1db4-44b7-af1f-0772a628dbc3","text":"Note number 4 for f42d8676-1db4-44b7-af1f-0772a628dbc3","metadata":{"createdDate":"2018-06-18T13:07:45.754Z","createdByUserId":"e054d8b0-2a67-46ad-9adf-1cc421aea16c"}}
0a63091d-beea-4304-902b-2adf9d58bdd0	{"id":"0a63091d-beea-4304-902b-2adf9d58bdd0","link":"users/f42d8676-1db4-44b7-af1f-0772a628dbc3","text":"Note number 5 for f42d8676-1db4-44b7-af1f-0772a628dbc3","metadata":{"createdDate":"2018-06-18T13:07:45.754Z","createdByUserId":"e054d8b0-2a67-46ad-9adf-1cc421aea16c"}}
58211916-dd2c-4727-88be-401dcf380fdd	{"id":"58211916-dd2c-4727-88be-401dcf380fdd","link":"users/bb30bfc0-dd94-4210-a287-926b29aa9bde","text":"Note number 1 for bb30bfc0-dd94-4210-a287-926b29aa9bde","metadata":{"createdDate":"2018-06-18T13:07:45.755Z","createdByUserId":"e054d8b0-2a67-46ad-9adf-1cc421aea16c"}}
7e48e17f-25e6-42ae-8e70-924faccb0a70	{"id":"7e48e17f-25e6-42ae-8e70-924faccb0a70","link":"users/bb30bfc0-dd94-4210-a287-926b29aa9bde","text":"Note number 2 for bb30bfc0-dd94-4210-a287-926b29aa9bde","metadata":{"createdDate":"2018-06-18T13:07:45.755Z","createdByUserId":"e054d8b0-2a67-46ad-9adf-1cc421aea16c"}}
6e7037e1-e4d6-44c3-87fe-4a3c093ab6df	{"id":"6e7037e1-e4d6-44c3-87fe-4a3c093ab6df","link":"users/bb30bfc0-dd94-4210-a287-926b29aa9bde","text":"Note number 3 for bb30bfc0-dd94-4210-a287-926b29aa9bde","metadata":{"createdDate":"2018-06-18T13:07:45.755Z","createdByUserId":"e054d8b0-2a67-46ad-9adf-1cc421aea16c"}}
f3d333f4-61d4-4ead-97d5-64b22e7913af	{"id":"f3d333f4-61d4-4ead-97d5-64b22e7913af","link":"users/bb30bfc0-dd94-4210-a287-926b29aa9bde","text":"Note number 4 for bb30bfc0-dd94-4210-a287-926b29aa9bde","metadata":{"createdDate":"2018-06-18T13:07:45.755Z","createdByUserId":"e054d8b0-2a67-46ad-9adf-1cc421aea16c"}}
a59c2938-d89d-4e88-8014-83eac6ff7d11	{"id":"a59c2938-d89d-4e88-8014-83eac6ff7d11","link":"users/bb30bfc0-dd94-4210-a287-926b29aa9bde","text":"Note number 5 for bb30bfc0-dd94-4210-a287-926b29aa9bde","metadata":{"createdDate":"2018-06-18T13:07:45.755Z","createdByUserId":"e054d8b0-2a67-46ad-9adf-1cc421aea16c"}}
06e69b6e-ad5d-429d-8861-1afcfcda224e	{"id":"06e69b6e-ad5d-429d-8861-1afcfcda224e","link":"users/432af779-23bf-4062-a571-78a2876e78c1","text":"Note number 1 for 432af779-23bf-4062-a571-78a2876e78c1","metadata":{"createdDate":"2018-06-18T13:07:45.755Z","createdByUserId":"e054d8b0-2a67-46ad-9adf-1cc421aea16c"}}
991d0286-1c58-491d-8c47-eea883649661	{"id":"991d0286-1c58-491d-8c47-eea883649661","link":"users/432af779-23bf-4062-a571-78a2876e78c1","text":"Note number 2 for 432af779-23bf-4062-a571-78a2876e78c1","metadata":{"createdDate":"2018-06-18T13:07:45.755Z","createdByUserId":"e054d8b0-2a67-46ad-9adf-1cc421aea16c"}}
1ce5f2d6-b66d-4098-ba92-08259fa7f4e5	{"id":"1ce5f2d6-b66d-4098-ba92-08259fa7f4e5","link":"users/432af779-23bf-4062-a571-78a2876e78c1","text":"Note number 3 for 432af779-23bf-4062-a571-78a2876e78c1","metadata":{"createdDate":"2018-06-18T13:07:45.755Z","createdByUserId":"e054d8b0-2a67-46ad-9adf-1cc421aea16c"}}
e7b9ef4f-ec65-44a3-ba54-d3578e26c1ca	{"id":"e7b9ef4f-ec65-44a3-ba54-d3578e26c1ca","link":"users/432af779-23bf-4062-a571-78a2876e78c1","text":"Note number 4 for 432af779-23bf-4062-a571-78a2876e78c1","metadata":{"createdDate":"2018-06-18T13:07:45.755Z","createdByUserId":"e054d8b0-2a67-46ad-9adf-1cc421aea16c"}}
c1bed420-a406-4ea7-b69f-d5b6c1397870	{"id":"c1bed420-a406-4ea7-b69f-d5b6c1397870","link":"users/432af779-23bf-4062-a571-78a2876e78c1","text":"Note number 5 for 432af779-23bf-4062-a571-78a2876e78c1","metadata":{"createdDate":"2018-06-18T13:07:45.755Z","createdByUserId":"e054d8b0-2a67-46ad-9adf-1cc421aea16c"}}
cf734840-bc71-47c0-aecc-f029857c314a	{"id":"cf734840-bc71-47c0-aecc-f029857c314a","link":"users/432af779-23bf-4062-a571-78a2876e78c1","text":"Note number 6 for 432af779-23bf-4062-a571-78a2876e78c1","metadata":{"createdDate":"2018-06-18T13:07:45.756Z","createdByUserId":"e054d8b0-2a67-46ad-9adf-1cc421aea16c"}}
74322182-da8b-4241-b3b2-8556aec8410f	{"id":"74322182-da8b-4241-b3b2-8556aec8410f","link":"users/432af779-23bf-4062-a571-78a2876e78c1","text":"Note number 7 for 432af779-23bf-4062-a571-78a2876e78c1","metadata":{"createdDate":"2018-06-18T13:07:45.756Z","createdByUserId":"e054d8b0-2a67-46ad-9adf-1cc421aea16c"}}
13610cee-26ca-4432-95f7-d010a245c02e	{"id":"13610cee-26ca-4432-95f7-d010a245c02e","link":"users/432af779-23bf-4062-a571-78a2876e78c1","text":"Note number 8 for 432af779-23bf-4062-a571-78a2876e78c1","metadata":{"createdDate":"2018-06-18T13:07:45.756Z","createdByUserId":"e054d8b0-2a67-46ad-9adf-1cc421aea16c"}}
af328784-9fd8-4e4c-87da-57879712eafc	{"id":"af328784-9fd8-4e4c-87da-57879712eafc","link":"users/432af779-23bf-4062-a571-78a2876e78c1","text":"Note number 9 for 432af779-23bf-4062-a571-78a2876e78c1","metadata":{"createdDate":"2018-06-18T13:07:45.756Z","createdByUserId":"e054d8b0-2a67-46ad-9adf-1cc421aea16c"}}
b640d02e-68df-4868-a8df-02ea52602d53	{"id":"b640d02e-68df-4868-a8df-02ea52602d53","link":"users/41ea269d-2e9f-4c95-9b5d-85de79313fb2","text":"Note number 1 for 41ea269d-2e9f-4c95-9b5d-85de79313fb2","metadata":{"createdDate":"2018-06-18T13:07:45.756Z","createdByUserId":"e054d8b0-2a67-46ad-9adf-1cc421aea16c"}}
27e3f72e-d573-4897-a78d-df3c345ff8dd	{"id":"27e3f72e-d573-4897-a78d-df3c345ff8dd","link":"users/41ea269d-2e9f-4c95-9b5d-85de79313fb2","text":"Note number 2 for 41ea269d-2e9f-4c95-9b5d-85de79313fb2","metadata":{"createdDate":"2018-06-18T13:07:45.756Z","createdByUserId":"e054d8b0-2a67-46ad-9adf-1cc421aea16c"}}
afaec41c-ff30-42e7-8849-031fd611bd50	{"id":"afaec41c-ff30-42e7-8849-031fd611bd50","link":"users/41ea269d-2e9f-4c95-9b5d-85de79313fb2","text":"Note number 3 for 41ea269d-2e9f-4c95-9b5d-85de79313fb2","metadata":{"createdDate":"2018-06-18T13:07:45.756Z","createdByUserId":"e054d8b0-2a67-46ad-9adf-1cc421aea16c"}}
d76e813b-f790-4c69-ab19-cb50e5aab156	{"id":"d76e813b-f790-4c69-ab19-cb50e5aab156","link":"users/41ea269d-2e9f-4c95-9b5d-85de79313fb2","text":"Note number 4 for 41ea269d-2e9f-4c95-9b5d-85de79313fb2","metadata":{"createdDate":"2018-06-18T13:07:45.756Z","createdByUserId":"e054d8b0-2a67-46ad-9adf-1cc421aea16c"}}
1f1e1fd4-72ed-4e96-bfe6-3743878e3a6a	{"id":"1f1e1fd4-72ed-4e96-bfe6-3743878e3a6a","link":"users/41ea269d-2e9f-4c95-9b5d-85de79313fb2","text":"Note number 5 for 41ea269d-2e9f-4c95-9b5d-85de79313fb2","metadata":{"createdDate":"2018-06-18T13:07:45.756Z","createdByUserId":"e054d8b0-2a67-46ad-9adf-1cc421aea16c"}}
6568fa59-e1ec-44cd-b810-753cbb215505	{"id":"6568fa59-e1ec-44cd-b810-753cbb215505","link":"users/239b43c1-3025-4409-bcd2-3dddd1070048","text":"Note number 1 for 239b43c1-3025-4409-bcd2-3dddd1070048","metadata":{"createdDate":"2018-06-18T13:07:45.756Z","createdByUserId":"e054d8b0-2a67-46ad-9adf-1cc421aea16c"}}
cf594c53-6604-43a7-a97f-d1d0549760a9	{"id":"cf594c53-6604-43a7-a97f-d1d0549760a9","link":"users/239b43c1-3025-4409-bcd2-3dddd1070048","text":"Note number 2 for 239b43c1-3025-4409-bcd2-3dddd1070048","metadata":{"createdDate":"2018-06-18T13:07:45.756Z","createdByUserId":"e054d8b0-2a67-46ad-9adf-1cc421aea16c"}}
461bd775-04c0-4351-aa27-23b6bf553bc4	{"id":"461bd775-04c0-4351-aa27-23b6bf553bc4","link":"users/239b43c1-3025-4409-bcd2-3dddd1070048","text":"Note number 3 for 239b43c1-3025-4409-bcd2-3dddd1070048","metadata":{"createdDate":"2018-06-18T13:07:45.757Z","createdByUserId":"e054d8b0-2a67-46ad-9adf-1cc421aea16c"}}
169da50e-5c3f-4df2-aec8-e8ff365aa804	{"id":"169da50e-5c3f-4df2-aec8-e8ff365aa804","link":"users/6f8345dc-b11a-48ec-80db-2f752e9abea8","text":"Note number 1 for 6f8345dc-b11a-48ec-80db-2f752e9abea8","metadata":{"createdDate":"2018-06-18T13:07:45.757Z","createdByUserId":"e054d8b0-2a67-46ad-9adf-1cc421aea16c"}}
a37e4302-1af8-4767-9474-c484ade90e3c	{"id":"a37e4302-1af8-4767-9474-c484ade90e3c","link":"users/6f8345dc-b11a-48ec-80db-2f752e9abea8","text":"Note number 2 for 6f8345dc-b11a-48ec-80db-2f752e9abea8","metadata":{"createdDate":"2018-06-18T13:07:45.757Z","createdByUserId":"e054d8b0-2a67-46ad-9adf-1cc421aea16c"}}
9cb5f969-e9eb-4407-b519-f7db3b2cec1a	{"id":"9cb5f969-e9eb-4407-b519-f7db3b2cec1a","link":"users/6f8345dc-b11a-48ec-80db-2f752e9abea8","text":"Note number 3 for 6f8345dc-b11a-48ec-80db-2f752e9abea8","metadata":{"createdDate":"2018-06-18T13:07:45.757Z","createdByUserId":"e054d8b0-2a67-46ad-9adf-1cc421aea16c"}}
53314eb5-f123-4aa1-9656-c372225e7656	{"id":"53314eb5-f123-4aa1-9656-c372225e7656","link":"users/6f8345dc-b11a-48ec-80db-2f752e9abea8","text":"Note number 4 for 6f8345dc-b11a-48ec-80db-2f752e9abea8","metadata":{"createdDate":"2018-06-18T13:07:45.757Z","createdByUserId":"e054d8b0-2a67-46ad-9adf-1cc421aea16c"}}
9db377b3-61bc-4e3b-b35f-10a85bb5576f	{"id":"9db377b3-61bc-4e3b-b35f-10a85bb5576f","link":"users/6f8345dc-b11a-48ec-80db-2f752e9abea8","text":"Note number 5 for 6f8345dc-b11a-48ec-80db-2f752e9abea8","metadata":{"createdDate":"2018-06-18T13:07:45.757Z","createdByUserId":"e054d8b0-2a67-46ad-9adf-1cc421aea16c"}}
f6dde484-693e-4b77-a7cf-3cb03499f961	{"id":"f6dde484-693e-4b77-a7cf-3cb03499f961","link":"users/6f8345dc-b11a-48ec-80db-2f752e9abea8","text":"Note number 6 for 6f8345dc-b11a-48ec-80db-2f752e9abea8","metadata":{"createdDate":"2018-06-18T13:07:45.757Z","createdByUserId":"e054d8b0-2a67-46ad-9adf-1cc421aea16c"}}
d39c6a2e-602b-46fe-ad3e-7020e46d0588	{"id":"d39c6a2e-602b-46fe-ad3e-7020e46d0588","link":"users/6f8345dc-b11a-48ec-80db-2f752e9abea8","text":"Note number 7 for 6f8345dc-b11a-48ec-80db-2f752e9abea8","metadata":{"createdDate":"2018-06-18T13:07:45.757Z","createdByUserId":"e054d8b0-2a67-46ad-9adf-1cc421aea16c"}}
3c492607-284e-47d7-8645-bdf0cf55c7a6	{"id":"3c492607-284e-47d7-8645-bdf0cf55c7a6","link":"users/6f8345dc-b11a-48ec-80db-2f752e9abea8","text":"Note number 8 for 6f8345dc-b11a-48ec-80db-2f752e9abea8","metadata":{"createdDate":"2018-06-18T13:07:45.757Z","createdByUserId":"e054d8b0-2a67-46ad-9adf-1cc421aea16c"}}
98928ca7-8705-4866-a863-535594cbe283	{"id":"98928ca7-8705-4866-a863-535594cbe283","link":"users/6f8345dc-b11a-48ec-80db-2f752e9abea8","text":"Note number 9 for 6f8345dc-b11a-48ec-80db-2f752e9abea8","metadata":{"createdDate":"2018-06-18T13:07:45.758Z","createdByUserId":"e054d8b0-2a67-46ad-9adf-1cc421aea16c"}}
0a7e2c1f-808b-416f-99ba-04f14ece61a1	{"id":"0a7e2c1f-808b-416f-99ba-04f14ece61a1","link":"users/347baf22-e670-4862-a908-4bfd368fd4d7","text":"Note number 1 for 347baf22-e670-4862-a908-4bfd368fd4d7","metadata":{"createdDate":"2018-06-18T13:07:45.758Z","createdByUserId":"e054d8b0-2a67-46ad-9adf-1cc421aea16c"}}
a6d33d50-0f0d-4a46-b1ec-46bab79719b8	{"id":"a6d33d50-0f0d-4a46-b1ec-46bab79719b8","link":"users/347baf22-e670-4862-a908-4bfd368fd4d7","text":"Note number 2 for 347baf22-e670-4862-a908-4bfd368fd4d7","metadata":{"createdDate":"2018-06-18T13:07:45.758Z","createdByUserId":"e054d8b0-2a67-46ad-9adf-1cc421aea16c"}}
8714d583-1ce9-4857-83f7-57ec06eaabe7	{"id":"8714d583-1ce9-4857-83f7-57ec06eaabe7","link":"users/347baf22-e670-4862-a908-4bfd368fd4d7","text":"Note number 3 for 347baf22-e670-4862-a908-4bfd368fd4d7","metadata":{"createdDate":"2018-06-18T13:07:45.758Z","createdByUserId":"e054d8b0-2a67-46ad-9adf-1cc421aea16c"}}
9c9322e8-610e-4fdd-86a9-84aac66d5d0e	{"id":"9c9322e8-610e-4fdd-86a9-84aac66d5d0e","link":"users/347baf22-e670-4862-a908-4bfd368fd4d7","text":"Note number 4 for 347baf22-e670-4862-a908-4bfd368fd4d7","metadata":{"createdDate":"2018-06-18T13:07:45.758Z","createdByUserId":"e054d8b0-2a67-46ad-9adf-1cc421aea16c"}}
3658790b-b409-426d-b06d-3685a40ea7ad	{"id":"3658790b-b409-426d-b06d-3685a40ea7ad","link":"users/347baf22-e670-4862-a908-4bfd368fd4d7","text":"Note number 5 for 347baf22-e670-4862-a908-4bfd368fd4d7","metadata":{"createdDate":"2018-06-18T13:07:45.758Z","createdByUserId":"e054d8b0-2a67-46ad-9adf-1cc421aea16c"}}
fd4a4221-4272-4674-9a48-bdc24aa0402f	{"id":"fd4a4221-4272-4674-9a48-bdc24aa0402f","link":"users/b34df869-d435-44d9-9023-ac03a35c50e3","text":"Note number 1 for b34df869-d435-44d9-9023-ac03a35c50e3","metadata":{"createdDate":"2018-06-18T13:07:45.758Z","createdByUserId":"e054d8b0-2a67-46ad-9adf-1cc421aea16c"}}
1ae15b2c-feb3-4e80-8177-1cf9c15ea97a	{"id":"1ae15b2c-feb3-4e80-8177-1cf9c15ea97a","link":"users/b34df869-d435-44d9-9023-ac03a35c50e3","text":"Note number 2 for b34df869-d435-44d9-9023-ac03a35c50e3","metadata":{"createdDate":"2018-06-18T13:07:45.759Z","createdByUserId":"e054d8b0-2a67-46ad-9adf-1cc421aea16c"}}
953a2995-0fb7-47cf-9e3d-3e61164bf76b	{"id":"953a2995-0fb7-47cf-9e3d-3e61164bf76b","link":"users/8d38d301-f60b-43fe-8457-a9bd4246c31d","text":"Note number 1 for 8d38d301-f60b-43fe-8457-a9bd4246c31d","metadata":{"createdDate":"2018-06-18T13:07:45.759Z","createdByUserId":"e054d8b0-2a67-46ad-9adf-1cc421aea16c"}}
affb8ce5-a497-46ea-b286-309e0c4b075c	{"id":"affb8ce5-a497-46ea-b286-309e0c4b075c","link":"users/8d38d301-f60b-43fe-8457-a9bd4246c31d","text":"Note number 2 for 8d38d301-f60b-43fe-8457-a9bd4246c31d","metadata":{"createdDate":"2018-06-18T13:07:45.759Z","createdByUserId":"e054d8b0-2a67-46ad-9adf-1cc421aea16c"}}
053eb996-54de-495b-ae87-de4370f9ec79	{"id":"053eb996-54de-495b-ae87-de4370f9ec79","link":"users/8d38d301-f60b-43fe-8457-a9bd4246c31d","text":"Note number 3 for 8d38d301-f60b-43fe-8457-a9bd4246c31d","metadata":{"createdDate":"2018-06-18T13:07:45.759Z","createdByUserId":"e054d8b0-2a67-46ad-9adf-1cc421aea16c"}}
682fafc3-7209-4360-a4cc-7f3700ad2376	{"id":"682fafc3-7209-4360-a4cc-7f3700ad2376","link":"users/8d38d301-f60b-43fe-8457-a9bd4246c31d","text":"Note number 4 for 8d38d301-f60b-43fe-8457-a9bd4246c31d","metadata":{"createdDate":"2018-06-18T13:07:45.759Z","createdByUserId":"e054d8b0-2a67-46ad-9adf-1cc421aea16c"}}
83f21c03-b0a2-4e60-815b-64ad52a58ba3	{"id":"83f21c03-b0a2-4e60-815b-64ad52a58ba3","link":"users/8d38d301-f60b-43fe-8457-a9bd4246c31d","text":"Note number 5 for 8d38d301-f60b-43fe-8457-a9bd4246c31d","metadata":{"createdDate":"2018-06-18T13:07:45.759Z","createdByUserId":"e054d8b0-2a67-46ad-9adf-1cc421aea16c"}}
0447d3a7-4b51-4122-bac2-2ba7746fd53d	{"id":"0447d3a7-4b51-4122-bac2-2ba7746fd53d","link":"users/8d38d301-f60b-43fe-8457-a9bd4246c31d","text":"Note number 6 for 8d38d301-f60b-43fe-8457-a9bd4246c31d","metadata":{"createdDate":"2018-06-18T13:07:45.759Z","createdByUserId":"e054d8b0-2a67-46ad-9adf-1cc421aea16c"}}
652173d4-51e0-4017-b299-4ee3b8601f3d	{"id":"652173d4-51e0-4017-b299-4ee3b8601f3d","link":"users/8d38d301-f60b-43fe-8457-a9bd4246c31d","text":"Note number 7 for 8d38d301-f60b-43fe-8457-a9bd4246c31d","metadata":{"createdDate":"2018-06-18T13:07:45.759Z","createdByUserId":"e054d8b0-2a67-46ad-9adf-1cc421aea16c"}}
9ca9e703-0495-430b-b158-c7c76f8b2553	{"id":"9ca9e703-0495-430b-b158-c7c76f8b2553","link":"users/8d38d301-f60b-43fe-8457-a9bd4246c31d","text":"Note number 8 for 8d38d301-f60b-43fe-8457-a9bd4246c31d","metadata":{"createdDate":"2018-06-18T13:07:45.759Z","createdByUserId":"e054d8b0-2a67-46ad-9adf-1cc421aea16c"}}
597a5ee5-d188-4680-ba58-48bff619434c	{"id":"597a5ee5-d188-4680-ba58-48bff619434c","link":"users/c7524755-8210-41b5-b0af-fbb4b080a018","text":"Note number 1 for c7524755-8210-41b5-b0af-fbb4b080a018","metadata":{"createdDate":"2018-06-18T13:07:45.760Z","createdByUserId":"e054d8b0-2a67-46ad-9adf-1cc421aea16c"}}
1abac130-4935-4fb7-9ab8-4f18b32393aa	{"id":"1abac130-4935-4fb7-9ab8-4f18b32393aa","link":"users/04943889-8360-4ee4-bbd0-523a754ce590","text":"Note number 1 for 04943889-8360-4ee4-bbd0-523a754ce590","metadata":{"createdDate":"2018-06-18T13:07:45.760Z","createdByUserId":"e054d8b0-2a67-46ad-9adf-1cc421aea16c"}}
b46a9caf-66bb-4830-bbdd-7a21a35155d0	{"id":"b46a9caf-66bb-4830-bbdd-7a21a35155d0","link":"users/476d9a72-0114-4051-93ff-4043ba0a48d2","text":"Note number 1 for 476d9a72-0114-4051-93ff-4043ba0a48d2","metadata":{"createdDate":"2018-06-18T13:07:45.760Z","createdByUserId":"e054d8b0-2a67-46ad-9adf-1cc421aea16c"}}
ee044260-fda9-4b4d-b60e-b877fac634cf	{"id":"ee044260-fda9-4b4d-b60e-b877fac634cf","link":"users/476d9a72-0114-4051-93ff-4043ba0a48d2","text":"Note number 2 for 476d9a72-0114-4051-93ff-4043ba0a48d2","metadata":{"createdDate":"2018-06-18T13:07:45.760Z","createdByUserId":"e054d8b0-2a67-46ad-9adf-1cc421aea16c"}}
20bef14c-2b43-4451-bba5-d87cbbba4c28	{"id":"20bef14c-2b43-4451-bba5-d87cbbba4c28","link":"users/476d9a72-0114-4051-93ff-4043ba0a48d2","text":"Note number 3 for 476d9a72-0114-4051-93ff-4043ba0a48d2","metadata":{"createdDate":"2018-06-18T13:07:45.760Z","createdByUserId":"e054d8b0-2a67-46ad-9adf-1cc421aea16c"}}
396251a6-7893-4343-ad47-23d0dbb6ee61	{"id":"396251a6-7893-4343-ad47-23d0dbb6ee61","link":"users/476d9a72-0114-4051-93ff-4043ba0a48d2","text":"Note number 4 for 476d9a72-0114-4051-93ff-4043ba0a48d2","metadata":{"createdDate":"2018-06-18T13:07:45.760Z","createdByUserId":"e054d8b0-2a67-46ad-9adf-1cc421aea16c"}}
bdb22be9-7191-49cf-8767-85632927c35f	{"id":"bdb22be9-7191-49cf-8767-85632927c35f","link":"users/476d9a72-0114-4051-93ff-4043ba0a48d2","text":"Note number 5 for 476d9a72-0114-4051-93ff-4043ba0a48d2","metadata":{"createdDate":"2018-06-18T13:07:45.760Z","createdByUserId":"e054d8b0-2a67-46ad-9adf-1cc421aea16c"}}
76a229b0-2dfd-435a-be12-f422ae5275b8	{"id":"76a229b0-2dfd-435a-be12-f422ae5275b8","link":"users/476d9a72-0114-4051-93ff-4043ba0a48d2","text":"Note number 6 for 476d9a72-0114-4051-93ff-4043ba0a48d2","metadata":{"createdDate":"2018-06-18T13:07:45.761Z","createdByUserId":"e054d8b0-2a67-46ad-9adf-1cc421aea16c"}}
7f233fa6-47ce-481f-8916-5de109c963e1	{"id":"7f233fa6-47ce-481f-8916-5de109c963e1","link":"users/476d9a72-0114-4051-93ff-4043ba0a48d2","text":"Note number 7 for 476d9a72-0114-4051-93ff-4043ba0a48d2","metadata":{"createdDate":"2018-06-18T13:07:45.761Z","createdByUserId":"e054d8b0-2a67-46ad-9adf-1cc421aea16c"}}
11a062e0-7e95-45fe-90fe-3b3b2c3745c8	{"id":"11a062e0-7e95-45fe-90fe-3b3b2c3745c8","link":"users/476d9a72-0114-4051-93ff-4043ba0a48d2","text":"Note number 8 for 476d9a72-0114-4051-93ff-4043ba0a48d2","metadata":{"createdDate":"2018-06-18T13:07:45.761Z","createdByUserId":"e054d8b0-2a67-46ad-9adf-1cc421aea16c"}}
827e058a-0f26-421f-98ee-b93dd5fa0177	{"id":"827e058a-0f26-421f-98ee-b93dd5fa0177","link":"users/778e892d-a73b-40b6-b72a-259dd1c63c66","text":"Note number 1 for 778e892d-a73b-40b6-b72a-259dd1c63c66","metadata":{"createdDate":"2018-06-18T13:07:45.761Z","createdByUserId":"e054d8b0-2a67-46ad-9adf-1cc421aea16c"}}
cfe27f30-4439-4ce9-af9b-c8ea0df83a18	{"id":"cfe27f30-4439-4ce9-af9b-c8ea0df83a18","link":"users/778e892d-a73b-40b6-b72a-259dd1c63c66","text":"Note number 2 for 778e892d-a73b-40b6-b72a-259dd1c63c66","metadata":{"createdDate":"2018-06-18T13:07:45.761Z","createdByUserId":"e054d8b0-2a67-46ad-9adf-1cc421aea16c"}}
f3a80fef-2a4b-4b5d-bcfd-a5f0fe3f5cfc	{"id":"f3a80fef-2a4b-4b5d-bcfd-a5f0fe3f5cfc","link":"users/93378abd-0e93-442a-85e9-ab0cfeec770e","text":"Note number 1 for 93378abd-0e93-442a-85e9-ab0cfeec770e","metadata":{"createdDate":"2018-06-18T13:07:45.761Z","createdByUserId":"e054d8b0-2a67-46ad-9adf-1cc421aea16c"}}
ac550fe2-5cc6-40cb-a065-bba3b91f6962	{"id":"ac550fe2-5cc6-40cb-a065-bba3b91f6962","link":"users/93378abd-0e93-442a-85e9-ab0cfeec770e","text":"Note number 2 for 93378abd-0e93-442a-85e9-ab0cfeec770e","metadata":{"createdDate":"2018-06-18T13:07:45.761Z","createdByUserId":"e054d8b0-2a67-46ad-9adf-1cc421aea16c"}}
b42dee84-95ea-42e4-96dd-4cd081f83bb2	{"id":"b42dee84-95ea-42e4-96dd-4cd081f83bb2","link":"users/93378abd-0e93-442a-85e9-ab0cfeec770e","text":"Note number 3 for 93378abd-0e93-442a-85e9-ab0cfeec770e","metadata":{"createdDate":"2018-06-18T13:07:45.761Z","createdByUserId":"e054d8b0-2a67-46ad-9adf-1cc421aea16c"}}
af1e18df-e61c-4007-9454-1f4142d63044	{"id":"af1e18df-e61c-4007-9454-1f4142d63044","link":"users/93378abd-0e93-442a-85e9-ab0cfeec770e","text":"Note number 4 for 93378abd-0e93-442a-85e9-ab0cfeec770e","metadata":{"createdDate":"2018-06-18T13:07:45.761Z","createdByUserId":"e054d8b0-2a67-46ad-9adf-1cc421aea16c"}}
18f9c740-e7ba-459b-b5b6-4bbb13b213ae	{"id":"18f9c740-e7ba-459b-b5b6-4bbb13b213ae","link":"users/93378abd-0e93-442a-85e9-ab0cfeec770e","text":"Note number 5 for 93378abd-0e93-442a-85e9-ab0cfeec770e","metadata":{"createdDate":"2018-06-18T13:07:45.762Z","createdByUserId":"e054d8b0-2a67-46ad-9adf-1cc421aea16c"}}
888d4f42-7da9-4d71-87f7-d40f042041f6	{"id":"888d4f42-7da9-4d71-87f7-d40f042041f6","link":"users/93378abd-0e93-442a-85e9-ab0cfeec770e","text":"Note number 6 for 93378abd-0e93-442a-85e9-ab0cfeec770e","metadata":{"createdDate":"2018-06-18T13:07:45.762Z","createdByUserId":"e054d8b0-2a67-46ad-9adf-1cc421aea16c"}}
