f23e3701-44e9-49d3-951c-cfd47838f8bb	{"status":{"name":"Available"},"title":"Plan S. Peterburga s pokazaniem syti konno-zhelyzn dorog.","instanceId":4558716380,"barcode":6841365624,"materialTypeId":"aaef9536-416f-4a40-83fb-900d9f949839","temporaryLoanTypeId":"d3d9fe71-b56e-46f5-a2f0-94a848c03dec","permanentLoanTypeId":"d3d9fe71-b56e-46f5-a2f0-94a848c03dec","location":{"name":"Main Library"},"id":"f23e3701-44e9-49d3-951c-cfd47838f8bb"}	d3d9fe71-b56e-46f5-a2f0-94a848c03dec	d3d9fe71-b56e-46f5-a2f0-94a848c03dec
576124c7-e3df-4973-b09c-43305772d7f4	{"status":{"name":"Available"},"title":"Plan· goroda S. Peterburga, sostavlennyæi po novëiìeæishim· offiëtìsåial§nym· istochnikam· Vtoroe peresmotrëiìennoe i dopolnennoe izdanåie.","instanceId":4151526667,"barcode":8800007906,"materialTypeId":"aaef9536-416f-4a40-83fb-900d9f949839","temporaryLoanTypeId":"d3d9fe71-b56e-46f5-a2f0-94a848c03dec","permanentLoanTypeId":"d3d9fe71-b56e-46f5-a2f0-94a848c03dec","location":{"name":"Main Library"},"id":"576124c7-e3df-4973-b09c-43305772d7f4"}	d3d9fe71-b56e-46f5-a2f0-94a848c03dec	d3d9fe71-b56e-46f5-a2f0-94a848c03dec
47bc3131-5e1f-4ce7-bb86-52eded29958b	{"status":{"name":"Available"},"title":"An ancient mappe of fairyland, newly discovered and set forth [and], A guide to the map of fairyland.","instanceId":2521327630,"barcode":1650441120,"materialTypeId":"aaef9536-416f-4a40-83fb-900d9f949839","temporaryLoanTypeId":"d3d9fe71-b56e-46f5-a2f0-94a848c03dec","permanentLoanTypeId":"d3d9fe71-b56e-46f5-a2f0-94a848c03dec","location":{"name":"Main Library"},"id":"47bc3131-5e1f-4ce7-bb86-52eded29958b"}	d3d9fe71-b56e-46f5-a2f0-94a848c03dec	d3d9fe71-b56e-46f5-a2f0-94a848c03dec
b3a5de1c-1951-462d-a77c-4a3a37d8987b	{"status":{"name":"Available"},"title":"Sketch of part of Aliaska Peninsula and adjacent islands from Coal Cape to Issannakh Strait","instanceId":1471814521,"barcode":788075110,"materialTypeId":"aaef9536-416f-4a40-83fb-900d9f949839","temporaryLoanTypeId":"d3d9fe71-b56e-46f5-a2f0-94a848c03dec","permanentLoanTypeId":"d3d9fe71-b56e-46f5-a2f0-94a848c03dec","location":{"name":"Main Library"},"id":"b3a5de1c-1951-462d-a77c-4a3a37d8987b"}	d3d9fe71-b56e-46f5-a2f0-94a848c03dec	d3d9fe71-b56e-46f5-a2f0-94a848c03dec
7635b853-66da-46bd-9489-bbf6835ed9f0	{"status":{"name":"Available"},"title":"A diagram of the triangulation for the survey of the coast of the United States, made in 1817 and 1833, and the secondary triangles made in 1833 & 1834 in Connecticut & upon Long Island","instanceId":4092571187,"barcode":4627447595,"materialTypeId":"aaef9536-416f-4a40-83fb-900d9f949839","temporaryLoanTypeId":"d3d9fe71-b56e-46f5-a2f0-94a848c03dec","permanentLoanTypeId":"d3d9fe71-b56e-46f5-a2f0-94a848c03dec","location":{"name":"Main Library"},"id":"7635b853-66da-46bd-9489-bbf6835ed9f0"}	d3d9fe71-b56e-46f5-a2f0-94a848c03dec	d3d9fe71-b56e-46f5-a2f0-94a848c03dec
4a8ece64-0d67-488d-b8c2-bb8141682ecd	{"status":{"name":"Available"},"title":"Mount Desert Island, Maine, 1882","instanceId":6504346402,"barcode":3433850253,"materialTypeId":"aaef9536-416f-4a40-83fb-900d9f949839","temporaryLoanTypeId":"d3d9fe71-b56e-46f5-a2f0-94a848c03dec","permanentLoanTypeId":"d3d9fe71-b56e-46f5-a2f0-94a848c03dec","location":{"name":"Main Library"},"id":"4a8ece64-0d67-488d-b8c2-bb8141682ecd"}	d3d9fe71-b56e-46f5-a2f0-94a848c03dec	d3d9fe71-b56e-46f5-a2f0-94a848c03dec
494c01b7-3dbe-49c2-b229-a828e62d54b2	{"status":{"name":"Available"},"title":"North America, Atlantic Coast of the United States Halifax to New York, with southern part of Nova Scotia ","instanceId":8634449793,"barcode":732288119,"materialTypeId":"aaef9536-416f-4a40-83fb-900d9f949839","temporaryLoanTypeId":"d3d9fe71-b56e-46f5-a2f0-94a848c03dec","permanentLoanTypeId":"d3d9fe71-b56e-46f5-a2f0-94a848c03dec","location":{"name":"Main Library"},"id":"494c01b7-3dbe-49c2-b229-a828e62d54b2"}	d3d9fe71-b56e-46f5-a2f0-94a848c03dec	d3d9fe71-b56e-46f5-a2f0-94a848c03dec
dba4fc6a-239b-4c78-a0bf-b7a94c6ab4b7	{"status":{"name":"Available"},"title":"Preliminary sketch of Cape Charles and vicinity","instanceId":2653735519,"barcode":1612973669,"materialTypeId":"aaef9536-416f-4a40-83fb-900d9f949839","temporaryLoanTypeId":"d3d9fe71-b56e-46f5-a2f0-94a848c03dec","permanentLoanTypeId":"d3d9fe71-b56e-46f5-a2f0-94a848c03dec","location":{"name":"Main Library"},"id":"dba4fc6a-239b-4c78-a0bf-b7a94c6ab4b7"}	d3d9fe71-b56e-46f5-a2f0-94a848c03dec	d3d9fe71-b56e-46f5-a2f0-94a848c03dec
0abb3b4d-7214-409d-9b9d-b6e17d182799	{"status":{"name":"Available"},"title":"Sketch of St. Mathew and adjoining islands","instanceId":7652706032,"barcode":1273297029,"materialTypeId":"aaef9536-416f-4a40-83fb-900d9f949839","temporaryLoanTypeId":"d3d9fe71-b56e-46f5-a2f0-94a848c03dec","permanentLoanTypeId":"d3d9fe71-b56e-46f5-a2f0-94a848c03dec","location":{"name":"Main Library"},"id":"0abb3b4d-7214-409d-9b9d-b6e17d182799"}	d3d9fe71-b56e-46f5-a2f0-94a848c03dec	d3d9fe71-b56e-46f5-a2f0-94a848c03dec
d0f36730-821d-401c-a50d-2a18a081643f	{"status":{"name":"Available"},"title":"Sketch of Sannakh Is. and reefs, Alaska Sketch of Northwest and Yukon Harbors, Shumagin Is., Alaska ; Sketch of Acherk Harbor, Sannakh I ; Sketch of Middleton Island, Alaska.","instanceId":9750231784,"barcode":106372110,"materialTypeId":"aaef9536-416f-4a40-83fb-900d9f949839","temporaryLoanTypeId":"d3d9fe71-b56e-46f5-a2f0-94a848c03dec","permanentLoanTypeId":"d3d9fe71-b56e-46f5-a2f0-94a848c03dec","location":{"name":"Main Library"},"id":"d0f36730-821d-401c-a50d-2a18a081643f"}	d3d9fe71-b56e-46f5-a2f0-94a848c03dec	d3d9fe71-b56e-46f5-a2f0-94a848c03dec
ebcf311e-b30b-432f-b856-678dd1298aca	{"status":{"name":"Available"},"title":"Sketch of Semidi Islands, Chirikoff Island and Lighthouse Rocks, Alaska","instanceId":9800399387,"barcode":8405599740,"materialTypeId":"aaef9536-416f-4a40-83fb-900d9f949839","temporaryLoanTypeId":"d3d9fe71-b56e-46f5-a2f0-94a848c03dec","permanentLoanTypeId":"d3d9fe71-b56e-46f5-a2f0-94a848c03dec","location":{"name":"Main Library"},"id":"ebcf311e-b30b-432f-b856-678dd1298aca"}	d3d9fe71-b56e-46f5-a2f0-94a848c03dec	d3d9fe71-b56e-46f5-a2f0-94a848c03dec
105174d1-0661-478d-875b-529a8259f1e1	{"status":{"name":"Available"},"title":"Sketch of the Shumagin Islands, Alaska","instanceId":6795769851,"barcode":1982665111,"materialTypeId":"aaef9536-416f-4a40-83fb-900d9f949839","temporaryLoanTypeId":"d3d9fe71-b56e-46f5-a2f0-94a848c03dec","permanentLoanTypeId":"d3d9fe71-b56e-46f5-a2f0-94a848c03dec","location":{"name":"Main Library"},"id":"105174d1-0661-478d-875b-529a8259f1e1"}	d3d9fe71-b56e-46f5-a2f0-94a848c03dec	d3d9fe71-b56e-46f5-a2f0-94a848c03dec
0ceb7842-4b32-46a8-b6d2-1c4866d2cf4f	{"status":{"name":"Available"},"title":"[Sketch-map of Deer Island and Point Shirley, Boston Harbor, showing changes between 1847 and 1860]","instanceId":5978636982,"barcode":1289752211,"materialTypeId":"aaef9536-416f-4a40-83fb-900d9f949839","temporaryLoanTypeId":"d3d9fe71-b56e-46f5-a2f0-94a848c03dec","permanentLoanTypeId":"d3d9fe71-b56e-46f5-a2f0-94a848c03dec","location":{"name":"Main Library"},"id":"0ceb7842-4b32-46a8-b6d2-1c4866d2cf4f"}	d3d9fe71-b56e-46f5-a2f0-94a848c03dec	d3d9fe71-b56e-46f5-a2f0-94a848c03dec
a820ec12-6d02-419c-9653-85ceb28d0937	{"status":{"name":"Available"},"title":"Map of the department of Dakota, including Minnesota, North Dakota, Montano, Yellowstone National Park, and that portion of South Dakota lying north of the forty-fourth parallel of north latitude","instanceId":146412333,"barcode":829483587,"materialTypeId":"aaef9536-416f-4a40-83fb-900d9f949839","temporaryLoanTypeId":"d3d9fe71-b56e-46f5-a2f0-94a848c03dec","permanentLoanTypeId":"d3d9fe71-b56e-46f5-a2f0-94a848c03dec","location":{"name":"Main Library"},"id":"a820ec12-6d02-419c-9653-85ceb28d0937"}	d3d9fe71-b56e-46f5-a2f0-94a848c03dec	d3d9fe71-b56e-46f5-a2f0-94a848c03dec
a1a1f182-821d-4cc2-bbd7-987f698af52d	{"status":{"name":"Available"},"title":"Coal fields of the United States","instanceId":3774821447,"barcode":7891495029,"materialTypeId":"aaef9536-416f-4a40-83fb-900d9f949839","temporaryLoanTypeId":"d3d9fe71-b56e-46f5-a2f0-94a848c03dec","permanentLoanTypeId":"d3d9fe71-b56e-46f5-a2f0-94a848c03dec","location":{"name":"Main Library"},"id":"a1a1f182-821d-4cc2-bbd7-987f698af52d"}	d3d9fe71-b56e-46f5-a2f0-94a848c03dec	d3d9fe71-b56e-46f5-a2f0-94a848c03dec
656fcd58-e607-4ed1-976e-d493626d313c	{"status":{"name":"Available"},"title":"Dr. Karl von Spruner's Historisch-geographischer Hand-Atlas","instanceId":7411235312,"barcode":9894268484,"materialTypeId":"aaef9536-416f-4a40-83fb-900d9f949839","temporaryLoanTypeId":"d3d9fe71-b56e-46f5-a2f0-94a848c03dec","permanentLoanTypeId":"d3d9fe71-b56e-46f5-a2f0-94a848c03dec","location":{"name":"Main Library"},"id":"656fcd58-e607-4ed1-976e-d493626d313c"}	d3d9fe71-b56e-46f5-a2f0-94a848c03dec	d3d9fe71-b56e-46f5-a2f0-94a848c03dec
5706944e-f18d-4ed6-bc5d-677b7a44d6ac	{"status":{"name":"Available"},"title":"To Iohn Hancock, Esqr. this perspective view of Boston Harbr. Islands & ca., men of war & landing the 29 & 14th Regmts. on the 1st of Octr. 68 as taken from ye end of Long Wharff ","instanceId":755024829,"barcode":6219159083,"materialTypeId":"aaef9536-416f-4a40-83fb-900d9f949839","temporaryLoanTypeId":"d3d9fe71-b56e-46f5-a2f0-94a848c03dec","permanentLoanTypeId":"d3d9fe71-b56e-46f5-a2f0-94a848c03dec","location":{"name":"Main Library"},"id":"5706944e-f18d-4ed6-bc5d-677b7a44d6ac"}	d3d9fe71-b56e-46f5-a2f0-94a848c03dec	d3d9fe71-b56e-46f5-a2f0-94a848c03dec
da26112e-c3ae-4d97-b7e1-4ee5f7ba7054	{"status":{"name":"Available"},"title":"The atlantic pilot","instanceId":6534973717,"barcode":4522720836,"materialTypeId":"aaef9536-416f-4a40-83fb-900d9f949839","temporaryLoanTypeId":"d3d9fe71-b56e-46f5-a2f0-94a848c03dec","permanentLoanTypeId":"d3d9fe71-b56e-46f5-a2f0-94a848c03dec","location":{"name":"Main Library"},"id":"da26112e-c3ae-4d97-b7e1-4ee5f7ba7054"}	d3d9fe71-b56e-46f5-a2f0-94a848c03dec	d3d9fe71-b56e-46f5-a2f0-94a848c03dec
47429e62-90ee-4c43-bd05-cfaedcf360b3	{"status":{"name":"Available"},"title":"Chart of Boston Harbor from the best authorities, 1873.","instanceId":2737390014,"barcode":5250573794,"materialTypeId":"aaef9536-416f-4a40-83fb-900d9f949839","temporaryLoanTypeId":"d3d9fe71-b56e-46f5-a2f0-94a848c03dec","permanentLoanTypeId":"d3d9fe71-b56e-46f5-a2f0-94a848c03dec","location":{"name":"Main Library"},"id":"47429e62-90ee-4c43-bd05-cfaedcf360b3"}	d3d9fe71-b56e-46f5-a2f0-94a848c03dec	d3d9fe71-b56e-46f5-a2f0-94a848c03dec
850a9dc1-848d-4681-a69b-986b5502ad32	{"status":{"name":"Available"},"title":"Boston Inner Harbor Massachusetts","instanceId":9972431617,"barcode":8866438495,"materialTypeId":"aaef9536-416f-4a40-83fb-900d9f949839","temporaryLoanTypeId":"d3d9fe71-b56e-46f5-a2f0-94a848c03dec","permanentLoanTypeId":"d3d9fe71-b56e-46f5-a2f0-94a848c03dec","location":{"name":"Main Library"},"id":"850a9dc1-848d-4681-a69b-986b5502ad32"}	d3d9fe71-b56e-46f5-a2f0-94a848c03dec	d3d9fe71-b56e-46f5-a2f0-94a848c03dec
ed76206e-6f31-4461-8955-c33c7fe71c7a	{"status":{"name":"Available"},"title":"Piano trios, D. 929 [and] D. 897","instanceId":3060580309,"barcode":962168878,"materialTypeId":"0006ea42-7983-46a8-9e0f-36781675d7e1","temporaryLoanTypeId":"8089b526-d2d4-441b-bcf2-f0c61b909a87","permanentLoanTypeId":"8089b526-d2d4-441b-bcf2-f0c61b909a87","location":{"name":"Main Library"},"id":"ed76206e-6f31-4461-8955-c33c7fe71c7a"}	8089b526-d2d4-441b-bcf2-f0c61b909a87	8089b526-d2d4-441b-bcf2-f0c61b909a87
79b15edd-a1da-4967-b7d0-83c9f55bcefd	{"status":{"name":"Checked out"},"title":"In big trouble","instanceId":3649091798,"barcode":"9780792751472","materialTypeId":"0006ea42-7983-46a8-9e0f-36781675d7e1","temporaryLoanTypeId":"8089b526-d2d4-441b-bcf2-f0c61b909a87","permanentLoanTypeId":"8089b526-d2d4-441b-bcf2-f0c61b909a87","location":{"name":"Main Library"},"id":"79b15edd-a1da-4967-b7d0-83c9f55bcefd"}	8089b526-d2d4-441b-bcf2-f0c61b909a87	8089b526-d2d4-441b-bcf2-f0c61b909a87
9388ddda-7ed7-4999-92e6-02a51080eedc	{"status":{"name":"Available"},"title":"Piano music","instanceId":8995282591,"barcode":5271319994,"materialTypeId":"0006ea42-7983-46a8-9e0f-36781675d7e1","temporaryLoanTypeId":"8089b526-d2d4-441b-bcf2-f0c61b909a87","permanentLoanTypeId":"8089b526-d2d4-441b-bcf2-f0c61b909a87","location":{"name":"Main Library"},"id":"9388ddda-7ed7-4999-92e6-02a51080eedc"}	8089b526-d2d4-441b-bcf2-f0c61b909a87	8089b526-d2d4-441b-bcf2-f0c61b909a87
6c433b7d-ee0e-46dc-bf8f-44e6dfaafd46	{"status":{"name":"Available"},"title":"Sinfonien in A KV114, KV134, KV201","instanceId":8158472509,"barcode":1505612600,"materialTypeId":"0006ea42-7983-46a8-9e0f-36781675d7e1","temporaryLoanTypeId":"8089b526-d2d4-441b-bcf2-f0c61b909a87","permanentLoanTypeId":"8089b526-d2d4-441b-bcf2-f0c61b909a87","location":{"name":"Main Library"},"id":"6c433b7d-ee0e-46dc-bf8f-44e6dfaafd46"}	8089b526-d2d4-441b-bcf2-f0c61b909a87	8089b526-d2d4-441b-bcf2-f0c61b909a87
31ed3051-2148-45fa-bef8-1d3fdce032e4	{"status":{"name":"Available"},"title":"Church sonatas (Complete) ","instanceId":5444679228,"barcode":4345193037,"materialTypeId":"0006ea42-7983-46a8-9e0f-36781675d7e1","temporaryLoanTypeId":"8089b526-d2d4-441b-bcf2-f0c61b909a87","permanentLoanTypeId":"8089b526-d2d4-441b-bcf2-f0c61b909a87","location":{"name":"Main Library"},"id":"31ed3051-2148-45fa-bef8-1d3fdce032e4"}	8089b526-d2d4-441b-bcf2-f0c61b909a87	8089b526-d2d4-441b-bcf2-f0c61b909a87
6008008a-b2d4-4a0b-a8b7-86782878f6e6	{"status":{"name":"Checked out"},"title":"The logic of life the rational economics of an irrational world ","instanceId":5836274574,"barcode":"9781415947906","materialTypeId":"0006ea42-7983-46a8-9e0f-36781675d7e1","temporaryLoanTypeId":"8089b526-d2d4-441b-bcf2-f0c61b909a87","permanentLoanTypeId":"8089b526-d2d4-441b-bcf2-f0c61b909a87","location":{"name":"Main Library"},"id":"6008008a-b2d4-4a0b-a8b7-86782878f6e6"}	8089b526-d2d4-441b-bcf2-f0c61b909a87	8089b526-d2d4-441b-bcf2-f0c61b909a87
88da33d4-5057-42bb-ab31-72a37311056a	{"status":{"name":"Available"},"title":"George Washington first in war, first in peace ","instanceId":1394315030,"barcode":4070044341,"materialTypeId":"0006ea42-7983-46a8-9e0f-36781675d7e1","temporaryLoanTypeId":"8089b526-d2d4-441b-bcf2-f0c61b909a87","permanentLoanTypeId":"8089b526-d2d4-441b-bcf2-f0c61b909a87","location":{"name":"Main Library"},"id":"88da33d4-5057-42bb-ab31-72a37311056a"}	8089b526-d2d4-441b-bcf2-f0c61b909a87	8089b526-d2d4-441b-bcf2-f0c61b909a87
15e0f1a0-796c-46ed-a7fc-032c0ae42a4f	{"status":{"name":"Checked out"},"title":"Stranger in paradise a Jesse Stone novel ","instanceId":8281568130,"barcode":"9781415943724","materialTypeId":"0006ea42-7983-46a8-9e0f-36781675d7e1","temporaryLoanTypeId":"8089b526-d2d4-441b-bcf2-f0c61b909a87","permanentLoanTypeId":"8089b526-d2d4-441b-bcf2-f0c61b909a87","location":{"name":"Main Library"},"id":"15e0f1a0-796c-46ed-a7fc-032c0ae42a4f"}	8089b526-d2d4-441b-bcf2-f0c61b909a87	8089b526-d2d4-441b-bcf2-f0c61b909a87
6184cac5-f11c-4342-a0ae-9c66c4a33d35	{"status":{"name":"Available"},"title":"Pilgrim's progress pioneers of American classical music.","instanceId":3419195650,"barcode":4873834413,"materialTypeId":"0006ea42-7983-46a8-9e0f-36781675d7e1","temporaryLoanTypeId":"8089b526-d2d4-441b-bcf2-f0c61b909a87","permanentLoanTypeId":"8089b526-d2d4-441b-bcf2-f0c61b909a87","location":{"name":"Main Library"},"id":"6184cac5-f11c-4342-a0ae-9c66c4a33d35"}	8089b526-d2d4-441b-bcf2-f0c61b909a87	8089b526-d2d4-441b-bcf2-f0c61b909a87
27d89d9f-2a1a-48a2-9425-addd6b0dab65	{"status":{"name":"Available"},"title":"Piano sonatas.","instanceId":7692048531,"barcode":2868830572,"materialTypeId":"0006ea42-7983-46a8-9e0f-36781675d7e1","temporaryLoanTypeId":"8089b526-d2d4-441b-bcf2-f0c61b909a87","permanentLoanTypeId":"8089b526-d2d4-441b-bcf2-f0c61b909a87","location":{"name":"Main Library"},"id":"27d89d9f-2a1a-48a2-9425-addd6b0dab65"}	8089b526-d2d4-441b-bcf2-f0c61b909a87	8089b526-d2d4-441b-bcf2-f0c61b909a87
fd064b8c-83fe-40cf-becb-d97328f36111	{"status":{"name":"Available"},"title":"Violin sonatas nos. 1 and 2","instanceId":698181760,"barcode":9203202132,"materialTypeId":"0006ea42-7983-46a8-9e0f-36781675d7e1","temporaryLoanTypeId":"8089b526-d2d4-441b-bcf2-f0c61b909a87","permanentLoanTypeId":"8089b526-d2d4-441b-bcf2-f0c61b909a87","location":{"name":"Main Library"},"id":"fd064b8c-83fe-40cf-becb-d97328f36111"}	8089b526-d2d4-441b-bcf2-f0c61b909a87	8089b526-d2d4-441b-bcf2-f0c61b909a87
6fc0ea92-32fb-4526-a123-d84c6903a30a	{"status":{"name":"Checked out"},"title":"Kyra a novel ","instanceId":9329755557,"barcode":"9781415947999","materialTypeId":"0006ea42-7983-46a8-9e0f-36781675d7e1","temporaryLoanTypeId":"8089b526-d2d4-441b-bcf2-f0c61b909a87","permanentLoanTypeId":"8089b526-d2d4-441b-bcf2-f0c61b909a87","location":{"name":"Main Library"},"id":"6fc0ea92-32fb-4526-a123-d84c6903a30a"}	8089b526-d2d4-441b-bcf2-f0c61b909a87	8089b526-d2d4-441b-bcf2-f0c61b909a87
3e6e762d-a765-4ec0-8be2-9ffe4b2f23df	{"status":{"name":"Checked out"},"title":"Concerto for violoncello and orchestra Sabbath evening service ; Hagiographa ","instanceId":717321219,"barcode":7826372328,"materialTypeId":"0006ea42-7983-46a8-9e0f-36781675d7e1","temporaryLoanTypeId":"8089b526-d2d4-441b-bcf2-f0c61b909a87","permanentLoanTypeId":"8089b526-d2d4-441b-bcf2-f0c61b909a87","location":{"name":"Main Library"},"id":"3e6e762d-a765-4ec0-8be2-9ffe4b2f23df"}	8089b526-d2d4-441b-bcf2-f0c61b909a87	8089b526-d2d4-441b-bcf2-f0c61b909a87
6d8fc14a-72b1-4b8c-80e2-a71f1e3e94d0	{"status":{"name":"Available"},"title":"Life class a novel ","instanceId":671083947,"barcode":"9780792753612","materialTypeId":"0006ea42-7983-46a8-9e0f-36781675d7e1","temporaryLoanTypeId":"8089b526-d2d4-441b-bcf2-f0c61b909a87","permanentLoanTypeId":"8089b526-d2d4-441b-bcf2-f0c61b909a87","location":{"name":"Main Library"},"id":"6d8fc14a-72b1-4b8c-80e2-a71f1e3e94d0"}	8089b526-d2d4-441b-bcf2-f0c61b909a87	8089b526-d2d4-441b-bcf2-f0c61b909a87
6cf2d134-9d79-4504-a3f4-ccb8155de147	{"status":{"name":"Available"},"title":"Serenade K. 320 'Posthorn' ; Notturno ","instanceId":6392071440,"barcode":3705521460,"materialTypeId":"0006ea42-7983-46a8-9e0f-36781675d7e1","temporaryLoanTypeId":"8089b526-d2d4-441b-bcf2-f0c61b909a87","permanentLoanTypeId":"8089b526-d2d4-441b-bcf2-f0c61b909a87","location":{"name":"Main Library"},"id":"6cf2d134-9d79-4504-a3f4-ccb8155de147"}	8089b526-d2d4-441b-bcf2-f0c61b909a87	8089b526-d2d4-441b-bcf2-f0c61b909a87
6928ca0a-730c-423e-9ba9-fba8c76ce951	{"status":{"name":"Checked out"},"title":"Ambrosian chant early Christian chant of the Ambrosian Rite.","instanceId":8741058277,"barcode":3439013268,"materialTypeId":"0006ea42-7983-46a8-9e0f-36781675d7e1","temporaryLoanTypeId":"8089b526-d2d4-441b-bcf2-f0c61b909a87","permanentLoanTypeId":"8089b526-d2d4-441b-bcf2-f0c61b909a87","location":{"name":"Main Library"},"id":"6928ca0a-730c-423e-9ba9-fba8c76ce951"}	8089b526-d2d4-441b-bcf2-f0c61b909a87	8089b526-d2d4-441b-bcf2-f0c61b909a87
dc267ebd-d57d-4164-86df-b1689d97acce	{"status":{"name":"Available"},"title":"Beyond reach","instanceId":874717880,"barcode":"1423333276","materialTypeId":"0006ea42-7983-46a8-9e0f-36781675d7e1","temporaryLoanTypeId":"8089b526-d2d4-441b-bcf2-f0c61b909a87","permanentLoanTypeId":"8089b526-d2d4-441b-bcf2-f0c61b909a87","location":{"name":"Main Library"},"id":"dc267ebd-d57d-4164-86df-b1689d97acce"}	8089b526-d2d4-441b-bcf2-f0c61b909a87	8089b526-d2d4-441b-bcf2-f0c61b909a87
662e0fc2-2d2c-4bb7-a6c1-b5010dc3c501	{"status":{"name":"Available"},"title":"The appeal","instanceId":555751222,"barcode":"9781415943595","materialTypeId":"0006ea42-7983-46a8-9e0f-36781675d7e1","temporaryLoanTypeId":"8089b526-d2d4-441b-bcf2-f0c61b909a87","permanentLoanTypeId":"8089b526-d2d4-441b-bcf2-f0c61b909a87","location":{"name":"Main Library"},"id":"662e0fc2-2d2c-4bb7-a6c1-b5010dc3c501"}	8089b526-d2d4-441b-bcf2-f0c61b909a87	8089b526-d2d4-441b-bcf2-f0c61b909a87
b93251f0-3a6d-45ef-ac09-15ddd21ec2c4	{"status":{"name":"Checked out"},"title":"String quartets nos. 1 and 2 Piano quintet ","instanceId":1365344233,"barcode":6629672083,"materialTypeId":"0006ea42-7983-46a8-9e0f-36781675d7e1","temporaryLoanTypeId":"8089b526-d2d4-441b-bcf2-f0c61b909a87","permanentLoanTypeId":"8089b526-d2d4-441b-bcf2-f0c61b909a87","location":{"name":"Main Library"},"id":"b93251f0-3a6d-45ef-ac09-15ddd21ec2c4"}	8089b526-d2d4-441b-bcf2-f0c61b909a87	8089b526-d2d4-441b-bcf2-f0c61b909a87
73fbdf3d-dc64-4260-bdbc-f6bbae5f7c26	{"status":{"name":"Available"},"title":"Symphonies nos. 19, 20 and 37","instanceId":1890413904,"barcode":4226930031,"materialTypeId":"0006ea42-7983-46a8-9e0f-36781675d7e1","temporaryLoanTypeId":"8089b526-d2d4-441b-bcf2-f0c61b909a87","permanentLoanTypeId":"8089b526-d2d4-441b-bcf2-f0c61b909a87","location":{"name":"Main Library"},"id":"73fbdf3d-dc64-4260-bdbc-f6bbae5f7c26"}	8089b526-d2d4-441b-bcf2-f0c61b909a87	8089b526-d2d4-441b-bcf2-f0c61b909a87
f6f7b262-e614-4adc-a91e-de472e2ba30a	{"status":{"name":"Checked out"},"title":"Polycrystalline thin-film photovoltaics from the laboratory to solar fields : preprint ","instanceId":6047200070,"barcode":997386065,"materialTypeId":"5f573f8a-2939-4d9e-abd9-325b7987e754","temporaryLoanTypeId":"8089b526-d2d4-441b-bcf2-f0c61b909a87","permanentLoanTypeId":"8089b526-d2d4-441b-bcf2-f0c61b909a87","location":{"name":"Main Library"},"id":"f6f7b262-e614-4adc-a91e-de472e2ba30a"}	8089b526-d2d4-441b-bcf2-f0c61b909a87	8089b526-d2d4-441b-bcf2-f0c61b909a87
e05f8259-9a7b-4d73-aeb8-d144050bda46	{"status":{"name":"Available"},"title":"Celebrate the beauty of youth!","instanceId":7316102872,"barcode":6122597435,"materialTypeId":"5f573f8a-2939-4d9e-abd9-325b7987e754","temporaryLoanTypeId":"8089b526-d2d4-441b-bcf2-f0c61b909a87","permanentLoanTypeId":"8089b526-d2d4-441b-bcf2-f0c61b909a87","location":{"name":"Main Library"},"id":"e05f8259-9a7b-4d73-aeb8-d144050bda46"}	8089b526-d2d4-441b-bcf2-f0c61b909a87	8089b526-d2d4-441b-bcf2-f0c61b909a87
778d9d15-c039-47a5-8ebf-9d805ebe3387	{"status":{"name":"Available"},"title":"The wonderful story of Henry Sugar","instanceId":4146188713,"barcode":"0061135496","materialTypeId":"5f573f8a-2939-4d9e-abd9-325b7987e754","temporaryLoanTypeId":"8089b526-d2d4-441b-bcf2-f0c61b909a87","permanentLoanTypeId":"8089b526-d2d4-441b-bcf2-f0c61b909a87","location":{"name":"Main Library"},"id":"778d9d15-c039-47a5-8ebf-9d805ebe3387"}	8089b526-d2d4-441b-bcf2-f0c61b909a87	8089b526-d2d4-441b-bcf2-f0c61b909a87
af4affef-baab-43f2-bff0-60029421d3c3	{"status":{"name":"Available"},"title":"You can control your weight as you quit smoking","instanceId":2833739383,"barcode":5676725168,"materialTypeId":"5f573f8a-2939-4d9e-abd9-325b7987e754","temporaryLoanTypeId":"8089b526-d2d4-441b-bcf2-f0c61b909a87","permanentLoanTypeId":"8089b526-d2d4-441b-bcf2-f0c61b909a87","location":{"name":"Main Library"},"id":"af4affef-baab-43f2-bff0-60029421d3c3"}	8089b526-d2d4-441b-bcf2-f0c61b909a87	8089b526-d2d4-441b-bcf2-f0c61b909a87
df8df87f-4d9f-41d2-85f8-71a9834e90e2	{"status":{"name":"Checked out"},"title":"Chemical and biological defense updated intelligence, clear guidance, and consistent priorities needed to guide investments in collective protection : report to the Ranking Minority Member, Subcommittee on National Security and International Relations [i.e. Subcommittee on National Security and Foreign Affairs], House Committee on Oversight and Government Reform.","instanceId":4076067471,"barcode":4207692412,"materialTypeId":"5f573f8a-2939-4d9e-abd9-325b7987e754","temporaryLoanTypeId":"8089b526-d2d4-441b-bcf2-f0c61b909a87","permanentLoanTypeId":"8089b526-d2d4-441b-bcf2-f0c61b909a87","location":{"name":"Main Library"},"id":"df8df87f-4d9f-41d2-85f8-71a9834e90e2"}	8089b526-d2d4-441b-bcf2-f0c61b909a87	8089b526-d2d4-441b-bcf2-f0c61b909a87
dde2029f-1420-46af-bb5f-ea39143c3874	{"status":{"name":"Available"},"title":"An assessment of unglazed solar domestic water heaters J. Burch and J. Salasovich, T. Hillman.","instanceId":1904830213,"barcode":6899416205,"materialTypeId":"5f573f8a-2939-4d9e-abd9-325b7987e754","temporaryLoanTypeId":"8089b526-d2d4-441b-bcf2-f0c61b909a87","permanentLoanTypeId":"8089b526-d2d4-441b-bcf2-f0c61b909a87","location":{"name":"Main Library"},"id":"dde2029f-1420-46af-bb5f-ea39143c3874"}	8089b526-d2d4-441b-bcf2-f0c61b909a87	8089b526-d2d4-441b-bcf2-f0c61b909a87
749ea27b-e8cb-49da-b39c-db5694eb16a5	{"status":{"name":"Available"},"title":"Time-series photographs of the sea floor in western Massachusetts Bay, version 1, 1989-1993","instanceId":2764588111,"barcode":4871929438,"materialTypeId":"5f573f8a-2939-4d9e-abd9-325b7987e754","temporaryLoanTypeId":"8089b526-d2d4-441b-bcf2-f0c61b909a87","permanentLoanTypeId":"8089b526-d2d4-441b-bcf2-f0c61b909a87","location":{"name":"Main Library"},"id":"749ea27b-e8cb-49da-b39c-db5694eb16a5"}	8089b526-d2d4-441b-bcf2-f0c61b909a87	8089b526-d2d4-441b-bcf2-f0c61b909a87
8bb49907-fd62-4d26-a494-86b9c13fd1ac	{"status":{"name":"Available"},"title":"Tobacco addiction","instanceId":213345116,"barcode":7708041765,"materialTypeId":"5f573f8a-2939-4d9e-abd9-325b7987e754","temporaryLoanTypeId":"8089b526-d2d4-441b-bcf2-f0c61b909a87","permanentLoanTypeId":"8089b526-d2d4-441b-bcf2-f0c61b909a87","location":{"name":"Main Library"},"id":"8bb49907-fd62-4d26-a494-86b9c13fd1ac"}	8089b526-d2d4-441b-bcf2-f0c61b909a87	8089b526-d2d4-441b-bcf2-f0c61b909a87
8e7fa548-f0cd-4534-a42c-d2dbc728dd56	{"status":{"name":"Available"},"title":"Analysis of residential system strategies targeting least-cost solutions leading to net zero energy homes preprint ","instanceId":6241688900,"barcode":3475844607,"materialTypeId":"5f573f8a-2939-4d9e-abd9-325b7987e754","temporaryLoanTypeId":"8089b526-d2d4-441b-bcf2-f0c61b909a87","permanentLoanTypeId":"8089b526-d2d4-441b-bcf2-f0c61b909a87","location":{"name":"Main Library"},"id":"8e7fa548-f0cd-4534-a42c-d2dbc728dd56"}	8089b526-d2d4-441b-bcf2-f0c61b909a87	8089b526-d2d4-441b-bcf2-f0c61b909a87
10237a13-6e7b-4b95-8456-be7147272967	{"status":{"name":"Checked out"},"title":"The possible costs to the United States of maintaining a long-term military presence in Iraq","instanceId":1516027643,"barcode":4555055777,"materialTypeId":"5f573f8a-2939-4d9e-abd9-325b7987e754","temporaryLoanTypeId":"8089b526-d2d4-441b-bcf2-f0c61b909a87","permanentLoanTypeId":"8089b526-d2d4-441b-bcf2-f0c61b909a87","location":{"name":"Main Library"},"id":"10237a13-6e7b-4b95-8456-be7147272967"}	8089b526-d2d4-441b-bcf2-f0c61b909a87	8089b526-d2d4-441b-bcf2-f0c61b909a87
b28f34f6-60fa-4737-b919-00e46ae70efd	{"status":{"name":"Checked out"},"title":"12th-grade reading and mathematics 2005 National Assessment of Educational Progress.","instanceId":6664064488,"barcode":736749004,"materialTypeId":"5f573f8a-2939-4d9e-abd9-325b7987e754","temporaryLoanTypeId":"8089b526-d2d4-441b-bcf2-f0c61b909a87","permanentLoanTypeId":"8089b526-d2d4-441b-bcf2-f0c61b909a87","location":{"name":"Main Library"},"id":"b28f34f6-60fa-4737-b919-00e46ae70efd"}	8089b526-d2d4-441b-bcf2-f0c61b909a87	8089b526-d2d4-441b-bcf2-f0c61b909a87
2ef3e1b2-59b8-4f0e-9cc2-812147f60c67	{"status":{"name":"Available"},"title":"Los beneficios para la adopciâon proveâidos por los empleadores","instanceId":3710056640,"barcode":5793088295,"materialTypeId":"5f573f8a-2939-4d9e-abd9-325b7987e754","temporaryLoanTypeId":"8089b526-d2d4-441b-bcf2-f0c61b909a87","permanentLoanTypeId":"8089b526-d2d4-441b-bcf2-f0c61b909a87","location":{"name":"Main Library"},"id":"2ef3e1b2-59b8-4f0e-9cc2-812147f60c67"}	8089b526-d2d4-441b-bcf2-f0c61b909a87	8089b526-d2d4-441b-bcf2-f0c61b909a87
dcac9f7c-c740-4521-b70b-8cd6c93998c6	{"status":{"name":"Available"},"title":"Mask market a Burke novel ","instanceId":3120526764,"barcode":"142331705X","materialTypeId":"5f573f8a-2939-4d9e-abd9-325b7987e754","temporaryLoanTypeId":"8089b526-d2d4-441b-bcf2-f0c61b909a87","permanentLoanTypeId":"8089b526-d2d4-441b-bcf2-f0c61b909a87","location":{"name":"Main Library"},"id":"dcac9f7c-c740-4521-b70b-8cd6c93998c6"}	8089b526-d2d4-441b-bcf2-f0c61b909a87	8089b526-d2d4-441b-bcf2-f0c61b909a87
e855423e-aef1-46de-8ef4-27a4104ff860	{"status":{"name":"Available"},"title":"A USGS zonal table for the Upper Cretaceous middle Cenomanian-Maastrichtian of the Western Interior of the United States based on ammonites, inoceramids, and radiometric ages","instanceId":9238169176,"barcode":3155017561,"materialTypeId":"5f573f8a-2939-4d9e-abd9-325b7987e754","temporaryLoanTypeId":"8089b526-d2d4-441b-bcf2-f0c61b909a87","permanentLoanTypeId":"8089b526-d2d4-441b-bcf2-f0c61b909a87","location":{"name":"Main Library"},"id":"e855423e-aef1-46de-8ef4-27a4104ff860"}	8089b526-d2d4-441b-bcf2-f0c61b909a87	8089b526-d2d4-441b-bcf2-f0c61b909a87
98b20377-4b81-43c5-b3dd-187220f4baa8	{"status":{"name":"Checked out"},"title":"Los niänos fuera de peligro y las familias saludables son una repsonsabilidad compartida","instanceId":7141591159,"barcode":7268195623,"materialTypeId":"5f573f8a-2939-4d9e-abd9-325b7987e754","temporaryLoanTypeId":"8089b526-d2d4-441b-bcf2-f0c61b909a87","permanentLoanTypeId":"8089b526-d2d4-441b-bcf2-f0c61b909a87","location":{"name":"Main Library"},"id":"98b20377-4b81-43c5-b3dd-187220f4baa8"}	8089b526-d2d4-441b-bcf2-f0c61b909a87	8089b526-d2d4-441b-bcf2-f0c61b909a87
734634e9-f4a1-4fa7-90a5-abf755f3a03e	{"status":{"name":"Available"},"title":"The heart truth for women the heart truth for African American women : an action plan.","instanceId":7332615109,"barcode":8492236401,"materialTypeId":"5f573f8a-2939-4d9e-abd9-325b7987e754","temporaryLoanTypeId":"8089b526-d2d4-441b-bcf2-f0c61b909a87","permanentLoanTypeId":"8089b526-d2d4-441b-bcf2-f0c61b909a87","location":{"name":"Main Library"},"id":"734634e9-f4a1-4fa7-90a5-abf755f3a03e"}	8089b526-d2d4-441b-bcf2-f0c61b909a87	8089b526-d2d4-441b-bcf2-f0c61b909a87
7d30942c-fbab-4cb8-9703-631fb0b3f4a8	{"status":{"name":"Checked out"},"title":"Câomo estâas? How are you? Quâe hubo?","instanceId":4873813179,"barcode":5531444248,"materialTypeId":"5f573f8a-2939-4d9e-abd9-325b7987e754","temporaryLoanTypeId":"8089b526-d2d4-441b-bcf2-f0c61b909a87","permanentLoanTypeId":"8089b526-d2d4-441b-bcf2-f0c61b909a87","location":{"name":"Main Library"},"id":"7d30942c-fbab-4cb8-9703-631fb0b3f4a8"}	8089b526-d2d4-441b-bcf2-f0c61b909a87	8089b526-d2d4-441b-bcf2-f0c61b909a87
124d0d92-5ed6-4e37-963d-a4fe54e8bce1	{"status":{"name":"Checked out"},"title":"Working safely in trenches Trabajando de manera segura en una trinchera.","instanceId":8677816833,"barcode":8341668552,"materialTypeId":"5f573f8a-2939-4d9e-abd9-325b7987e754","temporaryLoanTypeId":"8089b526-d2d4-441b-bcf2-f0c61b909a87","permanentLoanTypeId":"8089b526-d2d4-441b-bcf2-f0c61b909a87","location":{"name":"Main Library"},"id":"124d0d92-5ed6-4e37-963d-a4fe54e8bce1"}	8089b526-d2d4-441b-bcf2-f0c61b909a87	8089b526-d2d4-441b-bcf2-f0c61b909a87
e0597ee8-fc7f-44c8-9d8d-5f932107ce3b	{"status":{"name":"Checked out"},"title":"Prescription drugs abuse and addiction.","instanceId":4617837626,"barcode":6139933192,"materialTypeId":"5f573f8a-2939-4d9e-abd9-325b7987e754","temporaryLoanTypeId":"8089b526-d2d4-441b-bcf2-f0c61b909a87","permanentLoanTypeId":"8089b526-d2d4-441b-bcf2-f0c61b909a87","location":{"name":"Main Library"},"id":"e0597ee8-fc7f-44c8-9d8d-5f932107ce3b"}	8089b526-d2d4-441b-bcf2-f0c61b909a87	8089b526-d2d4-441b-bcf2-f0c61b909a87
62e912c5-123b-4757-9297-082a3fdfb8b2	{"status":{"name":"Available"},"title":"HIVAIDS among HispanicsLatinos","instanceId":8313011073,"barcode":1418235012,"materialTypeId":"5f573f8a-2939-4d9e-abd9-325b7987e754","temporaryLoanTypeId":"8089b526-d2d4-441b-bcf2-f0c61b909a87","permanentLoanTypeId":"8089b526-d2d4-441b-bcf2-f0c61b909a87","location":{"name":"Main Library"},"id":"62e912c5-123b-4757-9297-082a3fdfb8b2"}	8089b526-d2d4-441b-bcf2-f0c61b909a87	8089b526-d2d4-441b-bcf2-f0c61b909a87
35b4a3c2-f6e8-4573-a781-a89c65b5047d	{"status":{"name":"Available"},"title":"Bibliography of American hymnals compiled from the files of the Dictionary of American hymnology : a project of the Hymn Society of America, Inc. ","instanceId":9857858847,"barcode":802724556,"materialTypeId":"de87b4e1-88bd-44b8-9a98-23d9fc43b97f","temporaryLoanTypeId":"d3d9fe71-b56e-46f5-a2f0-94a848c03dec","permanentLoanTypeId":"d3d9fe71-b56e-46f5-a2f0-94a848c03dec","location":{"name":"Main Library"},"id":"35b4a3c2-f6e8-4573-a781-a89c65b5047d"}	d3d9fe71-b56e-46f5-a2f0-94a848c03dec	d3d9fe71-b56e-46f5-a2f0-94a848c03dec
e58d4b1e-54a2-4427-9896-b96ef9783275	{"status":{"name":"Available"},"title":"Census of Ireland, 1813 [-1911]","instanceId":6339351291,"barcode":6616641611,"materialTypeId":"de87b4e1-88bd-44b8-9a98-23d9fc43b97f","temporaryLoanTypeId":"d3d9fe71-b56e-46f5-a2f0-94a848c03dec","permanentLoanTypeId":"d3d9fe71-b56e-46f5-a2f0-94a848c03dec","location":{"name":"Main Library"},"id":"e58d4b1e-54a2-4427-9896-b96ef9783275"}	d3d9fe71-b56e-46f5-a2f0-94a848c03dec	d3d9fe71-b56e-46f5-a2f0-94a848c03dec
7ea9ccba-3806-4f7c-9a2c-766a601f0ae2	{"status":{"name":"Available"},"title":"Card catalogs of the Harvard University Fine Arts Library","instanceId":5467055504,"barcode":"3598401361359840137X","materialTypeId":"de87b4e1-88bd-44b8-9a98-23d9fc43b97f","temporaryLoanTypeId":"d3d9fe71-b56e-46f5-a2f0-94a848c03dec","permanentLoanTypeId":"d3d9fe71-b56e-46f5-a2f0-94a848c03dec","location":{"name":"Main Library"},"id":"7ea9ccba-3806-4f7c-9a2c-766a601f0ae2"}	d3d9fe71-b56e-46f5-a2f0-94a848c03dec	d3d9fe71-b56e-46f5-a2f0-94a848c03dec
cf9894ef-356f-4b39-ab87-5bb72b4cf40e	{"status":{"name":"Available"},"title":"National inventory of documentary sources in the United States. [Part 1] federal records.","instanceId":8836876743,"barcode":5982097395,"materialTypeId":"de87b4e1-88bd-44b8-9a98-23d9fc43b97f","temporaryLoanTypeId":"d3d9fe71-b56e-46f5-a2f0-94a848c03dec","permanentLoanTypeId":"d3d9fe71-b56e-46f5-a2f0-94a848c03dec","location":{"name":"Main Library"},"id":"cf9894ef-356f-4b39-ab87-5bb72b4cf40e"}	d3d9fe71-b56e-46f5-a2f0-94a848c03dec	d3d9fe71-b56e-46f5-a2f0-94a848c03dec
6891dfb1-d271-47a4-9f0c-98ce2496dde1	{"status":{"name":"Available"},"title":"Wesleyan Methodist archives","instanceId":2934590811,"barcode":4764279351,"materialTypeId":"de87b4e1-88bd-44b8-9a98-23d9fc43b97f","temporaryLoanTypeId":"d3d9fe71-b56e-46f5-a2f0-94a848c03dec","permanentLoanTypeId":"d3d9fe71-b56e-46f5-a2f0-94a848c03dec","location":{"name":"Main Library"},"id":"6891dfb1-d271-47a4-9f0c-98ce2496dde1"}	d3d9fe71-b56e-46f5-a2f0-94a848c03dec	d3d9fe71-b56e-46f5-a2f0-94a848c03dec
29d6538a-0ef6-42ac-ab2c-70a53e526b84	{"status":{"name":"Available"},"title":"Index to volumes of proceedings and official reports of the Music Teachers National Association, 1876-1950","instanceId":4224596551,"barcode":4577417592,"materialTypeId":"de87b4e1-88bd-44b8-9a98-23d9fc43b97f","temporaryLoanTypeId":"d3d9fe71-b56e-46f5-a2f0-94a848c03dec","permanentLoanTypeId":"d3d9fe71-b56e-46f5-a2f0-94a848c03dec","location":{"name":"Main Library"},"id":"29d6538a-0ef6-42ac-ab2c-70a53e526b84"}	d3d9fe71-b56e-46f5-a2f0-94a848c03dec	d3d9fe71-b56e-46f5-a2f0-94a848c03dec
171c0f74-c758-4751-962a-8d02bd2f4f00	{"status":{"name":"Available"},"title":"Index of surnames of householders in Griffith's valuation and tithe applotment books","instanceId":3227582641,"barcode":6257877401,"materialTypeId":"de87b4e1-88bd-44b8-9a98-23d9fc43b97f","temporaryLoanTypeId":"d3d9fe71-b56e-46f5-a2f0-94a848c03dec","permanentLoanTypeId":"d3d9fe71-b56e-46f5-a2f0-94a848c03dec","location":{"name":"Main Library"},"id":"171c0f74-c758-4751-962a-8d02bd2f4f00"}	d3d9fe71-b56e-46f5-a2f0-94a848c03dec	d3d9fe71-b56e-46f5-a2f0-94a848c03dec
336e461f-16d9-4894-bfb0-7e5608e17437	{"status":{"name":"Available"},"title":"Prompt books and actor's copies Theatre Museum, V&A, London.","instanceId":1861139901,"barcode":1450841283,"materialTypeId":"de87b4e1-88bd-44b8-9a98-23d9fc43b97f","temporaryLoanTypeId":"d3d9fe71-b56e-46f5-a2f0-94a848c03dec","permanentLoanTypeId":"d3d9fe71-b56e-46f5-a2f0-94a848c03dec","location":{"name":"Main Library"},"id":"336e461f-16d9-4894-bfb0-7e5608e17437"}	d3d9fe71-b56e-46f5-a2f0-94a848c03dec	d3d9fe71-b56e-46f5-a2f0-94a848c03dec
1f16c1c2-fe65-4eb9-9252-164bfc62055a	{"status":{"name":"Available"},"title":"National inventory of documentary sources in the United States [part 4] academic libraries and other repositories.","instanceId":4704146919,"barcode":86434887,"materialTypeId":"de87b4e1-88bd-44b8-9a98-23d9fc43b97f","temporaryLoanTypeId":"d3d9fe71-b56e-46f5-a2f0-94a848c03dec","permanentLoanTypeId":"d3d9fe71-b56e-46f5-a2f0-94a848c03dec","location":{"name":"Main Library"},"id":"1f16c1c2-fe65-4eb9-9252-164bfc62055a"}	d3d9fe71-b56e-46f5-a2f0-94a848c03dec	d3d9fe71-b56e-46f5-a2f0-94a848c03dec
2a68abb0-af41-4a65-ae22-8b1369e63f89	{"status":{"name":"Available"},"title":"National inventory of documentary sources in the United States [part 3] state archives, libraries and historical societies.","instanceId":3338917559,"barcode":8905717942,"materialTypeId":"de87b4e1-88bd-44b8-9a98-23d9fc43b97f","temporaryLoanTypeId":"d3d9fe71-b56e-46f5-a2f0-94a848c03dec","permanentLoanTypeId":"d3d9fe71-b56e-46f5-a2f0-94a848c03dec","location":{"name":"Main Library"},"id":"2a68abb0-af41-4a65-ae22-8b1369e63f89"}	d3d9fe71-b56e-46f5-a2f0-94a848c03dec	d3d9fe71-b56e-46f5-a2f0-94a848c03dec
6b2c5aa0-2794-4a0b-9fd0-428e3fa857de	{"status":{"name":"Available"},"title":"National inventory of documentary sources in the United States [part 3] state archives, libraries and historical societies : index.","instanceId":2787535539,"barcode":7108074765,"materialTypeId":"de87b4e1-88bd-44b8-9a98-23d9fc43b97f","temporaryLoanTypeId":"d3d9fe71-b56e-46f5-a2f0-94a848c03dec","permanentLoanTypeId":"d3d9fe71-b56e-46f5-a2f0-94a848c03dec","location":{"name":"Main Library"},"id":"6b2c5aa0-2794-4a0b-9fd0-428e3fa857de"}	d3d9fe71-b56e-46f5-a2f0-94a848c03dec	d3d9fe71-b56e-46f5-a2f0-94a848c03dec
20f2059c-de89-4904-b21e-627a1ca34f95	{"status":{"name":"Available"},"title":"The Johannes Herbst collection, c.1752-1812 [a microfiche first edition ... ","instanceId":6352974953,"barcode":350683227,"materialTypeId":"de87b4e1-88bd-44b8-9a98-23d9fc43b97f","temporaryLoanTypeId":"d3d9fe71-b56e-46f5-a2f0-94a848c03dec","permanentLoanTypeId":"d3d9fe71-b56e-46f5-a2f0-94a848c03dec","location":{"name":"Main Library"},"id":"20f2059c-de89-4904-b21e-627a1ca34f95"}	d3d9fe71-b56e-46f5-a2f0-94a848c03dec	d3d9fe71-b56e-46f5-a2f0-94a848c03dec
dd20f5ad-c7c2-4b3c-87ba-370d3fd11fbd	{"status":{"name":"Available"},"title":"British and Irish biographies, 1840-1940.","instanceId":1175771298,"barcode":5369511617,"materialTypeId":"de87b4e1-88bd-44b8-9a98-23d9fc43b97f","temporaryLoanTypeId":"d3d9fe71-b56e-46f5-a2f0-94a848c03dec","permanentLoanTypeId":"d3d9fe71-b56e-46f5-a2f0-94a848c03dec","location":{"name":"Main Library"},"id":"dd20f5ad-c7c2-4b3c-87ba-370d3fd11fbd"}	d3d9fe71-b56e-46f5-a2f0-94a848c03dec	d3d9fe71-b56e-46f5-a2f0-94a848c03dec
942f54e0-8472-4e3c-8476-5c6ae9feff45	{"status":{"name":"Available"},"title":"The national tune index [18th century secular music] ","instanceId":4564958366,"barcode":4305355373,"materialTypeId":"de87b4e1-88bd-44b8-9a98-23d9fc43b97f","temporaryLoanTypeId":"d3d9fe71-b56e-46f5-a2f0-94a848c03dec","permanentLoanTypeId":"d3d9fe71-b56e-46f5-a2f0-94a848c03dec","location":{"name":"Main Library"},"id":"942f54e0-8472-4e3c-8476-5c6ae9feff45"}	d3d9fe71-b56e-46f5-a2f0-94a848c03dec	d3d9fe71-b56e-46f5-a2f0-94a848c03dec
19c287a1-ea3d-477b-99a0-c79eb38e0160	{"status":{"name":"Available"},"title":"General valuation of rateable property in Ireland","instanceId":734765783,"barcode":5848796005,"materialTypeId":"de87b4e1-88bd-44b8-9a98-23d9fc43b97f","temporaryLoanTypeId":"d3d9fe71-b56e-46f5-a2f0-94a848c03dec","permanentLoanTypeId":"d3d9fe71-b56e-46f5-a2f0-94a848c03dec","location":{"name":"Main Library"},"id":"19c287a1-ea3d-477b-99a0-c79eb38e0160"}	d3d9fe71-b56e-46f5-a2f0-94a848c03dec	d3d9fe71-b56e-46f5-a2f0-94a848c03dec
746e168c-eea2-4e90-a3f7-fcb2b22a22a3	{"status":{"name":"Available"},"title":"Deutsches biographisches Archiv eine Kumulation aus 254 wichstigsten biographischen Nachschlagewerke fèur den deutschen Bereich bis zum Ausgang des neunzehnten Jahrhunderts.","instanceId":9254492342,"barcode":"3598304102","materialTypeId":"de87b4e1-88bd-44b8-9a98-23d9fc43b97f","temporaryLoanTypeId":"d3d9fe71-b56e-46f5-a2f0-94a848c03dec","permanentLoanTypeId":"d3d9fe71-b56e-46f5-a2f0-94a848c03dec","location":{"name":"Main Library"},"id":"746e168c-eea2-4e90-a3f7-fcb2b22a22a3"}	d3d9fe71-b56e-46f5-a2f0-94a848c03dec	d3d9fe71-b56e-46f5-a2f0-94a848c03dec
02205d8a-503e-4048-bb14-16aa1ac9b34a	{"status":{"name":"Available"},"title":"[Yiddish clssics on microfiche]","instanceId":6341267135,"barcode":3858215809,"materialTypeId":"de87b4e1-88bd-44b8-9a98-23d9fc43b97f","temporaryLoanTypeId":"d3d9fe71-b56e-46f5-a2f0-94a848c03dec","permanentLoanTypeId":"d3d9fe71-b56e-46f5-a2f0-94a848c03dec","location":{"name":"Main Library"},"id":"02205d8a-503e-4048-bb14-16aa1ac9b34a"}	d3d9fe71-b56e-46f5-a2f0-94a848c03dec	d3d9fe71-b56e-46f5-a2f0-94a848c03dec
91fa6970-e470-4255-bdd0-b9ff7c96dbe7	{"status":{"name":"Available"},"title":"Archives","instanceId":1201217181,"barcode":4385373270,"materialTypeId":"de87b4e1-88bd-44b8-9a98-23d9fc43b97f","temporaryLoanTypeId":"d3d9fe71-b56e-46f5-a2f0-94a848c03dec","permanentLoanTypeId":"d3d9fe71-b56e-46f5-a2f0-94a848c03dec","location":{"name":"Main Library"},"id":"91fa6970-e470-4255-bdd0-b9ff7c96dbe7"}	d3d9fe71-b56e-46f5-a2f0-94a848c03dec	d3d9fe71-b56e-46f5-a2f0-94a848c03dec
91dd541e-1680-4407-abe2-b3a5a458b144	{"status":{"name":"Available"},"title":"Epic spirit in Robert Lowell's ''Lord Weary's Castle''","instanceId":8438080119,"barcode":998717532,"materialTypeId":"9a6667a0-41c0-4208-a36c-ea35555ea19b","temporaryLoanTypeId":"d3d9fe71-b56e-46f5-a2f0-94a848c03dec","permanentLoanTypeId":"d3d9fe71-b56e-46f5-a2f0-94a848c03dec","location":{"name":"Main Library"},"id":"91dd541e-1680-4407-abe2-b3a5a458b144"}	d3d9fe71-b56e-46f5-a2f0-94a848c03dec	d3d9fe71-b56e-46f5-a2f0-94a848c03dec
dbbaadaf-3265-456a-87fd-1248750f30ee	{"status":{"name":"Available"},"title":"A study of the schoolmasters of seventeenth century Newbury, Massachusetts","instanceId":1102859218,"barcode":1041603532,"materialTypeId":"9a6667a0-41c0-4208-a36c-ea35555ea19b","temporaryLoanTypeId":"d3d9fe71-b56e-46f5-a2f0-94a848c03dec","permanentLoanTypeId":"d3d9fe71-b56e-46f5-a2f0-94a848c03dec","location":{"name":"Main Library"},"id":"dbbaadaf-3265-456a-87fd-1248750f30ee"}	d3d9fe71-b56e-46f5-a2f0-94a848c03dec	d3d9fe71-b56e-46f5-a2f0-94a848c03dec
90a78940-4b4e-438b-8f75-2b523523df31	{"status":{"name":"Available"},"title":"The shifting voice a study of Robert Lowell's ","instanceId":9237599446,"barcode":9662853848,"materialTypeId":"9a6667a0-41c0-4208-a36c-ea35555ea19b","temporaryLoanTypeId":"d3d9fe71-b56e-46f5-a2f0-94a848c03dec","permanentLoanTypeId":"d3d9fe71-b56e-46f5-a2f0-94a848c03dec","location":{"name":"Main Library"},"id":"90a78940-4b4e-438b-8f75-2b523523df31"}	d3d9fe71-b56e-46f5-a2f0-94a848c03dec	d3d9fe71-b56e-46f5-a2f0-94a848c03dec
406401aa-d54b-46d3-a991-d8b1f9f1cd22	{"status":{"name":"Available"},"title":"Harvard alumni in colonial America demographic, theological and political perspectives ","instanceId":6629324464,"barcode":58327826,"materialTypeId":"9a6667a0-41c0-4208-a36c-ea35555ea19b","temporaryLoanTypeId":"d3d9fe71-b56e-46f5-a2f0-94a848c03dec","permanentLoanTypeId":"d3d9fe71-b56e-46f5-a2f0-94a848c03dec","location":{"name":"Main Library"},"id":"406401aa-d54b-46d3-a991-d8b1f9f1cd22"}	d3d9fe71-b56e-46f5-a2f0-94a848c03dec	d3d9fe71-b56e-46f5-a2f0-94a848c03dec
2423ef6a-cce7-4de0-bd34-69f242224ef4	{"status":{"name":"Available"},"title":"The house of the imagined past Hawthorne, Dickens, and James ","instanceId":6427818624,"barcode":7926048091,"materialTypeId":"9a6667a0-41c0-4208-a36c-ea35555ea19b","temporaryLoanTypeId":"d3d9fe71-b56e-46f5-a2f0-94a848c03dec","permanentLoanTypeId":"d3d9fe71-b56e-46f5-a2f0-94a848c03dec","location":{"name":"Main Library"},"id":"2423ef6a-cce7-4de0-bd34-69f242224ef4"}	d3d9fe71-b56e-46f5-a2f0-94a848c03dec	d3d9fe71-b56e-46f5-a2f0-94a848c03dec
118b0346-4340-46b4-a7f5-b3e3cc5f5182	{"status":{"name":"Available"},"title":"The poetic personae of Robert Lowell","instanceId":8283876835,"barcode":4083602929,"materialTypeId":"9a6667a0-41c0-4208-a36c-ea35555ea19b","temporaryLoanTypeId":"d3d9fe71-b56e-46f5-a2f0-94a848c03dec","permanentLoanTypeId":"d3d9fe71-b56e-46f5-a2f0-94a848c03dec","location":{"name":"Main Library"},"id":"118b0346-4340-46b4-a7f5-b3e3cc5f5182"}	d3d9fe71-b56e-46f5-a2f0-94a848c03dec	d3d9fe71-b56e-46f5-a2f0-94a848c03dec
2a9f9553-a458-40b8-b933-c5341a6783ac	{"status":{"name":"Available"},"title":"The Gay Head landslides, Martha's Vineyard, Massachusetts causes and remedies ","instanceId":2230995850,"barcode":1007105143,"materialTypeId":"9a6667a0-41c0-4208-a36c-ea35555ea19b","temporaryLoanTypeId":"d3d9fe71-b56e-46f5-a2f0-94a848c03dec","permanentLoanTypeId":"d3d9fe71-b56e-46f5-a2f0-94a848c03dec","location":{"name":"Main Library"},"id":"2a9f9553-a458-40b8-b933-c5341a6783ac"}	d3d9fe71-b56e-46f5-a2f0-94a848c03dec	d3d9fe71-b56e-46f5-a2f0-94a848c03dec
3d815fcf-0238-4d46-85c7-5fb918e9bbd7	{"status":{"name":"Available"},"title":"Winter ecology of maritime black ducks (Anas rubripes) in Massachusetts with special reference to Nauset Marsh, Orleans and Eastham ","instanceId":4857705951,"barcode":684329331,"materialTypeId":"9a6667a0-41c0-4208-a36c-ea35555ea19b","temporaryLoanTypeId":"d3d9fe71-b56e-46f5-a2f0-94a848c03dec","permanentLoanTypeId":"d3d9fe71-b56e-46f5-a2f0-94a848c03dec","location":{"name":"Main Library"},"id":"3d815fcf-0238-4d46-85c7-5fb918e9bbd7"}	d3d9fe71-b56e-46f5-a2f0-94a848c03dec	d3d9fe71-b56e-46f5-a2f0-94a848c03dec
6605b2be-265b-46ad-aa54-5461dbccfbeb	{"status":{"name":"Available"},"title":"Family and society in the early seventeenth century Massachusetts Bay area","instanceId":2567194432,"barcode":5179760249,"materialTypeId":"9a6667a0-41c0-4208-a36c-ea35555ea19b","temporaryLoanTypeId":"d3d9fe71-b56e-46f5-a2f0-94a848c03dec","permanentLoanTypeId":"d3d9fe71-b56e-46f5-a2f0-94a848c03dec","location":{"name":"Main Library"},"id":"6605b2be-265b-46ad-aa54-5461dbccfbeb"}	d3d9fe71-b56e-46f5-a2f0-94a848c03dec	d3d9fe71-b56e-46f5-a2f0-94a848c03dec
07773cfa-487f-43df-8a45-54853a0fed2e	{"status":{"name":"Available"},"title":"A study of the lives and work of five black women composers in America","instanceId":3757908097,"barcode":3249474655,"materialTypeId":"9a6667a0-41c0-4208-a36c-ea35555ea19b","temporaryLoanTypeId":"d3d9fe71-b56e-46f5-a2f0-94a848c03dec","permanentLoanTypeId":"d3d9fe71-b56e-46f5-a2f0-94a848c03dec","location":{"name":"Main Library"},"id":"07773cfa-487f-43df-8a45-54853a0fed2e"}	d3d9fe71-b56e-46f5-a2f0-94a848c03dec	d3d9fe71-b56e-46f5-a2f0-94a848c03dec
a439c165-cb79-4167-8965-ddef65483ca0	{"status":{"name":"Available"},"title":"Robert Lowell the development of his poetry ","instanceId":9354847232,"barcode":6917182337,"materialTypeId":"9a6667a0-41c0-4208-a36c-ea35555ea19b","temporaryLoanTypeId":"d3d9fe71-b56e-46f5-a2f0-94a848c03dec","permanentLoanTypeId":"d3d9fe71-b56e-46f5-a2f0-94a848c03dec","location":{"name":"Main Library"},"id":"a439c165-cb79-4167-8965-ddef65483ca0"}	d3d9fe71-b56e-46f5-a2f0-94a848c03dec	d3d9fe71-b56e-46f5-a2f0-94a848c03dec
4f7c842c-4b6f-4011-b185-045ca37c935a	{"status":{"name":"Available"},"title":"The medicalization of insanity a social history of the McLean asylum for the insane, 1811-1856 ","instanceId":8740476534,"barcode":6571698728,"materialTypeId":"9a6667a0-41c0-4208-a36c-ea35555ea19b","temporaryLoanTypeId":"d3d9fe71-b56e-46f5-a2f0-94a848c03dec","permanentLoanTypeId":"d3d9fe71-b56e-46f5-a2f0-94a848c03dec","location":{"name":"Main Library"},"id":"4f7c842c-4b6f-4011-b185-045ca37c935a"}	d3d9fe71-b56e-46f5-a2f0-94a848c03dec	d3d9fe71-b56e-46f5-a2f0-94a848c03dec
915719e5-0264-4621-b3a8-78941ce38f2a	{"status":{"name":"Available"},"title":"Establishing theater in a provincial New England city Sringfield, Massachusetts, 1820-1900 ","instanceId":7388296011,"barcode":4611180728,"materialTypeId":"9a6667a0-41c0-4208-a36c-ea35555ea19b","temporaryLoanTypeId":"d3d9fe71-b56e-46f5-a2f0-94a848c03dec","permanentLoanTypeId":"d3d9fe71-b56e-46f5-a2f0-94a848c03dec","location":{"name":"Main Library"},"id":"915719e5-0264-4621-b3a8-78941ce38f2a"}	d3d9fe71-b56e-46f5-a2f0-94a848c03dec	d3d9fe71-b56e-46f5-a2f0-94a848c03dec
3db62605-e0d9-425c-8d08-c23e211bed05	{"status":{"name":"Available"},"title":"A Toulmin analysis of the argumentation patterns in selected speeches of Joseph Kennedy, John Kennedy, Robert Kennedy, and Edward Kennedy","instanceId":7562715645,"barcode":8280306408,"materialTypeId":"9a6667a0-41c0-4208-a36c-ea35555ea19b","temporaryLoanTypeId":"d3d9fe71-b56e-46f5-a2f0-94a848c03dec","permanentLoanTypeId":"d3d9fe71-b56e-46f5-a2f0-94a848c03dec","location":{"name":"Main Library"},"id":"3db62605-e0d9-425c-8d08-c23e211bed05"}	d3d9fe71-b56e-46f5-a2f0-94a848c03dec	d3d9fe71-b56e-46f5-a2f0-94a848c03dec
c3795a94-4082-4461-881f-366ba8c6746b	{"status":{"name":"Available"},"title":"A unified concept of drumlins based on an investigation of Eastern Massachusetts drumlins","instanceId":6071084837,"barcode":3021471072,"materialTypeId":"9a6667a0-41c0-4208-a36c-ea35555ea19b","temporaryLoanTypeId":"d3d9fe71-b56e-46f5-a2f0-94a848c03dec","permanentLoanTypeId":"d3d9fe71-b56e-46f5-a2f0-94a848c03dec","location":{"name":"Main Library"},"id":"c3795a94-4082-4461-881f-366ba8c6746b"}	d3d9fe71-b56e-46f5-a2f0-94a848c03dec	d3d9fe71-b56e-46f5-a2f0-94a848c03dec
e2db0ca6-7b90-4b86-8d78-663bbe8f6f82	{"status":{"name":"Available"},"title":"Classification shelf list","instanceId":34309004,"barcode":4306055132,"materialTypeId":"9a6667a0-41c0-4208-a36c-ea35555ea19b","temporaryLoanTypeId":"d3d9fe71-b56e-46f5-a2f0-94a848c03dec","permanentLoanTypeId":"d3d9fe71-b56e-46f5-a2f0-94a848c03dec","location":{"name":"Main Library"},"id":"e2db0ca6-7b90-4b86-8d78-663bbe8f6f82"}	d3d9fe71-b56e-46f5-a2f0-94a848c03dec	d3d9fe71-b56e-46f5-a2f0-94a848c03dec
dcf4e987-2681-4911-9cd2-3314896412b6	{"status":{"name":"Available"},"title":"Pre-1900 Canadiana microfiche edition.","instanceId":8598304731,"barcode":2610530734,"materialTypeId":"9a6667a0-41c0-4208-a36c-ea35555ea19b","temporaryLoanTypeId":"d3d9fe71-b56e-46f5-a2f0-94a848c03dec","permanentLoanTypeId":"d3d9fe71-b56e-46f5-a2f0-94a848c03dec","location":{"name":"Main Library"},"id":"dcf4e987-2681-4911-9cd2-3314896412b6"}	d3d9fe71-b56e-46f5-a2f0-94a848c03dec	d3d9fe71-b56e-46f5-a2f0-94a848c03dec
1cf7a08a-d4c9-446e-9edb-4c86f3e1dc62	{"status":{"name":"Available"},"title":"1890 New York census index of Civil War veterans or their widows","instanceId":269566315,"barcode":"0914311573","materialTypeId":"9a6667a0-41c0-4208-a36c-ea35555ea19b","temporaryLoanTypeId":"d3d9fe71-b56e-46f5-a2f0-94a848c03dec","permanentLoanTypeId":"d3d9fe71-b56e-46f5-a2f0-94a848c03dec","location":{"name":"Main Library"},"id":"1cf7a08a-d4c9-446e-9edb-4c86f3e1dc62"}	d3d9fe71-b56e-46f5-a2f0-94a848c03dec	d3d9fe71-b56e-46f5-a2f0-94a848c03dec
1d283eca-fe1e-4921-bf38-1c78b8965084	{"status":{"name":"Available"},"title":"The diaries of Dwight D. Eisenhower, 1953-1969","instanceId":2756542899,"barcode":"089093889X","materialTypeId":"9a6667a0-41c0-4208-a36c-ea35555ea19b","temporaryLoanTypeId":"d3d9fe71-b56e-46f5-a2f0-94a848c03dec","permanentLoanTypeId":"d3d9fe71-b56e-46f5-a2f0-94a848c03dec","location":{"name":"Main Library"},"id":"1d283eca-fe1e-4921-bf38-1c78b8965084"}	d3d9fe71-b56e-46f5-a2f0-94a848c03dec	d3d9fe71-b56e-46f5-a2f0-94a848c03dec
de33abd7-2fe3-4ce4-a9ff-d14ffc27f77f	{"status":{"name":"Available"},"title":"Dictionary of American hymnology first line index : a project of the Hymn Society of America ","instanceId":6680964714,"barcode":7045763959,"materialTypeId":"9a6667a0-41c0-4208-a36c-ea35555ea19b","temporaryLoanTypeId":"d3d9fe71-b56e-46f5-a2f0-94a848c03dec","permanentLoanTypeId":"d3d9fe71-b56e-46f5-a2f0-94a848c03dec","location":{"name":"Main Library"},"id":"de33abd7-2fe3-4ce4-a9ff-d14ffc27f77f"}	d3d9fe71-b56e-46f5-a2f0-94a848c03dec	d3d9fe71-b56e-46f5-a2f0-94a848c03dec
